Date,Exercise,Category,Weight,Weight Unit,Reps,Distance,Distance Unit,Time,Comment
2022-09-12,Wyciskanie na płaskiej,Chest,35.0,kgs,5,,,,""
2022-09-12,Wyciskanie na płaskiej,Chest,35.0,kgs,5,,,,""
2022-09-12,Wyciskanie na płaskiej,Chest,35.0,kgs,5,,,,""
2022-09-12,Wyciskanie na płaskiej,Chest,35.0,kgs,5,,,,""
2022-09-12,Wyciskanie na płaskiej,Chest,35.0,kgs,5,,,,""
2022-09-12,Wyciskanie na barki hantlami siedząc,Shoulders,8.0,kgs,5,,,,""
2022-09-12,Wyciskanie na barki hantlami siedząc,Shoulders,8.0,kgs,5,,,,""
2022-09-12,Wyciskanie na barki hantlami siedząc,Shoulders,8.0,kgs,5,,,,""
2022-09-12,Wznosy hantli bokiem,Shoulders,4.0,kgs,8,,,,""
2022-09-12,Wznosy hantli bokiem,Shoulders,4.0,kgs,8,,,,""
2022-09-12,Wznosy hantli bokiem,Shoulders,4.0,kgs,8,,,,""
2022-09-12,Rope pulldown,Triceps,9.0,kgs,8,,,,""
2022-09-12,Rope pulldown,Triceps,9.0,kgs,8,,,,""
2022-09-12,Rope pulldown,Triceps,9.0,kgs,8,,,,""
2022-09-12,Rope pulldown,Triceps,9.0,kgs,8,,,,""
2022-09-12,Rope pulldown,Triceps,9.0,kgs,8,,,,""
2022-09-13,OHP,Shoulders,25.0,kgs,10,,,,""
2022-09-13,OHP,Shoulders,25.0,kgs,10,,,,""
2022-09-13,OHP,Shoulders,25.0,kgs,10,,,,""
2022-09-13,OHP,Shoulders,25.0,kgs,10,,,,""
2022-09-13,PullUp,Back,,,1,,,,""
2022-09-13,PullUp,Back,,,1,,,,""
2022-09-13,PullUp,Back,,,1,,,,""
2022-09-13,Negatywy,Back,,,3,,,,""
2022-09-13,Negatywy,Back,,,3,,,,""
2022-09-13,Negatywy,Back,,,3,,,,""
2022-09-13,Negatywy,Back,,,3,,,,""
2022-09-13,Negatywy,Back,,,3,,,,""
2022-09-13,Modlitewnik sztanga,Biceps,18.0,kgs,8,,,,""
2022-09-13,Modlitewnik sztanga,Biceps,18.0,kgs,8,,,,""
2022-09-13,Modlitewnik sztanga,Biceps,18.0,kgs,8,,,,""
2022-09-13,Modlitewnik sztanga,Biceps,18.0,kgs,8,,,,""
2022-09-15,Przysiad bułgarski,Legs,16.0,kgs,8,,,,""
2022-09-15,Przysiad bułgarski,Legs,16.0,kgs,8,,,,""
2022-09-15,Przysiad bułgarski,Legs,16.0,kgs,8,,,,""
2022-09-15,Przysiad bułgarski,Legs,16.0,kgs,8,,,,""
2022-09-15,Przysiad bułgarski,Legs,16.0,kgs,8,,,,""
2022-09-15,Przysiad ze sztangą,Back,30.0,kgs,12,,,,""
2022-09-15,Przysiad ze sztangą,Back,30.0,kgs,12,,,,""
2022-09-15,Przysiad ze sztangą,Back,30.0,kgs,12,,,,""
2022-09-15,Przysiad ze sztangą,Back,30.0,kgs,12,,,,""
2022-09-15,Przysiad ze sztangą,Back,30.0,kgs,12,,,,""
2022-09-15,Negatywy,Back,,,1,,,,""
2022-09-15,Negatywy,Back,,,1,,,,""
2022-09-15,Negatywy,Back,,,1,,,,""
2022-09-15,Leg press,Legs,45.0,kgs,6,,,,""
2022-09-15,Leg press,Legs,45.0,kgs,6,,,,""
2022-09-15,Leg press,Legs,45.0,kgs,6,,,,""
2022-09-15,Leg press,Legs,45.0,kgs,6,,,,""
2022-09-15,Leg press,Legs,45.0,kgs,6,,,,""
2022-09-15,Calf raises na maszynie,Legs,73.0,kgs,5,,,,""
2022-09-15,Calf raises na maszynie,Legs,73.0,kgs,5,,,,""
2022-09-15,Calf raises na maszynie,Legs,73.0,kgs,5,,,,""
2022-09-15,Leg extension,Legs,45.0,kgs,12,,,,""
2022-09-15,Leg extension,Legs,45.0,kgs,12,,,,""
2022-09-15,Leg extension,Legs,45.0,kgs,12,,,,""
2022-09-15,Leg extension,Legs,45.0,kgs,12,,,,""
2022-09-15,Leg extension,Legs,45.0,kgs,12,,,,""
2022-09-16,Wyciskanie na płaskiej,Chest,37.5,kgs,5,,,,""
2022-09-16,Wyciskanie na płaskiej,Chest,37.5,kgs,5,,,,""
2022-09-16,Wyciskanie na płaskiej,Chest,37.5,kgs,5,,,,""
2022-09-16,Wyciskanie na płaskiej,Chest,37.5,kgs,5,,,,""
2022-09-16,Przysiad bułgarski,Legs,16.0,kgs,8,,,,""
2022-09-16,Przysiad bułgarski,Legs,16.0,kgs,8,,,,""
2022-09-16,Przysiad bułgarski,Legs,16.0,kgs,8,,,,""
2022-09-16,Przysiad bułgarski,Legs,16.0,kgs,8,,,,""
2022-09-16,Poziome wiosłownie siedząc,Back,25.0,kgs,8,,,,""
2022-09-16,Poziome wiosłownie siedząc,Back,25.0,kgs,8,,,,""
2022-09-16,Poziome wiosłownie siedząc,Back,25.0,kgs,8,,,,""
2022-09-16,Poziome wiosłownie siedząc,Back,25.0,kgs,8,,,,""
2022-09-16,Poziome wiosłownie siedząc,Back,25.0,kgs,8,,,,""
2022-09-16,Biceps hantlami stojąc,Biceps,8.0,kgs,6,,,,""
2022-09-16,Biceps hantlami stojąc,Biceps,8.0,kgs,6,,,,""
2022-09-16,Biceps hantlami stojąc,Biceps,8.0,kgs,6,,,,""
2022-09-16,Biceps hantlami stojąc,Biceps,8.0,kgs,6,,,,""
2022-09-16,Biceps hantlami stojąc,Biceps,8.0,kgs,6,,,,""
2022-09-16,Rope pulldown,Triceps,14.0,kgs,8,,,,""
2022-09-16,Rope pulldown,Triceps,14.0,kgs,8,,,,""
2022-09-16,Rope pulldown,Triceps,14.0,kgs,8,,,,""
2022-09-16,Leg press,Legs,30.0,kgs,12,,,,""
2022-09-16,Leg press,Legs,30.0,kgs,12,,,,""
2022-09-16,Leg press,Legs,30.0,kgs,12,,,,""
2022-09-16,Leg press,Legs,30.0,kgs,12,,,,""
2022-09-16,Leg press,Legs,30.0,kgs,12,,,,""
2022-09-16,Wznosy hantli bokiem,Shoulders,5.0,kgs,6,,,,""
2022-09-16,Wznosy hantli bokiem,Shoulders,5.0,kgs,6,,,,""
2022-09-16,Wznosy hantli bokiem,Shoulders,5.0,kgs,6,,,,""
2022-09-16,Wznosy nóg na podporkach,Abs,,,5,,,,""
2022-09-16,Wznosy nóg na podporkach,Abs,,,5,,,,""
2022-09-16,Wznosy nóg na podporkach,Abs,,,5,,,,""
2022-09-16,Wznosy nóg na podporkach,Abs,,,5,,,,""
2022-09-16,Wznosy nóg na podporkach,Abs,,,5,,,,""
2022-09-16,Bieganie na bieżni,Cardio,,,,0.74,km,0:06:59,""
2022-09-19,PullUp,Back,,,1,,,,""
2022-09-19,PullUp,Back,,,1,,,,""
2022-09-19,PullUp,Back,,,1,,,,""
2022-09-19,PullUp,Back,,,1,,,,""
2022-09-19,Negatywy,Back,,,1,,,,""
2022-09-19,Negatywy,Back,,,1,,,,""
2022-09-19,Negatywy,Back,,,1,,,,""
2022-09-19,Negatywy,Back,,,1,,,,""
2022-09-19,Negatywy,Back,,,1,,,,""
2022-09-19,Wyciskanie na barki hantlami siedząc,Shoulders,8.0,kgs,8,,,,""
2022-09-19,Wyciskanie na barki hantlami siedząc,Shoulders,8.0,kgs,8,,,,""
2022-09-19,Wyciskanie na barki hantlami siedząc,Shoulders,8.0,kgs,8,,,,""
2022-09-19,Wyciskanie na barki hantlami siedząc,Shoulders,8.0,kgs,8,,,,""
2022-09-19,Wyciskanie na barki hantlami siedząc,Shoulders,8.0,kgs,8,,,,""
2022-09-19,Tył nóg na maszynie,Legs,32.0,kgs,8,,,,""
2022-09-19,Tył nóg na maszynie,Legs,32.0,kgs,8,,,,""
2022-09-19,Tył nóg na maszynie,Legs,32.0,kgs,8,,,,""
2022-09-19,Tył nóg na maszynie,Legs,32.0,kgs,8,,,,""
2022-09-19,Tył nóg na maszynie,Legs,32.0,kgs,8,,,,""
2022-09-19,Biceps hantlami stojąc,Biceps,8.0,kgs,8,,,,""
2022-09-19,Biceps hantlami stojąc,Biceps,8.0,kgs,8,,,,""
2022-09-19,Biceps hantlami stojąc,Biceps,8.0,kgs,8,,,,""
2022-09-19,Calf raises na maszynie,Legs,79.0,kgs,12,,,,""
2022-09-19,Calf raises na maszynie,Legs,79.0,kgs,12,,,,""
2022-09-19,Calf raises na maszynie,Legs,79.0,kgs,12,,,,""
2022-09-19,Calf raises na maszynie,Legs,79.0,kgs,12,,,,""
2022-09-19,Calf raises na maszynie,Legs,79.0,kgs,12,,,,""
2022-09-19,Leg press,Legs,35.0,kgs,12,,,,""
2022-09-19,Leg press,Legs,35.0,kgs,12,,,,""
2022-09-19,Leg press,Legs,35.0,kgs,12,,,,""
2022-09-19,Leg press,Legs,35.0,kgs,12,,,,""
2022-09-19,Leg press,Legs,35.0,kgs,12,,,,""
2022-09-19,Wznosy hantli bokiem,Shoulders,6.0,kgs,8,,,,""
2022-09-19,Wznosy hantli bokiem,Shoulders,6.0,kgs,8,,,,""
2022-09-19,Wznosy hantli bokiem,Shoulders,6.0,kgs,8,,,,""
2022-09-19,Wznosy hantli bokiem,Shoulders,6.0,kgs,8,,,,""
2022-09-19,Wznosy hantli bokiem,Shoulders,6.0,kgs,8,,,,""
2022-09-19,Wznosy nóg na podporkach,Abs,,,5,,,,""
2022-09-19,Wznosy nóg na podporkach,Abs,,,5,,,,""
2022-09-19,Wznosy nóg na podporkach,Abs,,,5,,,,""
2022-09-19,Wznosy nóg na podporkach,Abs,,,5,,,,""
2022-09-19,Wznosy nóg na podporkach,Abs,,,5,,,,""
2022-09-19,Podciąganie australijskie,Back,,,5,,,,""
2022-09-19,Podciąganie australijskie,Back,,,5,,,,""
2022-09-19,Podciąganie australijskie,Back,,,5,,,,""
2022-09-19,Podciąganie australijskie,Back,,,5,,,,""
2022-09-19,Podciąganie australijskie,Back,,,5,,,,""
2022-09-19,Bieganie na bieżni,Cardio,,,,1.0,km,0:08:57,""
2022-09-20,Wyciskanie na płaskiej,Chest,40.0,kgs,5,,,,""
2022-09-20,Wyciskanie na płaskiej,Chest,40.0,kgs,5,,,,""
2022-09-20,Wyciskanie na płaskiej,Chest,40.0,kgs,5,,,,""
2022-09-20,Wyciskanie na płaskiej,Chest,40.0,kgs,5,,,,""
2022-09-20,Wyciskanie na płaskiej,Chest,40.0,kgs,5,,,,""
2022-09-20,Przysiad bułgarski,Legs,20.0,kgs,8,,,,""
2022-09-20,Przysiad bułgarski,Legs,20.0,kgs,8,,,,""
2022-09-20,Przysiad bułgarski,Legs,20.0,kgs,8,,,,""
2022-09-20,Przysiad bułgarski,Legs,20.0,kgs,8,,,,""
2022-09-20,Przysiad bułgarski,Legs,20.0,kgs,8,,,,""
2022-09-20,Poziome wiosłownie siedząc,Back,32.0,kgs,8,,,,""
2022-09-20,Poziome wiosłownie siedząc,Back,32.0,kgs,8,,,,""
2022-09-20,Poziome wiosłownie siedząc,Back,32.0,kgs,8,,,,""
2022-09-20,Poziome wiosłownie siedząc,Back,32.0,kgs,8,,,,""
2022-09-20,Poziome wiosłownie siedząc,Back,32.0,kgs,8,,,,""
2022-09-20,Biceps hantlami stojąc,Biceps,10.0,kgs,6,,,,""
2022-09-20,Biceps hantlami stojąc,Biceps,10.0,kgs,6,,,,""
2022-09-20,Biceps hantlami stojąc,Biceps,10.0,kgs,6,,,,""
2022-09-20,Rope pulldown,Triceps,10.0,kgs,8,,,,""
2022-09-20,Rope pulldown,Triceps,10.0,kgs,8,,,,""
2022-09-20,Rope pulldown,Triceps,10.0,kgs,8,,,,""
2022-09-20,Leg press,Legs,35.0,kgs,12,,,,""
2022-09-20,Leg press,Legs,35.0,kgs,12,,,,""
2022-09-20,Leg press,Legs,35.0,kgs,12,,,,""
2022-09-20,Leg press,Legs,35.0,kgs,12,,,,""
2022-09-20,Wznosy hantli bokiem,Shoulders,7.0,kgs,8,,,,""
2022-09-20,Wznosy hantli bokiem,Shoulders,7.0,kgs,8,,,,""
2022-09-20,Wznosy hantli bokiem,Shoulders,7.0,kgs,8,,,,""
2022-09-20,Wznosy nóg na podporkach,Abs,,,5,,,,""
2022-09-20,Wznosy nóg na podporkach,Abs,,,5,,,,""
2022-09-20,Wznosy nóg na podporkach,Abs,,,5,,,,""
2022-09-20,Wznosy nóg na podporkach,Abs,,,5,,,,""
2022-09-20,Wznosy nóg na podporkach,Abs,,,5,,,,""
2022-09-20,Podciąganie australijskie,Back,,,10,,,,""
2022-09-20,Bieganie na bieżni,Cardio,,,,1.0,km,0:09:40,""
2022-09-22,PullUp,Back,,,1,,,,""
2022-09-22,Negatywy,Back,,,1,,,,""
2022-09-22,Negatywy,Back,,,1,,,,""
2022-09-22,Negatywy,Back,,,1,,,,""
2022-09-22,Negatywy,Back,,,1,,,,""
2022-09-22,Negatywy,Back,,,1,,,,""
2022-09-22,Wyciskanie na barki hantlami siedząc,Shoulders,9.5,kgs,6,,,,""
2022-09-22,Wyciskanie na barki hantlami siedząc,Shoulders,9.5,kgs,6,,,,""
2022-09-22,Wyciskanie na barki hantlami siedząc,Shoulders,9.5,kgs,6,,,,""
2022-09-22,Wyciskanie na barki hantlami siedząc,Shoulders,9.5,kgs,6,,,,""
2022-09-22,Wyciskanie na barki hantlami siedząc,Shoulders,9.5,kgs,6,,,,""
2022-09-22,Tył nóg na maszynie,Legs,32.0,kgs,8,,,,""
2022-09-22,Tył nóg na maszynie,Legs,32.0,kgs,8,,,,""
2022-09-22,Tył nóg na maszynie,Legs,32.0,kgs,8,,,,""
2022-09-22,Tył nóg na maszynie,Legs,32.0,kgs,8,,,,""
2022-09-22,Tył nóg na maszynie,Legs,32.0,kgs,8,,,,""
2022-09-22,Biceps hantlami stojąc,Biceps,10.0,kgs,8,,,,""
2022-09-22,Biceps hantlami stojąc,Biceps,10.0,kgs,8,,,,""
2022-09-22,Calf raises na maszynie,Legs,93.0,kgs,12,,,,""
2022-09-22,Calf raises na maszynie,Legs,93.0,kgs,12,,,,""
2022-09-22,Calf raises na maszynie,Legs,93.0,kgs,12,,,,""
2022-09-22,Calf raises na maszynie,Legs,93.0,kgs,12,,,,""
2022-09-22,Calf raises na maszynie,Legs,93.0,kgs,12,,,,""
2022-09-22,Leg press,Legs,40.0,kgs,12,,,,""
2022-09-22,Wznosy hantli bokiem,Shoulders,7.0,kgs,8,,,,""
2022-09-22,Wznosy hantli bokiem,Shoulders,7.0,kgs,8,,,,""
2022-09-22,Wznosy hantli bokiem,Shoulders,7.0,kgs,8,,,,""
2022-09-22,Wznosy nóg na podporkach,Abs,,,8,,,,""
2022-09-22,Wznosy nóg na podporkach,Abs,,,8,,,,""
2022-09-22,Podciąganie australijskie,Back,,,10,,,,""
2022-09-22,Podciąganie australijskie,Back,,,10,,,,""
2022-09-22,Bieganie na bieżni,Cardio,,,,0.49,km,0:05:00,""
2022-09-24,Wyciskanie na płaskiej,Chest,45.0,kgs,4,,,,""
2022-09-24,Wyciskanie na płaskiej,Chest,45.0,kgs,4,,,,""
2022-09-24,Wyciskanie na płaskiej,Chest,45.0,kgs,4,,,,""
2022-09-24,Wyciskanie na płaskiej,Chest,45.0,kgs,4,,,,""
2022-09-24,Wyciskanie na płaskiej,Chest,45.0,kgs,4,,,,""
2022-09-24,Przysiad bułgarski,Legs,24.0,kgs,8,,,,""
2022-09-24,Przysiad bułgarski,Legs,24.0,kgs,8,,,,""
2022-09-24,Przysiad bułgarski,Legs,24.0,kgs,8,,,,""
2022-09-24,Przysiad bułgarski,Legs,24.0,kgs,8,,,,""
2022-09-24,Przysiad bułgarski,Legs,24.0,kgs,8,,,,""
2022-09-24,Rope pulldown,Triceps,9.0,kgs,8,,,,""
2022-09-24,Rope pulldown,Triceps,9.0,kgs,8,,,,""
2022-09-24,Rope pulldown,Triceps,9.0,kgs,8,,,,""
2022-09-24,Rope pulldown,Triceps,9.0,kgs,8,,,,""
2022-09-24,Rope pulldown,Triceps,9.0,kgs,8,,,,""
2022-09-24,Biceps hantlami stojąc,Biceps,10.0,kgs,8,,,,""
2022-09-24,Biceps hantlami stojąc,Biceps,10.0,kgs,8,,,,""
2022-09-24,Biceps hantlami stojąc,Biceps,10.0,kgs,8,,,,""
2022-09-24,Leg press,Legs,45.0,kgs,12,,,,""
2022-09-24,Leg press,Legs,45.0,kgs,12,,,,""
2022-09-24,Leg press,Legs,45.0,kgs,12,,,,""
2022-09-24,Leg press,Legs,60.0,kgs,12,,,,""
2022-09-24,Leg press,Legs,60.0,kgs,12,,,,""
2022-09-24,Bieganie na bieżni,Cardio,,,,0.59,km,0:05:00,""
2022-09-26,PullUp,Back,,,2,,,,""
2022-09-26,PullUp,Back,,,2,,,,""
2022-09-26,PullUp,Back,,,2,,,,""
2022-09-26,PullUp,Back,,,2,,,,""
2022-09-26,PullUp,Back,,,2,,,,""
2022-09-26,Wyciskanie na barki hantlami siedząc,Shoulders,10.0,kgs,8,,,,""
2022-09-26,Wyciskanie na barki hantlami siedząc,Shoulders,10.0,kgs,8,,,,""
2022-09-26,Wyciskanie na barki hantlami siedząc,Shoulders,10.0,kgs,8,,,,""
2022-09-26,Wyciskanie na barki hantlami siedząc,Shoulders,10.0,kgs,8,,,,""
2022-09-26,Wyciskanie na barki hantlami siedząc,Shoulders,10.0,kgs,8,,,,""
2022-09-26,Tył nóg na maszynie,Legs,41.0,kgs,8,,,,""
2022-09-26,Tył nóg na maszynie,Legs,41.0,kgs,8,,,,""
2022-09-26,Tył nóg na maszynie,Legs,41.0,kgs,8,,,,""
2022-09-26,Tył nóg na maszynie,Legs,41.0,kgs,8,,,,""
2022-09-26,Tył nóg na maszynie,Legs,41.0,kgs,8,,,,""
2022-09-26,Calf raises na maszynie,Legs,100.0,kgs,12,,,,""
2022-09-26,Calf raises na maszynie,Legs,100.0,kgs,12,,,,""
2022-09-26,Calf raises na maszynie,Legs,100.0,kgs,12,,,,""
2022-09-26,Calf raises na maszynie,Legs,100.0,kgs,12,,,,""
2022-09-26,Leg press,Legs,75.0,kgs,12,,,,""
2022-09-26,Leg press,Legs,75.0,kgs,12,,,,""
2022-09-26,Leg press,Legs,75.0,kgs,12,,,,""
2022-09-26,Leg press,Legs,75.0,kgs,12,,,,""
2022-09-26,Leg press,Legs,75.0,kgs,12,,,,""
2022-09-26,Wznosy hantli bokiem,Shoulders,10.0,kgs,8,,,,""
2022-09-26,Wznosy hantli bokiem,Shoulders,10.0,kgs,8,,,,""
2022-09-26,Wznosy hantli bokiem,Shoulders,10.0,kgs,8,,,,""
2022-09-26,Modlitewnik sztanga,Biceps,18.0,kgs,8,,,,""
2022-09-26,Modlitewnik sztanga,Biceps,18.0,kgs,8,,,,""
2022-09-26,Modlitewnik sztanga,Biceps,18.0,kgs,8,,,,""
2022-09-26,Podciąganie australijskie,Back,,,6,,,,""
2022-09-26,Podciąganie australijskie,Back,,,6,,,,""
2022-09-26,Podciąganie australijskie,Back,,,6,,,,""
2022-09-26,Podciąganie australijskie,Back,,,6,,,,""
2022-09-26,Podciąganie australijskie,Back,,,6,,,,""
2022-09-27,Wyciskanie na Smith'a,Chest,35.0,kgs,6,,,,""
2022-09-27,Wyciskanie na Smith'a,Chest,35.0,kgs,6,,,,""
2022-09-27,Wyciskanie na Smith'a,Chest,35.0,kgs,6,,,,""
2022-09-27,Wyciskanie na Smith'a,Chest,35.0,kgs,6,,,,""
2022-09-27,Wyciskanie na Smith'a,Chest,35.0,kgs,6,,,,""
2022-09-27,Przysiad ze sztangą,Back,20.0,kgs,12,,,,""
2022-09-27,Przysiad ze sztangą,Back,20.0,kgs,12,,,,""
2022-09-27,Przysiad ze sztangą,Back,20.0,kgs,12,,,,""
2022-09-27,Przysiad ze sztangą,Back,20.0,kgs,12,,,,""
2022-09-27,Przysiad ze sztangą,Back,20.0,kgs,12,,,,""
2022-09-27,Poziome wiosłownie siedząc,Back,39.0,kgs,8,,,,""
2022-09-27,Poziome wiosłownie siedząc,Back,39.0,kgs,8,,,,""
2022-09-27,Poziome wiosłownie siedząc,Back,39.0,kgs,8,,,,""
2022-09-27,Poziome wiosłownie siedząc,Back,39.0,kgs,8,,,,""
2022-09-27,Poziome wiosłownie siedząc,Back,39.0,kgs,8,,,,""
2022-09-27,Leg extension,Legs,59.0,kgs,8,,,,""
2022-09-27,Leg extension,Legs,59.0,kgs,8,,,,""
2022-09-27,Leg extension,Legs,59.0,kgs,8,,,,""
2022-09-27,Leg extension,Legs,59.0,kgs,8,,,,""
2022-09-27,Leg extension,Legs,59.0,kgs,8,,,,""
2022-09-29,Wyciskanie na płaskiej,Chest,50.0,kgs,4,,,,""
2022-09-29,Wyciskanie na płaskiej,Chest,50.0,kgs,4,,,,""
2022-09-29,Wyciskanie na płaskiej,Chest,50.0,kgs,4,,,,""
2022-09-29,Wyciskanie na płaskiej,Chest,50.0,kgs,4,,,,""
2022-09-29,Wyciskanie na płaskiej,Chest,50.0,kgs,4,,,,""
2022-09-29,Wiosłowanie stojąc,Back,30.0,kgs,8,,,,""
2022-09-29,Wiosłowanie stojąc,Back,30.0,kgs,8,,,,""
2022-09-29,Wiosłowanie stojąc,Back,30.0,kgs,8,,,,""
2022-09-29,Wiosłowanie stojąc,Back,30.0,kgs,8,,,,""
2022-09-29,Wiosłowanie stojąc,Back,30.0,kgs,8,,,,""
2022-09-29,Wznosy hantli bokiem,Shoulders,7.0,kgs,7,,,,""
2022-09-29,Wznosy hantli bokiem,Shoulders,7.0,kgs,7,,,,""
2022-09-29,Wznosy hantli bokiem,Shoulders,7.0,kgs,7,,,,""
2022-10-01,PullUp,Back,,,2,,,,""
2022-10-01,PullUp,Back,,,2,,,,""
2022-10-01,PullUp,Back,,,2,,,,""
2022-10-01,Wyciskanie na barki hantlami siedząc,Shoulders,10.0,kgs,8,,,,""
2022-10-01,Wyciskanie na barki hantlami siedząc,Shoulders,10.0,kgs,8,,,,""
2022-10-01,Wyciskanie na barki hantlami siedząc,Shoulders,10.0,kgs,8,,,,""
2022-10-01,Wyciskanie na barki hantlami siedząc,Shoulders,10.0,kgs,8,,,,""
2022-10-01,Wyciskanie na barki hantlami siedząc,Shoulders,10.0,kgs,8,,,,""
2022-10-01,Tył nóg na maszynie,Legs,42.0,kgs,8,,,,""
2022-10-01,Tył nóg na maszynie,Legs,42.0,kgs,8,,,,""
2022-10-01,Tył nóg na maszynie,Legs,42.0,kgs,8,,,,""
2022-10-01,Tył nóg na maszynie,Legs,42.0,kgs,8,,,,""
2022-10-01,Tył nóg na maszynie,Legs,42.0,kgs,8,,,,""
2022-10-01,Triceps na ławce sztangą,Triceps,10.0,kgs,5,,,,""
2022-10-01,Triceps na ławce sztangą,Triceps,10.0,kgs,5,,,,""
2022-10-01,Triceps na ławce sztangą,Triceps,10.0,kgs,5,,,,""
2022-10-01,Calf raises na maszynie,Legs,104.6,kgs,12,,,,""
2022-10-01,Calf raises na maszynie,Legs,104.6,kgs,12,,,,""
2022-10-01,Calf raises na maszynie,Legs,104.6,kgs,12,,,,""
2022-10-01,Calf raises na maszynie,Legs,104.6,kgs,12,,,,""
2022-10-01,Calf raises na maszynie,Legs,104.6,kgs,12,,,,""
2022-10-01,Leg press,Legs,80.0,kgs,12,,,,""
2022-10-01,Leg press,Legs,80.0,kgs,12,,,,""
2022-10-01,Leg press,Legs,80.0,kgs,12,,,,""
2022-10-01,Leg press,Legs,80.0,kgs,12,,,,""
2022-10-01,Leg press,Legs,80.0,kgs,12,,,,""
2022-10-01,Wznosy hantli bokiem,Shoulders,6.0,kgs,12,,,,""
2022-10-01,Wznosy hantli bokiem,Shoulders,6.0,kgs,12,,,,""
2022-10-01,Wznosy hantli bokiem,Shoulders,6.0,kgs,12,,,,""
2022-10-01,Biceps hantlami stojąc,Biceps,10.0,kgs,6,,,,""
2022-10-01,Biceps hantlami stojąc,Biceps,10.0,kgs,6,,,,""
2022-10-01,Biceps hantlami stojąc,Biceps,10.0,kgs,6,,,,""
2022-10-01,Podciąganie australijskie,Back,,,5,,,,""
2022-10-01,Podciąganie australijskie,Back,,,5,,,,""
2022-10-01,Podciąganie australijskie,Back,,,5,,,,""
2022-10-02,Wyciskanie na płaskiej,Chest,48.0,kgs,8,,,,""
2022-10-02,Wyciskanie na płaskiej,Chest,48.0,kgs,8,,,,""
2022-10-02,Wyciskanie na płaskiej,Chest,48.0,kgs,8,,,,""
2022-10-02,Wyciskanie na płaskiej,Chest,48.0,kgs,8,,,,""
2022-10-02,Wyciskanie na płaskiej,Chest,48.0,kgs,8,,,,""
2022-10-02,Przysiad bułgarski,Legs,24.0,kgs,8,,,,""
2022-10-02,Przysiad bułgarski,Legs,24.0,kgs,8,,,,""
2022-10-02,Przysiad bułgarski,Legs,24.0,kgs,8,,,,""
2022-10-02,Przysiad bułgarski,Legs,24.0,kgs,8,,,,""
2022-10-02,Przysiad bułgarski,Legs,24.0,kgs,8,,,,""
2022-10-02,Poziome wiosłownie siedząc,Back,39.0,kgs,8,,,,""
2022-10-02,Poziome wiosłownie siedząc,Back,39.0,kgs,8,,,,""
2022-10-02,Poziome wiosłownie siedząc,Back,39.0,kgs,8,,,,""
2022-10-02,Poziome wiosłownie siedząc,Back,39.0,kgs,8,,,,""
2022-10-02,Poziome wiosłownie siedząc,Back,39.0,kgs,8,,,,""
2022-10-02,Triceps na ławce sztangą,Triceps,8.0,kgs,8,,,,""
2022-10-02,Triceps na ławce sztangą,Triceps,8.0,kgs,8,,,,""
2022-10-02,Triceps na ławce sztangą,Triceps,8.0,kgs,8,,,,""
2022-10-02,Leg press,Legs,90.0,kgs,8,,,,""
2022-10-02,Leg press,Legs,90.0,kgs,8,,,,""
2022-10-02,Leg press,Legs,90.0,kgs,8,,,,""
2022-10-02,Leg press,Legs,90.0,kgs,8,,,,""
2022-10-02,Leg press,Legs,90.0,kgs,8,,,,""
2022-10-02,Wznosy hantli bokiem,Shoulders,6.0,kgs,12,,,,""
2022-10-02,Wznosy hantli bokiem,Shoulders,6.0,kgs,12,,,,""
2022-10-02,Wznosy hantli bokiem,Shoulders,6.0,kgs,12,,,,""
2022-10-02,Biceps na bramie wysoko,Biceps,14.0,kgs,8,,,,""
2022-10-02,Biceps na bramie wysoko,Biceps,14.0,kgs,8,,,,""
2022-10-02,Biceps na bramie wysoko,Biceps,14.0,kgs,8,,,,""
2022-10-03,Wyciskanie na płaskiej,Chest,45.0,kgs,5,,,,""
2022-10-03,Wyciskanie na płaskiej,Chest,45.0,kgs,5,,,,""
2022-10-03,Wyciskanie na płaskiej,Chest,45.0,kgs,5,,,,""
2022-10-03,Wyciskanie na płaskiej,Chest,45.0,kgs,5,,,,""
2022-10-03,Wyciskanie na płaskiej,Chest,45.0,kgs,5,,,,""
2022-10-03,Poziome wiosłownie siedząc,Back,39.0,kgs,8,,,,""
2022-10-03,Poziome wiosłownie siedząc,Back,39.0,kgs,8,,,,""
2022-10-03,Poziome wiosłownie siedząc,Back,39.0,kgs,8,,,,""
2022-10-03,Poziome wiosłownie siedząc,Back,39.0,kgs,8,,,,""
2022-10-03,Poziome wiosłownie siedząc,Back,39.0,kgs,8,,,,""
2022-10-03,Wiosłowanie stojąc,Back,40.0,kgs,8,,,,""
2022-10-03,Wiosłowanie stojąc,Back,40.0,kgs,8,,,,""
2022-10-03,Wiosłowanie stojąc,Back,40.0,kgs,8,,,,""
2022-10-03,Wiosłowanie stojąc,Back,40.0,kgs,8,,,,""
2022-10-03,Wiosłowanie stojąc,Back,40.0,kgs,8,,,,""
2022-10-03,Rope pulldown,Triceps,14.0,kgs,8,,,,""
2022-10-03,Rope pulldown,Triceps,14.0,kgs,8,,,,""
2022-10-03,Rope pulldown,Triceps,14.0,kgs,8,,,,""
2022-10-03,Rope pulldown,Triceps,14.0,kgs,8,,,,""
2022-10-03,Rope pulldown,Triceps,14.0,kgs,8,,,,""
2022-10-03,Calf raises na maszynie,Legs,113.0,kgs,12,,,,""
2022-10-03,Calf raises na maszynie,Legs,113.0,kgs,12,,,,""
2022-10-03,Leg press,Legs,100.0,kgs,10,,,,""
2022-10-03,Leg press,Legs,100.0,kgs,10,,,,""
2022-10-03,Leg press,Legs,100.0,kgs,10,,,,""
2022-10-03,Leg press,Legs,100.0,kgs,10,,,,""
2022-10-03,Leg press,Legs,100.0,kgs,10,,,,""
2022-10-03,Wznosy hantli bokiem,Shoulders,7.0,kgs,8,,,,""
2022-10-03,Wznosy hantli bokiem,Shoulders,7.0,kgs,8,,,,""
2022-10-03,Wznosy hantli bokiem,Shoulders,7.0,kgs,8,,,,""
2022-10-03,Biceps hantlami stojąc,Biceps,12.0,kgs,6,,,,""
2022-10-03,Biceps hantlami stojąc,Biceps,12.0,kgs,6,,,,""
2022-10-03,Biceps hantlami stojąc,Biceps,12.0,kgs,6,,,,""
2022-10-03,Bieganie na bieżni,Cardio,,,,0.55,km,0:05:00,""
2022-10-07,PullUp,Back,,,3,,,,""
2022-10-07,PullUp,Back,,,3,,,,""
2022-10-07,Negatywy,Back,,,2,,,,""
2022-10-07,Negatywy,Back,,,2,,,,""
2022-10-07,Wyciskanie na barki hantlami siedząc,Shoulders,12.0,kgs,8,,,,""
2022-10-07,Wyciskanie na barki hantlami siedząc,Shoulders,12.0,kgs,8,,,,""
2022-10-07,Wyciskanie na barki hantlami siedząc,Shoulders,12.0,kgs,8,,,,""
2022-10-07,Wyciskanie na barki hantlami siedząc,Shoulders,12.0,kgs,8,,,,""
2022-10-07,Wyciskanie na barki hantlami siedząc,Shoulders,12.0,kgs,8,,,,""
2022-10-07,Calf raises na maszynie,Legs,120.0,kgs,12,,,,""
2022-10-07,Calf raises na maszynie,Legs,120.0,kgs,12,,,,""
2022-10-07,Calf raises na maszynie,Legs,120.0,kgs,12,,,,""
2022-10-07,Calf raises na maszynie,Legs,120.0,kgs,12,,,,""
2022-10-07,Biceps hantlami stojąc,Biceps,12.5,kgs,5,,,,""
2022-10-07,Biceps hantlami stojąc,Biceps,12.5,kgs,5,,,,""
2022-10-07,Biceps hantlami stojąc,Biceps,12.5,kgs,5,,,,""
2022-10-07,Leg extension,Legs,59.0,kgs,8,,,,""
2022-10-07,Leg extension,Legs,59.0,kgs,8,,,,""
2022-10-07,Leg extension,Legs,59.0,kgs,8,,,,""
2022-10-07,Leg extension,Legs,59.0,kgs,8,,,,""
2022-10-07,Leg extension,Legs,59.0,kgs,8,,,,""
2022-10-07,Podciąganie australijskie,Back,,,8,,,,""
2022-10-07,Podciąganie australijskie,Back,,,8,,,,""
2022-10-07,Podciąganie australijskie,Back,,,8,,,,""
2022-10-07,Podciąganie australijskie,Back,,,8,,,,""
2022-10-07,Bieganie na bieżni,Cardio,,,,0.84,km,0:06:31,""
2022-10-09,Wyciskanie na płaskiej,Chest,50.0,kgs,5,,,,""
2022-10-09,Wyciskanie na płaskiej,Chest,50.0,kgs,5,,,,""
2022-10-09,Wyciskanie na płaskiej,Chest,50.0,kgs,5,,,,""
2022-10-09,Wyciskanie na płaskiej,Chest,50.0,kgs,5,,,,""
2022-10-09,Wyciskanie na płaskiej,Chest,50.0,kgs,5,,,,""
2022-10-09,Przysiad bułgarski,Legs,24.0,kgs,8,,,,""
2022-10-09,Przysiad bułgarski,Legs,24.0,kgs,8,,,,""
2022-10-09,Przysiad bułgarski,Legs,24.0,kgs,8,,,,""
2022-10-09,Poziome wiosłownie siedząc,Back,45.0,kgs,8,,,,""
2022-10-09,Poziome wiosłownie siedząc,Back,45.0,kgs,8,,,,""
2022-10-09,Poziome wiosłownie siedząc,Back,45.0,kgs,8,,,,""
2022-10-09,Triceps na ławce sztangą,Triceps,12.5,kgs,8,,,,""
2022-10-09,Triceps na ławce sztangą,Triceps,12.5,kgs,8,,,,""
2022-10-09,Triceps na ławce sztangą,Triceps,12.5,kgs,8,,,,""
2022-10-09,PullUp,Back,,,4,,,,""
2022-10-09,Leg press,Legs,100.0,kgs,12,,,,""
2022-10-09,Leg press,Legs,100.0,kgs,12,,,,""
2022-10-09,Leg press,Legs,100.0,kgs,12,,,,""
2022-10-09,Biceps hantlami stojąc,Biceps,12.5,kgs,5,,,,""
2022-10-09,Biceps hantlami stojąc,Biceps,12.5,kgs,5,,,,""
2022-10-09,Biceps hantlami stojąc,Biceps,12.5,kgs,5,,,,""
2022-10-10,Wyciskanie na płaskiej,Chest,50.0,kgs,5,,,,""
2022-10-10,Wyciskanie na płaskiej,Chest,50.0,kgs,5,,,,""
2022-10-10,Wyciskanie na płaskiej,Chest,50.0,kgs,5,,,,""
2022-10-10,Wyciskanie na płaskiej,Chest,50.0,kgs,5,,,,""
2022-10-10,Wyciskanie na płaskiej,Chest,50.0,kgs,5,,,,""
2022-10-10,Przysiad bułgarski,Legs,24.0,kgs,8,,,,""
2022-10-10,Przysiad bułgarski,Legs,24.0,kgs,8,,,,""
2022-10-10,Przysiad bułgarski,Legs,24.0,kgs,8,,,,""
2022-10-10,Triceps na ławce sztangą,Triceps,10.0,kgs,8,,,,""
2022-10-10,Triceps na ławce sztangą,Triceps,10.0,kgs,8,,,,""
2022-10-10,Triceps na ławce sztangą,Triceps,10.0,kgs,8,,,,""
2022-10-10,PullUp,Back,,,5,,,,""
2022-10-10,PullUp,Back,,,5,,,,""
2022-10-10,PullUp,Back,,,4,,,,""
2022-10-10,Negatywy,Back,,,2,,,,""
2022-10-10,Negatywy,Back,,,2,,,,""
2022-10-10,Wyciskanie na barki hantlami siedząc,Shoulders,14.0,kgs,8,,,,""
2022-10-10,Wyciskanie na barki hantlami siedząc,Shoulders,14.0,kgs,8,,,,""
2022-10-10,Wyciskanie na barki hantlami siedząc,Shoulders,14.0,kgs,8,,,,""
2022-10-10,Tył nóg na maszynie,Legs,42.0,kgs,8,,,,""
2022-10-10,Tył nóg na maszynie,Legs,42.0,kgs,8,,,,""
2022-10-10,Tył nóg na maszynie,Legs,42.0,kgs,8,,,,""
2022-10-10,Leg press,Legs,100.0,kgs,12,,,,""
2022-10-10,Leg press,Legs,100.0,kgs,12,,,,""
2022-10-10,Leg press,Legs,100.0,kgs,12,,,,""
2022-10-10,Biceps hantlami stojąc,Biceps,10.0,kgs,8,,,,""
2022-10-10,Biceps hantlami stojąc,Biceps,10.0,kgs,8,,,,""
2022-10-10,Biceps hantlami stojąc,Biceps,10.0,kgs,8,,,,""
2022-10-10,Bieganie na bieżni,Cardio,,,,0.66,km,0:05:00,""
2022-10-13,Poziome wiosłownie siedząc,Back,45.0,kgs,8,,,,""
2022-10-13,Poziome wiosłownie siedząc,Back,45.0,kgs,8,,,,""
2022-10-13,Poziome wiosłownie siedząc,Back,45.0,kgs,8,,,,""
2022-10-13,PullUp,Back,,,4,,,,""
2022-10-13,PullUp,Back,,,4,,,,""
2022-10-13,PullUp,Back,,,4,,,,""
2022-10-13,PullUp,Back,,,4,,,,""
2022-10-13,PullUp,Back,,,4,,,,""
2022-10-13,Leg press,Legs,110.0,kgs,8,,,,""
2022-10-13,Leg press,Legs,110.0,kgs,8,,,,""
2022-10-13,Leg press,Legs,110.0,kgs,8,,,,""
2022-10-13,Leg press,Legs,110.0,kgs,8,,,,""
2022-10-13,Leg press,Legs,110.0,kgs,8,,,,""
2022-10-15,Wyciskanie na Smith'a,Chest,40.0,kgs,5,,,,""
2022-10-15,Wyciskanie na Smith'a,Chest,40.0,kgs,5,,,,""
2022-10-15,Wyciskanie na Smith'a,Chest,40.0,kgs,5,,,,""
2022-10-15,Wyciskanie na Smith'a,Chest,40.0,kgs,5,,,,""
2022-10-15,Wyciskanie na Smith'a,Chest,40.0,kgs,5,,,,""
2022-10-15,Wiosłowanie stojąc,Back,40.0,kgs,8,,,,""
2022-10-15,Wiosłowanie stojąc,Back,40.0,kgs,8,,,,""
2022-10-15,Wiosłowanie stojąc,Back,40.0,kgs,8,,,,""
2022-10-15,Wiosłowanie stojąc,Back,40.0,kgs,8,,,,""
2022-10-15,Wiosłowanie stojąc,Back,40.0,kgs,8,,,,""
2022-10-15,Wyciskanie na barki hantlami siedząc,Shoulders,12.0,kgs,8,,,,""
2022-10-15,Wyciskanie na barki hantlami siedząc,Shoulders,12.0,kgs,8,,,,""
2022-10-15,Wyciskanie na barki hantlami siedząc,Shoulders,12.0,kgs,8,,,,""
2022-10-15,Calf raises na maszynie,Legs,130.0,kgs,12,,,,""
2022-10-15,Calf raises na maszynie,Legs,130.0,kgs,12,,,,""
2022-10-15,Calf raises na maszynie,Legs,130.0,kgs,12,,,,""
2022-10-15,Leg press,Legs,100.0,kgs,12,,,,""
2022-10-15,Leg press,Legs,100.0,kgs,12,,,,""
2022-10-15,Leg press,Legs,100.0,kgs,12,,,,""
2022-10-15,Wznosy hantli bokiem,Shoulders,6.0,kgs,8,,,,""
2022-10-15,Wznosy hantli bokiem,Shoulders,6.0,kgs,8,,,,""
2022-10-15,Wznosy hantli bokiem,Shoulders,6.0,kgs,8,,,,""
2022-10-15,Bieganie na bieżni,Cardio,,,,1.0,km,0:08:00,""
2022-10-17,Rope pulldown,Triceps,14.0,kgs,8,,,,""
2022-10-17,Rope pulldown,Triceps,14.0,kgs,8,,,,""
2022-10-17,Rope pulldown,Triceps,14.0,kgs,8,,,,""
2022-10-17,PullUp,Back,,,4,,,,""
2022-10-17,PullUp,Back,,,4,,,,""
2022-10-17,PullUp,Back,,,4,,,,""
2022-10-17,PullUp,Back,,,4,,,,""
2022-10-17,Wyciskanie na barki hantlami siedząc,Shoulders,14.0,kgs,8,,,,""
2022-10-17,Wyciskanie na barki hantlami siedząc,Shoulders,14.0,kgs,8,,,,""
2022-10-17,Wyciskanie na barki hantlami siedząc,Shoulders,14.0,kgs,8,,,,""
2022-10-17,Wyciskanie na barki hantlami siedząc,Shoulders,14.0,kgs,8,,,,""
2022-10-17,Wyciskanie na barki hantlami siedząc,Shoulders,14.0,kgs,8,,,,""
2022-10-17,Tył nóg na maszynie,Legs,50.0,kgs,8,,,,""
2022-10-17,Tył nóg na maszynie,Legs,50.0,kgs,8,,,,""
2022-10-17,Tył nóg na maszynie,Legs,50.0,kgs,8,,,,""
2022-10-17,Tył nóg na maszynie,Legs,50.0,kgs,8,,,,""
2022-10-17,Tył nóg na maszynie,Legs,50.0,kgs,8,,,,""
2022-10-19,Wyciskanie na płaskiej,Chest,52.5,kgs,5,,,,""
2022-10-19,Wyciskanie na płaskiej,Chest,52.5,kgs,5,,,,""
2022-10-19,Wyciskanie na płaskiej,Chest,52.5,kgs,5,,,,""
2022-10-19,Wyciskanie na płaskiej,Chest,52.5,kgs,5,,,,""
2022-10-19,Wyciskanie na płaskiej,Chest,52.5,kgs,5,,,,""
2022-10-19,Poziome wiosłownie siedząc,Back,50.0,kgs,8,,,,""
2022-10-19,Poziome wiosłownie siedząc,Back,50.0,kgs,8,,,,""
2022-10-19,Poziome wiosłownie siedząc,Back,50.0,kgs,8,,,,""
2022-10-19,Poziome wiosłownie siedząc,Back,50.0,kgs,8,,,,""
2022-10-19,Rope pulldown,Triceps,20.0,kgs,8,,,,""
2022-10-19,Rope pulldown,Triceps,20.0,kgs,8,,,,""
2022-10-19,Rope pulldown,Triceps,20.0,kgs,8,,,,""
2022-10-19,Rope pulldown,Triceps,20.0,kgs,8,,,,""
2022-10-19,Biceps hantlami stojąc,Biceps,12.5,kgs,6,,,,""
2022-10-19,Biceps hantlami stojąc,Biceps,12.5,kgs,6,,,,""
2022-10-19,Biceps hantlami stojąc,Biceps,12.5,kgs,6,,,,""
2022-10-19,Bieganie na bieżni,Cardio,,,,1.0,km,0:08:50,""
2022-10-21,Przysiad bułgarski,Legs,28.0,kgs,8,,,,""
2022-10-21,Przysiad bułgarski,Legs,28.0,kgs,8,,,,""
2022-10-21,Przysiad bułgarski,Legs,28.0,kgs,8,,,,""
2022-10-21,Przysiad ze sztangą,Back,70.0,kgs,5,,,,""
2022-10-21,Przysiad ze sztangą,Back,70.0,kgs,5,,,,""
2022-10-21,Przysiad ze sztangą,Back,70.0,kgs,5,,,,""
2022-10-21,PullUp,Back,,,5,,,,""
2022-10-21,PullUp,Back,,,5,,,,""
2022-10-21,PullUp,Back,,,5,,,,""
2022-10-21,PullUp,Back,,,5,,,,""
2022-10-21,PullUp,Back,,,5,,,,""
2022-10-21,Leg press,Legs,115.0,kgs,8,,,,""
2022-10-21,Leg press,Legs,115.0,kgs,8,,,,""
2022-10-21,Leg press,Legs,115.0,kgs,8,,,,""
2022-10-22,Bieganie na bieżni,Cardio,,,,510.0,m,0:05:00,""
2022-10-22,Wyciskanie na płaskiej,Chest,20.0,kgs,5,,,,""
2022-10-22,Wyciskanie na płaskiej,Chest,50.0,kgs,8,,,,""
2022-10-22,Wyciskanie na płaskiej,Chest,50.0,kgs,6,,,,""
2022-10-22,Wyciskanie na płaskiej,Chest,50.0,kgs,7,,,,""
2022-10-22,Wyciskanie na płaskiej,Chest,50.0,kgs,6,,,,""
2022-10-22,Wyciskanie na płaskiej,Chest,50.0,kgs,5,,,,""
2022-10-22,Leg press,Legs,120.0,kgs,8,,,,""
2022-10-22,Leg press,Legs,120.0,kgs,8,,,,""
2022-10-22,Leg press,Legs,120.0,kgs,12,,,,""
2022-10-22,Poziome wiosłownie siedząc,Back,45.0,kgs,8,,,,""
2022-10-22,Poziome wiosłownie siedząc,Back,52.5,kgs,8,,,,""
2022-10-22,Poziome wiosłownie siedząc,Back,52.5,kgs,8,,,,""
2022-10-22,Poziome wiosłownie siedząc,Back,45.0,kgs,6,,,,""
2022-10-22,Triceps na ławce sztangą,Triceps,12.5,kgs,12,,,,""
2022-10-22,Triceps na ławce sztangą,Triceps,12.5,kgs,8,,,,""
2022-10-22,Triceps na ławce sztangą,Triceps,12.5,kgs,8,,,,""
2022-10-22,Przysiad bułgarski,Legs,28.0,kgs,8,,,,""
2022-10-24,PullUp,Back,,,7,,,,""
2022-10-24,PullUp,Back,,,5,,,,""
2022-10-24,PullUp,Back,,,4,,,,""
2022-10-24,PullUp,Back,,,4,,,,""
2022-10-24,Wyciskanie na barki hantlami siedząc,Shoulders,16.0,kgs,8,,,,""
2022-10-24,Wyciskanie na barki hantlami siedząc,Shoulders,16.0,kgs,8,,,,""
2022-10-24,Wyciskanie na barki hantlami siedząc,Shoulders,14.0,kgs,6,,,,""
2022-10-24,Wyciskanie na barki hantlami siedząc,Shoulders,14.0,kgs,8,,,,""
2022-10-24,Wyciskanie na barki hantlami siedząc,Shoulders,14.0,kgs,8,,,,""
2022-10-24,Leg press,Legs,105.0,kgs,12,,,,""
2022-10-24,Leg press,Legs,105.0,kgs,12,,,,""
2022-10-24,Leg press,Legs,105.0,kgs,12,,,,""
2022-10-24,Leg press,Legs,105.0,kgs,12,,,,""
2022-10-24,Leg press,Legs,105.0,kgs,12,,,,""
2022-10-24,Wznosy hantli bokiem,Shoulders,8.0,kgs,8,,,,""
2022-10-24,Wznosy hantli bokiem,Shoulders,8.0,kgs,8,,,,""
2022-10-24,Wznosy hantli bokiem,Shoulders,8.0,kgs,8,,,,""
2022-10-24,Calf raises na maszynie,Legs,100.0,kgs,12,,,,""
2022-10-24,Calf raises na maszynie,Legs,127.0,kgs,12,,,,""
2022-10-24,Calf raises na maszynie,Legs,127.0,kgs,12,,,,""
2022-10-24,Calf raises na maszynie,Legs,134.0,kgs,12,,,,""
2022-10-24,Biceps hantlami stojąc,Biceps,12.0,kgs,8,,,,""
2022-10-24,Biceps hantlami stojąc,Biceps,12.0,kgs,8,,,,""
2022-10-24,Biceps hantlami stojąc,Biceps,12.0,kgs,8,,,,""
2022-10-24,Tył nóg na maszynie,Legs,50.0,kgs,10,,,,""
2022-10-24,Tył nóg na maszynie,Legs,50.0,kgs,8,,,,""
2022-10-24,Tył nóg na maszynie,Legs,50.0,kgs,10,,,,""
2022-10-24,Tył nóg na maszynie,Legs,50.0,kgs,10,,,,""
2022-10-24,PullUp,Back,,,3,,,,""
2022-10-26,Wyciskanie na płaskiej,Chest,20.0,kgs,12,,,,""
2022-10-26,Wyciskanie na płaskiej,Chest,50.0,kgs,5,,,,""
2022-10-26,Wyciskanie na płaskiej,Chest,60.0,kgs,4,,,,""
2022-10-26,Wyciskanie na płaskiej,Chest,60.0,kgs,3,,,,""
2022-10-26,Wyciskanie na płaskiej,Chest,55.0,kgs,5,,,,""
2022-10-26,Przysiad bułgarski,Legs,32.0,kgs,8,,,,""
2022-10-26,Przysiad bułgarski,Legs,32.0,kgs,8,,,,""
2022-10-26,Przysiad bułgarski,Legs,32.0,kgs,6,,,,""
2022-10-26,Wyciskanie na barki hantlami siedząc,Shoulders,14.0,kgs,8,,,,""
2022-10-26,Wyciskanie na barki hantlami siedząc,Shoulders,14.0,kgs,8,,,,""
2022-10-26,Poziome wiosłownie siedząc,Back,39.0,kgs,8,,,,""
2022-10-26,Poziome wiosłownie siedząc,Back,39.0,kgs,8,,,,""
2022-10-26,Poziome wiosłownie siedząc,Back,39.0,kgs,8,,,,""
2022-10-26,Biceps na bramie wysoko,Biceps,14.0,kgs,12,,,,""
2022-10-26,Rope pulldown,Triceps,14.0,kgs,8,,,,""
2022-10-26,Rope pulldown,Triceps,14.0,kgs,8,,,,""
2022-10-26,Biceps na bramie wysoko,Biceps,14.0,kgs,12,,,,""
2022-10-29,PullUp,Back,,,7,,,,""
2022-10-29,PullUp,Back,,,5,,,,""
2022-10-29,PullUp,Back,,,5,,,,""
2022-10-29,PullUp,Back,,,3,,,,""
2022-10-29,Wyciskanie na barki hantlami siedząc,Shoulders,16.0,kgs,8,,,,""
2022-10-29,Wyciskanie na barki hantlami siedząc,Shoulders,16.0,kgs,8,,,,""
2022-10-29,Wyciskanie na barki hantlami siedząc,Shoulders,16.0,kgs,8,,,,""
2022-10-29,Wyciskanie na barki hantlami siedząc,Shoulders,16.0,kgs,8,,,,""
2022-10-29,Wyciskanie na barki hantlami siedząc,Shoulders,16.0,kgs,8,,,,""
2022-10-29,Biceps hantlami stojąc,Biceps,12.0,kgs,8,,,,""
2022-10-29,Biceps hantlami stojąc,Biceps,12.0,kgs,8,,,,""
2022-10-29,Biceps hantlami stojąc,Biceps,12.0,kgs,8,,,,""
2022-10-29,Leg press,Legs,110.0,kgs,12,,,,""
2022-10-29,Leg press,Legs,110.0,kgs,12,,,,""
2022-10-29,Leg press,Legs,110.0,kgs,12,,,,""
2022-10-29,Leg press,Legs,110.0,kgs,12,,,,""
2022-10-29,Leg press,Legs,110.0,kgs,12,,,,""
2022-10-29,Tył nóg na maszynie,Legs,54.0,kgs,10,,,,""
2022-10-29,Tył nóg na maszynie,Legs,54.0,kgs,10,,,,""
2022-10-29,Tył nóg na maszynie,Legs,54.0,kgs,8,,,,""
2022-10-29,Calf raises na maszynie,Legs,120.0,kgs,12,,,,""
2022-10-29,Calf raises na maszynie,Legs,134.0,kgs,12,,,,""
2022-10-29,Calf raises na maszynie,Legs,134.0,kgs,12,,,,""
2022-10-29,Triceps extension,Triceps,36.0,kgs,12,,,,""
2022-10-29,Triceps extension,Triceps,41.0,kgs,12,,,,""
2022-10-29,Triceps extension,Triceps,41.0,kgs,12,,,,""
2022-10-29,Triceps extension,Triceps,41.0,kgs,12,,,,""
2022-10-31,Wyciskanie na płaskiej,Chest,60.0,kgs,3,,,,""
2022-10-31,Wyciskanie na płaskiej,Chest,60.0,kgs,4,,,,""
2022-10-31,Wyciskanie na płaskiej,Chest,50.0,kgs,6,,,,""
2022-10-31,Wyciskanie na płaskiej,Chest,50.0,kgs,6,,,,""
2022-10-31,Wyciskanie na płaskiej,Chest,50.0,kgs,5,,,,""
2022-10-31,Przysiad bułgarski,Legs,32.0,kgs,8,,,,""
2022-10-31,Przysiad bułgarski,Legs,32.0,kgs,8,,,,""
2022-10-31,Przysiad bułgarski,Legs,32.0,kgs,8,,,,""
2022-10-31,Przysiad bułgarski,Legs,32.0,kgs,8,,,,""
2022-10-31,Poziome wiosłownie siedząc,Back,39.0,kgs,8,,,,""
2022-10-31,Poziome wiosłownie siedząc,Back,52.0,kgs,7,,,,""
2022-10-31,Poziome wiosłownie siedząc,Back,45.0,kgs,8,,,,""
2022-10-31,Poziome wiosłownie siedząc,Back,45.0,kgs,8,,,,""
2022-10-31,Poziome wiosłownie siedząc,Back,45.0,kgs,8,,,,""
2022-10-31,Leg press,Legs,120.0,kgs,12,,,,""
2022-10-31,Leg press,Legs,120.0,kgs,12,,,,""
2022-10-31,Leg press,Legs,120.0,kgs,8,,,,""
2022-10-31,Modlitewnik maszyna,Biceps,36.0,kgs,12,,,,""
2022-10-31,Modlitewnik maszyna,Biceps,41.0,kgs,8,,,,""
2022-10-31,Modlitewnik maszyna,Biceps,41.0,kgs,6,,,,""
2022-10-31,Skull crushers hantlami leżac,Triceps,8.0,kgs,12,,,,""
2022-10-31,Skull crushers hantlami leżac,Triceps,8.0,kgs,6,,,,""
2022-10-31,Skull crushers hantlami leżac,Triceps,8.0,kgs,6,,,,""
2022-11-02,PullUp,Back,,,8,,,,""
2022-11-02,PullUp,Back,,,6,,,,""
2022-11-02,PullUp,Back,,,5,,,,""
2022-11-02,PullUp,Back,,,5,,,,""
2022-11-02,PullUp,Back,,,4,,,,""
2022-11-02,OHP,Shoulders,20.0,kgs,12,,,,""
2022-11-02,OHP,Shoulders,30.0,kgs,5,,,,""
2022-11-02,OHP,Shoulders,30.0,kgs,7,,,,""
2022-11-02,OHP,Shoulders,30.0,kgs,5,,,,""
2022-11-02,OHP,Shoulders,30.0,kgs,6,,,,""
2022-11-02,Leg press,Legs,130.0,kgs,12,,,,""
2022-11-02,Leg press,Legs,150.0,kgs,12,,,,""
2022-11-02,Leg press,Legs,150.0,kgs,12,,,,""
2022-11-02,Leg press,Legs,150.0,kgs,10,,,,""
2022-11-02,Skull crushers hantlami leżac,Triceps,8.0,kgs,12,,,,""
2022-11-02,Wznosy hantli bokiem,Shoulders,8.0,kgs,8,,,,""
2022-11-02,Wznosy hantli bokiem,Shoulders,8.0,kgs,8,,,,""
2022-11-02,Skull crushers hantlami leżac,Triceps,8.0,kgs,8,,,,""
2022-11-02,Modlitewnik sztanga,Biceps,15.0,kgs,8,,,,""
2022-11-02,Modlitewnik sztanga,Biceps,15.0,kgs,5,,,,""
2022-11-02,Modlitewnik sztanga,Biceps,15.0,kgs,5,,,,""
2022-11-02,Calf raises na maszynie,Legs,100.0,kgs,12,,,,""
2022-11-02,Calf raises na maszynie,Legs,134.0,kgs,15,,,,""
2022-11-02,Calf raises na maszynie,Legs,134.0,kgs,12,,,,""
2022-11-02,Skull crushers hantlami leżac,Triceps,8.0,kgs,8,,,,""
2022-11-02,Wznosy hantli bokiem,Shoulders,8.0,kgs,8,,,,""
2022-11-03,PullUp,Back,,,8,,,,""
2022-11-03,Dipy,Chest,0.0,kgs,5,,,,""
2022-11-03,Dipy,Chest,0.0,kgs,3,,,,""
2022-11-03,PullUp,Back,,,7,,,,""
2022-11-05,Bieganie na bieżni,Cardio,,,,1.0,km,0:07:21,""
2022-11-05,Converging chest press (maszyna),Chest,52.0,kgs,4,,,,""
2022-11-05,Converging chest press (maszyna),Chest,52.0,kgs,6,,,,""
2022-11-05,Converging chest press (maszyna),Chest,52.0,kgs,5,,,,""
2022-11-05,Converging chest press (maszyna),Chest,39.0,kgs,4,,,,""
2022-11-05,Przysiad bułgarski,Legs,36.0,kgs,8,,,,""
2022-11-05,Przysiad bułgarski,Legs,36.0,kgs,6,,,,""
2022-11-05,Przysiad bułgarski,Legs,36.0,kgs,6,,,,""
2022-11-05,Przysiad bułgarski,Legs,36.0,kgs,8,,,,""
2022-11-05,Poziome wiosłownie siedząc,Back,32.0,kgs,12,,,,""
2022-11-05,Poziome wiosłownie siedząc,Back,52.0,kgs,8,,,,""
2022-11-05,Poziome wiosłownie siedząc,Back,45.0,kgs,8,,,,""
2022-11-05,Poziome wiosłownie siedząc,Back,45.0,kgs,8,,,,""
2022-11-05,Poziome wiosłownie siedząc,Back,45.0,kgs,8,,,,""
2022-11-05,Skull crushers hantlami leżac,Triceps,9.0,kgs,8,,,,""
2022-11-05,Skull crushers hantlami leżac,Triceps,9.0,kgs,6,,,,""
2022-11-05,Skull crushers hantlami leżac,Triceps,9.0,kgs,5,,,,""
2022-11-05,Biceps hantlami stojąc,Biceps,12.0,kgs,8,,,,""
2022-11-05,Biceps hantlami stojąc,Biceps,12.0,kgs,8,,,,""
2022-11-05,Biceps hantlami stojąc,Biceps,12.0,kgs,5,,,,""
2022-11-05,Calf raises na maszynie,Legs,105.0,kgs,12,,,,""
2022-11-05,Calf raises na maszynie,Legs,134.0,kgs,12,,,,""
2022-11-05,Calf raises na maszynie,Legs,134.0,kgs,12,,,,""
2022-11-05,Calf raises na maszynie,Legs,134.0,kgs,12,,,,""
2022-11-05,Wznosy hantli bokiem,Shoulders,6.0,kgs,12,,,,""
2022-11-05,Wznosy hantli bokiem,Shoulders,6.0,kgs,12,,,,""
2022-11-05,Wznosy hantli bokiem,Shoulders,6.0,kgs,12,,,,""
2022-11-08,Przysiad bułgarski,Legs,40.0,kgs,8,,,,""
2022-11-08,Przysiad bułgarski,Legs,40.0,kgs,8,,,,""
2022-11-08,Przysiad bułgarski,Legs,40.0,kgs,8,,,,""
2022-11-08,Przysiad bułgarski,Legs,40.0,kgs,8,,,,""
2022-11-08,Przysiad bułgarski,Legs,40.0,kgs,5,,,,""
2022-11-08,Wiosłowanie stojąc,Back,20.0,kgs,8,,,,""
2022-11-08,Wiosłowanie stojąc,Back,40.0,kgs,8,,,,""
2022-11-08,Wiosłowanie stojąc,Back,50.0,kgs,8,,,,""
2022-11-08,Wiosłowanie stojąc,Back,50.0,kgs,8,,,,""
2022-11-08,Wiosłowanie stojąc,Back,50.0,kgs,8,,,,""
2022-11-08,Modlitewnik sztanga,Biceps,15.0,kgs,8,,,,""
2022-11-08,Skull crushers hantlami leżac,Triceps,8.0,kgs,8,,,,""
2022-11-08,Skull crushers hantlami leżac,Triceps,8.0,kgs,8,,,,""
2022-11-08,Modlitewnik sztanga,Biceps,15.0,kgs,6,,,,""
2022-11-08,Skull crushers hantlami leżac,Triceps,8.0,kgs,8,,,,""
2022-11-08,Leg press,Legs,125.0,kgs,12,,,,""
2022-11-08,Leg press,Legs,150.0,kgs,12,,,,""
2022-11-08,Leg press,Legs,175.0,kgs,8,,,,""
2022-11-08,Leg press,Legs,175.0,kgs,12,,,,""
2022-11-08,Hantle na ławce płaskiej,Chest,16.0,kgs,9,,,,""
2022-11-08,Hantle na ławce płaskiej,Chest,16.0,kgs,8,,,,""
2022-11-08,Hantle na ławce płaskiej,Chest,16.0,kgs,8,,,,""
2022-11-08,Hantle na ławce płaskiej,Chest,14.0,kgs,12,,,,""
2022-11-10,Bieganie na bieżni,Cardio,,,,0.53,km,0:04:40,""
2022-11-10,Bieganie na bieżni,Cardio,,,,0.33,km,0:02:00,""
2022-11-10,PullUp,Back,,,9,,,,""
2022-11-10,PullUp,Back,,,8,,,,""
2022-11-10,PullUp,Back,,,7,,,,""
2022-11-10,PullUp,Back,,,6,,,,""
2022-11-10,Leg press,Legs,100.0,kgs,12,,,,""
2022-11-10,Leg press,Legs,150.0,kgs,12,,,,""
2022-11-10,Leg press,Legs,150.0,kgs,12,,,,""
2022-11-10,Leg press,Legs,150.0,kgs,12,,,,""
2022-11-10,Leg press,Legs,150.0,kgs,12,,,,""
2022-11-10,Tył nóg na maszynie,Legs,36.0,kgs,12,,,,""
2022-11-10,Tył nóg na maszynie,Legs,54.0,kgs,12,,,,""
2022-11-10,Tył nóg na maszynie,Legs,54.0,kgs,12,,,,""
2022-11-10,Biceps hantlami stojąc,Biceps,8.0,kgs,12,,,,""
2022-11-10,Wznosy hantli bokiem,Shoulders,7.0,kgs,10,,,,""
2022-11-12,PullUp,Back,,,6,,,,""
2022-11-12,Hantle na ławce płaskiej,Chest,16.0,kgs,12,,,,""
2022-11-12,Hantle na ławce płaskiej,Chest,16.0,kgs,12,,,,""
2022-11-12,Hantle na ławce płaskiej,Chest,16.0,kgs,12,,,,""
2022-11-12,Hantle na ławce płaskiej,Chest,16.0,kgs,11,,,,""
2022-11-12,Hantle na ławce płaskiej,Chest,14.0,kgs,9,,,,""
2022-11-12,Przysiad bułgarski,Legs,40.0,kgs,8,,,,""
2022-11-12,Przysiad bułgarski,Legs,40.0,kgs,8,,,,""
2022-11-12,Przysiad bułgarski,Legs,40.0,kgs,8,,,,""
2022-11-12,Przysiad bułgarski,Legs,40.0,kgs,8,,,,""
2022-11-12,Skull crushers hantlami leżac,Triceps,10.0,kgs,5,,,,""
2022-11-12,Biceps hantlami stojąc,Biceps,10.0,kgs,12,,,,""
2022-11-12,Biceps hantlami stojąc,Biceps,10.0,kgs,12,,,,""
2022-11-12,Skull crushers hantlami leżac,Triceps,10.0,kgs,6,,,,""
2022-11-12,Skull crushers hantlami leżac,Triceps,10.0,kgs,6,,,,""
2022-11-12,Biceps hantlami stojąc,Biceps,10.0,kgs,5,,,,""
2022-11-12,Poziome wiosłownie siedząc,Back,39.0,kgs,12,,,,""
2022-11-12,Poziome wiosłownie siedząc,Back,59.0,kgs,8,,,,""
2022-11-12,Poziome wiosłownie siedząc,Back,59.0,kgs,8,,,,""
2022-11-12,Poziome wiosłownie siedząc,Back,52.0,kgs,8,,,,""
2022-11-12,Calf raises na maszynie,Legs,100.0,kgs,12,,,,""
2022-11-12,Calf raises na maszynie,Legs,134.0,kgs,12,,,,""
2022-11-12,Calf raises na maszynie,Legs,134.0,kgs,12,,,,""
2022-11-12,Calf raises na maszynie,Legs,134.0,kgs,12,,,,""
2022-11-12,Calf raises na maszynie,Legs,134.0,kgs,12,,,,""
2022-11-12,Wznosy nóg na podporkach,Abs,,,8,,,,""
2022-11-14,PullUp,Back,,,10,,,,""
2022-11-14,PullUp,Back,,,6,,,,""
2022-11-14,PullUp,Back,,,5,,,,""
2022-11-14,PullUp,Back,,,3,,,,""
2022-11-14,Wyciskanie na barki hantlami siedząc,Shoulders,18.0,kgs,8,,,,""
2022-11-14,Wznosy hantli bokiem,Shoulders,7.0,kgs,8,,,,""
2022-11-14,Wyciskanie na barki hantlami siedząc,Shoulders,18.0,kgs,8,,,,""
2022-11-14,Wyciskanie na barki hantlami siedząc,Shoulders,18.0,kgs,4,,,,""
2022-11-14,Wyciskanie na barki hantlami siedząc,Shoulders,16.0,kgs,9,,,,""
2022-11-14,Wznosy hantli bokiem,Shoulders,7.0,kgs,8,,,,""
2022-11-14,Wznosy hantli bokiem,Shoulders,7.0,kgs,8,,,,""
2022-11-14,Wyciskanie na barki hantlami siedząc,Shoulders,16.0,kgs,9,,,,""
2022-11-14,Leg press,Legs,150.0,kgs,12,,,,""
2022-11-14,Leg press,Legs,190.0,kgs,12,,,,""
2022-11-14,Leg press,Legs,190.0,kgs,8,,,,""
2022-11-14,Leg press,Legs,190.0,kgs,12,,,,""
2022-11-14,Rope pulldown,Triceps,14.0,kgs,12,,,,""
2022-11-14,Rope pulldown,Triceps,14.0,kgs,12,,,,""
2022-11-14,Rope pulldown,Triceps,14.0,kgs,12,,,,""
2022-11-14,Biceps na bramie wysoko,Biceps,14.0,kgs,12,,,,""
2022-11-14,Biceps na bramie wysoko,Biceps,18.0,kgs,8,,,,""
2022-11-17,PullUp,Back,,,8,,,,""
2022-11-17,PullUp,Back,,,5,,,,""
2022-11-17,PullUp,Back,,,4,,,,""
2022-11-17,PullUp,Back,,,4,,,,""
2022-11-17,PullUp,Back,,,4,,,,""
2022-11-17,Wznosy hantli bokiem,Shoulders,6.0,kgs,12,,,,""
2022-11-17,OHP,Shoulders,20.0,kgs,8,,,,""
2022-11-17,OHP,Shoulders,35.0,kgs,5,,,,""
2022-11-17,OHP,Shoulders,30.0,kgs,8,,,,""
2022-11-17,OHP,Shoulders,30.0,kgs,7,,,,""
2022-11-17,OHP,Shoulders,30.0,kgs,8,,,,""
2022-11-17,OHP,Shoulders,30.0,kgs,5,,,,""
2022-11-17,Leg press,Legs,155.0,kgs,12,,,,""
2022-11-17,Leg press,Legs,170.0,kgs,12,,,,""
2022-11-17,Leg press,Legs,190.0,kgs,12,,,,""
2022-11-17,Leg press,Legs,190.0,kgs,12,,,,""
2022-11-17,Modlitewnik sztanga,Biceps,15.0,kgs,8,,,,""
2022-11-17,Modlitewnik sztanga,Biceps,15.0,kgs,4,,,,""
2022-11-17,Modlitewnik sztanga,Biceps,12.5,kgs,6,,,,""
2022-11-17,Skull crushers hantlami leżac,Triceps,9.0,kgs,10,,,,""
2022-11-17,Skull crushers hantlami leżac,Triceps,9.0,kgs,8,,,,""
2022-11-17,Skull crushers hantlami leżac,Triceps,9.0,kgs,6,,,,""
2022-11-17,Calf raises na maszynie,Legs,143.0,kgs,12,,,,""
2022-11-17,Calf raises na maszynie,Legs,143.0,kgs,12,,,,""
2022-11-17,Calf raises na maszynie,Legs,143.0,kgs,12,,,,""
2022-11-21,Wyciskanie na płaskiej,Chest,20.0,kgs,8,,,,""
2022-11-21,Wyciskanie na płaskiej,Chest,50.0,kgs,8,,,,""
2022-11-21,Wyciskanie na płaskiej,Chest,60.0,kgs,5,,,,""
2022-11-21,Wyciskanie na płaskiej,Chest,60.0,kgs,3,,,,""
2022-11-21,Wyciskanie na płaskiej,Chest,55.0,kgs,5,,,,""
2022-11-21,Wyciskanie na Smith'a,Chest,50.0,kgs,8,,,,""
2022-11-21,Wyciskanie na Smith'a,Chest,50.0,kgs,8,,,,""
2022-11-21,Wyciskanie na Smith'a,Chest,50.0,kgs,12,,,,""
2022-11-21,Wyciskanie na Smith'a,Chest,50.0,kgs,12,,,,""
2022-11-21,Tył nóg na maszynie,Legs,32.0,kgs,12,,,,""
2022-11-21,Tył nóg na maszynie,Legs,54.0,kgs,10,,,,""
2022-11-21,Lat Pull,Back,39.0,kgs,8,,,,""
2022-11-21,Lat Pull,Back,45.0,kgs,6,,,,""
2022-11-21,Lat Pull,Back,45.0,kgs,8,,,,""
2022-11-21,Rope pulldown,Triceps,14.0,kgs,12,,,,""
2022-11-21,Rope pulldown,Triceps,18.0,kgs,8,,,,""
2022-11-24,PullUp,Back,,,10,,,,""
2022-11-24,PullUp,Back,,,7,,,,""
2022-11-24,PullUp,Back,,,7,,,,""
2022-11-24,PullUp,Back,,,4,,,,""
2022-11-24,Leg press,Legs,150.0,kgs,12,,,,""
2022-11-24,Leg press,Legs,175.0,kgs,12,,,,""
2022-11-24,Leg press,Legs,175.0,kgs,12,,,,""
2022-11-24,Leg press,Legs,175.0,kgs,12,,,,""
2022-11-24,Leg press,Legs,175.0,kgs,12,,,,""
2022-11-24,Wyciskanie na barki hantlami siedząc,Shoulders,18.0,kgs,12,,,,""
2022-11-24,Wyciskanie na barki hantlami siedząc,Shoulders,18.0,kgs,12,,,,""
2022-11-24,Wyciskanie na barki hantlami siedząc,Shoulders,18.0,kgs,6,,,,""
2022-11-24,Calf raises na maszynie,Legs,113.0,kgs,12,,,,""
2022-11-24,Calf raises na maszynie,Legs,143.0,kgs,12,,,,""
2022-11-24,Calf raises na maszynie,Legs,143.0,kgs,12,,,,""
2022-11-26,Bieganie na bieżni,Cardio,,,,1.04,km,0:08:54,""
2022-11-26,Wyciskanie na płaskiej,Chest,20.0,kgs,10,,,,""
2022-11-26,Wyciskanie na płaskiej,Chest,55.0,kgs,7,,,,""
2022-11-26,Wyciskanie na płaskiej,Chest,50.0,kgs,8,,,,""
2022-11-26,Wyciskanie na płaskiej,Chest,55.0,kgs,6,,,,""
2022-11-26,Wyciskanie na płaskiej,Chest,55.0,kgs,5,,,,""
2022-11-26,Wyciskanie na płaskiej,Chest,55.0,kgs,4,,,,""
2022-11-26,Przysiad bułgarski,Legs,40.0,kgs,8,,,,""
2022-11-26,Przysiad bułgarski,Legs,40.0,kgs,8,,,,""
2022-11-26,Przysiad bułgarski,Legs,40.0,kgs,8,,,,""
2022-11-26,Przysiad bułgarski,Legs,40.0,kgs,8,,,,""
2022-11-26,Skull crushers hantlami leżac,Triceps,10.0,kgs,8,,,,""
2022-11-26,Skull crushers hantlami leżac,Triceps,10.0,kgs,6,,,,""
2022-11-26,Skull crushers hantlami leżac,Triceps,10.0,kgs,7,,,,""
2022-11-26,Skull crushers hantlami leżac,Triceps,10.0,kgs,7,,,,""
2022-11-26,Rope pulldown,Triceps,14.0,kgs,8,,,,""
2022-11-26,Rope pulldown,Triceps,14.0,kgs,7,,,,""
2022-11-26,Rope pulldown,Triceps,9.0,kgs,10,,,,""
2022-11-26,Leg press,Legs,175.0,kgs,12,,,,""
2022-11-26,Leg press,Legs,175.0,kgs,8,,,,""
2022-11-26,Leg press,Legs,150.0,kgs,12,,,,""
2022-11-26,Leg press,Legs,150.0,kgs,12,,,,""
2022-11-26,Poziome wiosłownie siedząc,Back,39.0,kgs,10,,,,""
2022-11-26,Poziome wiosłownie siedząc,Back,39.0,kgs,12,,,,""
2022-11-26,Poziome wiosłownie siedząc,Back,39.0,kgs,12,,,,""
2022-11-26,Poziome wiosłownie siedząc,Back,39.0,kgs,12,,,,""
2022-11-26,Biceps hantlami stojąc,Biceps,14.0,kgs,8,,,,""
2022-11-26,Wznosy hantli bokiem,Shoulders,8.0,kgs,12,,,,""
2022-11-26,Wznosy hantli bokiem,Shoulders,8.0,kgs,8,,,,""
2022-11-26,Biceps hantlami stojąc,Biceps,14.0,kgs,8,,,,""
2022-11-28,PullUp,Back,,,10,,,,""
2022-11-28,PullUp,Back,,,8,,,,""
2022-11-28,PullUp,Back,,,8,,,,""
2022-11-28,PullUp,Back,,,7,,,,""
2022-11-28,PullUp,Back,,,5,,,,""
2022-11-28,Wyciskanie na barki hantlami siedząc,Shoulders,18.0,kgs,12,,,,""
2022-11-28,Wznosy hantli bokiem,Shoulders,6.0,kgs,8,,,,""
2022-11-28,Wyciskanie na barki hantlami siedząc,Shoulders,18.0,kgs,8,,,,""
2022-11-28,Wyciskanie na barki hantlami siedząc,Shoulders,16.0,kgs,8,,,,""
2022-11-28,Wyciskanie na barki hantlami siedząc,Shoulders,18.0,kgs,8,,,,""
2022-11-28,Wznosy hantli bokiem,Shoulders,6.0,kgs,8,,,,""
2022-11-28,Wznosy hantli bokiem,Shoulders,6.0,kgs,8,,,,""
2022-11-28,Leg press,Legs,150.0,kgs,12,,,,""
2022-11-28,Leg press,Legs,175.0,kgs,12,,,,""
2022-11-28,Leg press,Legs,190.0,kgs,12,,,,""
2022-11-28,Leg press,Legs,200.0,kgs,12,,,,""
2022-11-28,Rope pulldown,Triceps,18.0,kgs,8,,,,""
2022-11-28,Modlitewnik maszyna,Biceps,36.0,kgs,12,,,,""
2022-11-28,Modlitewnik maszyna,Biceps,36.0,kgs,12,,,,""
2022-11-28,Modlitewnik maszyna,Biceps,36.0,kgs,12,,,,""
2022-11-28,Rope pulldown,Triceps,14.0,kgs,8,,,,""
2022-11-28,Rope pulldown,Triceps,14.0,kgs,8,,,,""
2022-11-28,Calf raises na maszynie,Legs,143.0,kgs,12,,,,""
2022-11-28,Calf raises na maszynie,Legs,143.0,kgs,12,,,,""
2022-11-29,Hantle na ławce płaskiej,Chest,12.0,kgs,12,,,,""
2022-11-29,Hantle na ławce płaskiej,Chest,20.0,kgs,8,,,,""
2022-11-29,Hantle na ławce płaskiej,Chest,20.0,kgs,7,,,,""
2022-11-29,Hantle na ławce płaskiej,Chest,20.0,kgs,8,,,,""
2022-11-29,Hantle na ławce płaskiej,Chest,20.0,kgs,7,,,,""
2022-11-29,Przysiad bułgarski,Legs,40.0,kgs,8,,,,""
2022-11-29,Przysiad bułgarski,Legs,40.0,kgs,8,,,,""
2022-11-29,Przysiad bułgarski,Legs,40.0,kgs,8,,,,""
2022-11-29,Poziome wiosłownie siedząc,Back,45.0,kgs,10,,,,""
2022-11-29,Przysiad bułgarski,Legs,40.0,kgs,8,,,,""
2022-11-29,Przysiad bułgarski,Legs,40.0,kgs,8,,,,""
2022-11-29,Poziome wiosłownie siedząc,Back,45.0,kgs,10,,,,""
2022-11-29,Poziome wiosłownie siedząc,Back,45.0,kgs,10,,,,""
2022-11-29,Poziome wiosłownie siedząc,Back,39.0,kgs,12,,,,""
2022-11-29,Poziome wiosłownie siedząc,Back,39.0,kgs,12,,,,""
2022-11-29,Biceps na bramie wysoko,Biceps,18.0,kgs,8,,,,""
2022-11-29,Biceps na bramie wysoko,Biceps,18.0,kgs,12,,,,""
2022-11-29,Calf raises na maszynie,Legs,143.0,kgs,18,,,,""
2022-12-01,PullUp,Back,,,9,,,,""
2022-12-01,PullUp,Back,,,8,,,,""
2022-12-01,PullUp,Back,,,5,,,,""
2022-12-01,Wyciskanie na barki hantlami siedząc,Shoulders,20.0,kgs,8,,,,""
2022-12-01,Wyciskanie na barki hantlami siedząc,Shoulders,20.0,kgs,8,,,,""
2022-12-01,Wyciskanie na barki hantlami siedząc,Shoulders,20.0,kgs,8,,,,""
2022-12-01,Wyciskanie na barki hantlami siedząc,Shoulders,20.0,kgs,8,,,,""
2022-12-01,Wyciskanie na barki hantlami siedząc,Shoulders,20.0,kgs,2,,,,""
2022-12-01,Leg press,Legs,150.0,kgs,12,,,,""
2022-12-01,Leg press,Legs,175.0,kgs,12,,,,""
2022-12-01,Leg press,Legs,190.0,kgs,12,,,,""
2022-12-01,Leg press,Legs,190.0,kgs,12,,,,""
2022-12-01,Leg press,Legs,190.0,kgs,12,,,,""
2022-12-01,PullUp,Back,,,5,,,,""
2022-12-01,Skull crushers hantlami leżac,Triceps,10.0,kgs,8,,,,""
2022-12-01,Skull crushers hantlami leżac,Triceps,10.0,kgs,8,,,,""
2022-12-01,Skull crushers hantlami leżac,Triceps,10.0,kgs,5,,,,""
2022-12-01,Biceps hantlami stojąc,Biceps,12.0,kgs,8,,,,""
2022-12-01,Biceps hantlami stojąc,Biceps,14.0,kgs,8,,,,""
2022-12-01,Biceps hantlami stojąc,Biceps,14.0,kgs,6,,,,""
2022-12-01,Calf raises na maszynie,Legs,143.0,kgs,15,,,,""
2022-12-01,Calf raises na maszynie,Legs,143.0,kgs,18,,,,""
2022-12-01,Calf raises na maszynie,Legs,143.0,kgs,12,,,,""
2022-12-06,Wyciskanie na Smith'a,Chest,50.0,kgs,12,,,,""
2022-12-06,Wyciskanie na Smith'a,Chest,60.0,kgs,10,,,,""
2022-12-06,Wyciskanie na Smith'a,Chest,60.0,kgs,8,,,,""
2022-12-06,Wyciskanie na Smith'a,Chest,65.0,kgs,5,,,,""
2022-12-06,Wyciskanie na Smith'a,Chest,65.0,kgs,5,,,,""
2022-12-06,Przysiad bułgarski,Legs,40.0,kgs,10,,,,""
2022-12-06,Przysiad bułgarski,Legs,40.0,kgs,10,,,,""
2022-12-06,Poziome wiosłownie siedząc,Back,39.0,kgs,12,,,,""
2022-12-06,Przysiad bułgarski,Legs,40.0,kgs,10,,,,""
2022-12-06,Poziome wiosłownie siedząc,Back,39.0,kgs,12,,,,""
2022-12-06,Poziome wiosłownie siedząc,Back,39.0,kgs,12,,,,""
2022-12-06,Poziome wiosłownie siedząc,Back,39.0,kgs,12,,,,""
2022-12-06,Poziome wiosłownie siedząc,Back,39.0,kgs,10,,,,""
2022-12-06,Leg press,Legs,150.0,kgs,12,,,,""
2022-12-06,Leg press,Legs,200.0,kgs,10,,,,""
2022-12-06,Leg press,Legs,200.0,kgs,10,,,,""
2022-12-06,Leg press,Legs,200.0,kgs,10,,,,""
2022-12-06,Rope pulldown,Triceps,14.0,kgs,12,,,,""
2022-12-06,Rope pulldown,Triceps,14.0,kgs,12,,,,""
2022-12-08,PullUp,Back,,,10,,,,""
2022-12-08,PullUp,Back,,,7,,,,""
2022-12-08,PullUp,Back,,,7,,,,""
2022-12-08,PullUp,Back,,,5,,,,""
2022-12-08,Leg press,Legs,150.0,kgs,12,,,,""
2022-12-08,Leg press,Legs,200.0,kgs,12,,,,""
2022-12-08,Leg press,Legs,200.0,kgs,12,,,,""
2022-12-08,Wyciskanie na barki hantlami siedząc,Shoulders,20.0,kgs,8,,,,""
2022-12-08,Wyciskanie na barki hantlami siedząc,Shoulders,20.0,kgs,8,,,,""
2022-12-08,Wyciskanie na barki hantlami siedząc,Shoulders,20.0,kgs,5,,,,""
2022-12-08,Calf raises na maszynie,Legs,143.0,kgs,12,,,,""
2022-12-08,Calf raises na maszynie,Legs,143.0,kgs,12,,,,""
2022-12-08,Calf raises na maszynie,Legs,143.0,kgs,12,,,,""
2022-12-08,Calf raises na maszynie,Legs,143.0,kgs,12,,,,""
2022-12-08,Rope pulldown,Triceps,18.0,kgs,12,,,,""
2022-12-08,Rope pulldown,Triceps,18.0,kgs,10,,,,""
2022-12-08,Rope pulldown,Triceps,18.0,kgs,7,,,,""
2022-12-08,Biceps hantlami stojąc,Biceps,12.0,kgs,8,,,,""
2022-12-08,Biceps hantlami stojąc,Biceps,12.0,kgs,8,,,,""
2022-12-10,Wyciskanie na płaskiej,Chest,20.0,kgs,8,,,,""
2022-12-10,Wyciskanie na płaskiej,Chest,50.0,kgs,6,,,,""
2022-12-10,Wyciskanie na płaskiej,Chest,65.0,kgs,5,,,,""
2022-12-10,Wyciskanie na płaskiej,Chest,65.0,kgs,5,,,,""
2022-12-10,Wyciskanie na płaskiej,Chest,65.0,kgs,4,,,,""
2022-12-10,Wyciskanie na płaskiej,Chest,60.0,kgs,6,,,,""
2022-12-10,Leg extension,Legs,59.0,kgs,12,,,,""
2022-12-10,Leg extension,Legs,66.0,kgs,8,,,,""
2022-12-10,Leg extension,Legs,66.0,kgs,8,,,,""
2022-12-10,Leg extension,Legs,73.0,kgs,8,,,,""
2022-12-10,Tył nóg na maszynie,Legs,54.0,kgs,10,,,,""
2022-12-10,Tył nóg na maszynie,Legs,54.0,kgs,9,,,,""
2022-12-10,Tył nóg na maszynie,Legs,54.0,kgs,8,,,,""
2022-12-10,Wiosłowanie stojąc,Back,30.0,kgs,8,,,,""
2022-12-10,Wiosłowanie stojąc,Back,40.0,kgs,8,,,,""
2022-12-10,Wiosłowanie stojąc,Back,40.0,kgs,8,,,,""
2022-12-10,Wiosłowanie stojąc,Back,40.0,kgs,8,,,,""
2022-12-10,Wiosłowanie stojąc,Back,40.0,kgs,10,,,,""
2022-12-10,Modlitewnik sztanga,Biceps,20.0,kgs,5,,,,""
2022-12-10,Modlitewnik sztanga,Biceps,20.0,kgs,5,,,,""
2022-12-10,Modlitewnik sztanga,Biceps,20.0,kgs,5,,,,""
2022-12-10,Wznosy nóg na podporkach,Abs,,,12,,,,""
2022-12-10,Wznosy nóg na podporkach,Abs,,,11,,,,""
2022-12-10,Wznosy nóg na podporkach,Abs,,,8,,,,""
2022-12-10,Brzuszki,Abs,0.0,kgs,7,,,,""
2022-12-12,Wyciskanie na płaskiej,Chest,20.0,kgs,8,,,,""
2022-12-12,Wyciskanie na płaskiej,Chest,40.0,kgs,8,,,,""
2022-12-12,Wyciskanie na płaskiej,Chest,50.0,kgs,8,,,,""
2022-12-12,Wyciskanie na płaskiej,Chest,65.0,kgs,4,,,,""
2022-12-12,Wyciskanie na płaskiej,Chest,65.0,kgs,3,,,,""
2022-12-12,Wyciskanie na płaskiej,Chest,70.0,kgs,1,,,,""
2022-12-12,PullUp,Back,,,8,,,,""
2022-12-12,PullUp,Back,,,7,,,,""
2022-12-12,PullUp,Back,,,3,,,,""
2022-12-12,Przysiad bułgarski,Legs,40.0,kgs,8,,,,""
2022-12-12,Przysiad bułgarski,Legs,30.0,kgs,8,,,,""
2022-12-12,Przysiad bułgarski,Legs,40.0,kgs,8,,,,""
2022-12-12,Przysiad bułgarski,Legs,40.0,kgs,8,,,,""
2022-12-12,Przysiad bułgarski,Legs,40.0,kgs,8,,,,""
2022-12-14,PullUp,Back,,,7,,,,""
2022-12-14,PullUp,Back,,,6,,,,""
2022-12-14,PullUp,Back,,,8,,,,""
2022-12-14,PullUp,Back,,,6,,,,""
2022-12-14,PullUp,Back,,,6,,,,""
2022-12-14,Wyciskanie na barki hantlami siedząc,Shoulders,18.0,kgs,5,,,,""
2022-12-14,Wyciskanie na barki hantlami siedząc,Shoulders,20.0,kgs,6,,,,""
2022-12-14,Wyciskanie na barki hantlami siedząc,Shoulders,20.0,kgs,8,,,,""
2022-12-14,Wyciskanie na barki hantlami siedząc,Shoulders,20.0,kgs,8,,,,""
2022-12-14,Tył nóg na maszynie,Legs,50.0,kgs,10,,,,""
2022-12-14,Tył nóg na maszynie,Legs,59.0,kgs,8,,,,""
2022-12-14,Tył nóg na maszynie,Legs,59.0,kgs,8,,,,""
2022-12-14,Tył nóg na maszynie,Legs,54.0,kgs,6,,,,""
2022-12-14,Dipy,Chest,0.0,kgs,3,,,,""
2022-12-14,Dipy,Chest,32.0,kgs,5,,,,""
2022-12-14,Dipy,Chest,32.0,kgs,6,,,,""
2022-12-14,Rear delt,Shoulders,32.0,kgs,12,,,,""
2022-12-14,Rear delt,Shoulders,39.0,kgs,12,,,,""
2022-12-14,Biceps na bramie sznur dół,Biceps,36.0,kgs,10,,,,""
2022-12-14,Biceps na bramie sznur dół,Biceps,36.0,kgs,10,,,,""
2022-12-14,Brzuszki,Abs,0.0,kgs,20,,,,""
2022-12-14,Brzuszki,Abs,0.0,kgs,15,,,,""
2022-12-14,Plank,Abs,,,,,,0:30:00,""
2022-12-15,Wyciskanie na płaskiej,Chest,20.0,kgs,8,,,,""
2022-12-15,Wyciskanie na płaskiej,Chest,40.0,kgs,8,,,,""
2022-12-15,Wyciskanie na płaskiej,Chest,65.0,kgs,6,,,,""
2022-12-15,Wyciskanie na płaskiej,Chest,65.0,kgs,5,,,,""
2022-12-15,Wyciskanie na płaskiej,Chest,60.0,kgs,4,,,,""
2022-12-15,Wyciskanie na płaskiej,Chest,60.0,kgs,5,,,,""
2022-12-15,Wyciskanie na płaskiej,Chest,60.0,kgs,5,,,,""
2022-12-15,Lat Pull,Back,39.0,kgs,8,,,,""
2022-12-15,Lat Pull,Back,45.0,kgs,8,,,,""
2022-12-15,Lat Pull,Back,52.0,kgs,7,,,,""
2022-12-15,Lat Pull,Back,52.0,kgs,7,,,,""
2022-12-15,Lat Pull,Back,52.0,kgs,5,,,,""
2022-12-15,Przysiad ze sztangą,Back,50.0,kgs,12,,,,""
2022-12-15,Przysiad ze sztangą,Back,70.0,kgs,7,,,,""
2022-12-15,Przysiad ze sztangą,Back,70.0,kgs,7,,,,""
2022-12-15,Przysiad ze sztangą,Back,70.0,kgs,5,,,,""
2022-12-15,Wznosy hantli bokiem,Shoulders,8.0,kgs,8,,,,""
2022-12-15,Triceps na linkach superman,Triceps,11.0,kgs,8,,,,""
2022-12-15,Triceps na linkach superman,Triceps,11.0,kgs,8,,,,""
2022-12-15,Triceps na linkach superman,Triceps,11.0,kgs,8,,,,""
2022-12-15,Biceps na bramie wysoko,Biceps,18.0,kgs,12,,,,""
2022-12-15,Biceps na bramie wysoko,Biceps,18.0,kgs,8,,,,""
2022-12-15,Brzuszki,Abs,0.0,kgs,20,,,,""
2022-12-15,Brzuszki,Abs,0.0,kgs,12,,,,""
2022-12-15,Brzuszki,Abs,0.0,kgs,10,,,,""
2022-12-15,Biceps na bramie wysoko,Biceps,18.0,kgs,8,,,,""
2022-12-18,PullUp,Back,,,5,,,,""
2022-12-18,PullUp,Back,,,7,,,,""
2022-12-18,PullUp,Back,,,3,,,,""
2022-12-18,PullUp,Back,,,5,,,,""
2022-12-18,OHP,Shoulders,15.0,kgs,8,,,,""
2022-12-18,OHP,Shoulders,30.0,kgs,8,,,,""
2022-12-18,OHP,Shoulders,35.0,kgs,8,,,,""
2022-12-18,OHP,Shoulders,35.0,kgs,5,,,,""
2022-12-18,OHP,Shoulders,35.0,kgs,6,,,,""
2022-12-18,OHP,Shoulders,35.0,kgs,5,,,,""
2022-12-18,Leg press,Legs,140.0,kgs,12,,,,""
2022-12-18,Leg press,Legs,190.0,kgs,8,,,,""
2022-12-18,Leg press,Legs,190.0,kgs,8,,,,""
2022-12-18,Leg press,Legs,190.0,kgs,8,,,,""
2022-12-18,Biceps na bramie sznur dół,Biceps,41.0,kgs,12,,,,""
2022-12-18,Triceps na linkach superman,Triceps,11.0,kgs,8,,,,""
2022-12-18,Biceps na bramie sznur dół,Biceps,41.0,kgs,10,,,,""
2022-12-18,Triceps na linkach superman,Triceps,11.0,kgs,8,,,,""
2022-12-18,Triceps na linkach superman,Triceps,11.0,kgs,10,,,,""
2022-12-18,Biceps na bramie sznur dół,Biceps,41.0,kgs,8,,,,""
2022-12-18,Brzuszki,Abs,0.0,kgs,25,,,,""
2022-12-18,Brzuszki,Abs,0.0,kgs,20,,,,""
2022-12-18,Brzuszki,Abs,0.0,kgs,20,,,,""
2022-12-18,Deadhang,Back,,,,,,0:01:00,""
2022-12-20,Hantle na ławce płaskiej,Chest,14.0,kgs,10,,,,""
2022-12-20,Hantle na ławce płaskiej,Chest,24.0,kgs,8,,,,""
2022-12-20,Hantle na ławce płaskiej,Chest,22.0,kgs,8,,,,""
2022-12-20,Hantle na ławce płaskiej,Chest,22.0,kgs,8,,,,""
2022-12-20,Hantle na ławce płaskiej,Chest,22.0,kgs,6,,,,""
2022-12-20,Tył nóg na maszynie,Legs,61.0,kgs,10,,,,""
2022-12-20,Leg extension,Legs,59.0,kgs,12,,,,""
2022-12-20,Leg extension,Legs,59.0,kgs,12,,,,""
2022-12-20,Tył nóg na maszynie,Legs,54.0,kgs,10,,,,""
2022-12-20,Tył nóg na maszynie,Legs,50.0,kgs,10,,,,""
2022-12-20,Leg extension,Legs,59.0,kgs,12,,,,""
2022-12-20,Poziome wiosłownie siedząc,Back,39.0,kgs,12,,,,""
2022-12-20,Poziome wiosłownie siedząc,Back,39.0,kgs,10,,,,""
2022-12-20,Poziome wiosłownie siedząc,Back,39.0,kgs,10,,,,""
2022-12-20,Poziome wiosłownie siedząc,Back,39.0,kgs,8,,,,""
2022-12-20,Poziome wiosłownie siedząc,Back,39.0,kgs,10,,,,""
2022-12-20,Modlitewnik sztanga,Biceps,20.0,kgs,5,,,,""
2022-12-20,Modlitewnik sztanga,Biceps,20.0,kgs,5,,,,""
2022-12-20,Modlitewnik sztanga,Biceps,20.0,kgs,5,,,,""
2022-12-20,Dipy,Chest,27.0,kgs,8,,,,""
2022-12-20,Dipy,Chest,0.0,kgs,8,,,,""
2022-12-20,Dipy,Chest,0.0,kgs,6,,,,""
2022-12-20,Dipy,Chest,0.0,kgs,4,,,,""
2022-12-22,PullUp,Back,,,9,,,,""
2022-12-22,PullUp,Back,,,8,,,,""
2022-12-22,PullUp,Back,,,8,,,,""
2022-12-22,PullUp,Back,,,6,,,,""
2022-12-22,PullUp,Back,,,5,,,,""
2022-12-22,PullUp,Back,,,3,,,,""
2022-12-22,Wyciskanie na barki hantlami siedząc,Shoulders,18.0,kgs,8,,,,""
2022-12-22,Wyciskanie na barki hantlami siedząc,Shoulders,20.0,kgs,8,,,,""
2022-12-22,Wyciskanie na barki hantlami siedząc,Shoulders,20.0,kgs,5,,,,""
2022-12-22,Wyciskanie na barki hantlami siedząc,Shoulders,18.0,kgs,8,,,,""
2022-12-22,Leg press,Legs,155.0,kgs,12,,,,""
2022-12-22,Leg press,Legs,180.0,kgs,12,,,,""
2022-12-22,Leg press,Legs,180.0,kgs,12,,,,""
2022-12-22,Leg press,Legs,200.0,kgs,12,,,,""
2022-12-22,Leg press,Legs,200.0,kgs,12,,,,""
2022-12-22,Wznosy hantli bokiem,Shoulders,7.0,kgs,8,,,,""
2022-12-22,Wznosy hantli bokiem,Shoulders,7.0,kgs,8,,,,""
2022-12-22,Wznosy hantli bokiem,Shoulders,7.0,kgs,8,,,,""
2022-12-22,Rope pulldown,Triceps,18.0,kgs,12,,,,""
2022-12-22,Rope pulldown,Triceps,18.0,kgs,8,,,,""
2022-12-22,Rope pulldown,Triceps,18.0,kgs,10,,,,""
2022-12-22,Diverging seated row,Back,32.0,kgs,8,,,,""
2022-12-22,Diverging seated row,Back,41.0,kgs,8,,,,""
2022-12-22,Diverging seated row,Back,41.0,kgs,8,,,,""
2022-12-22,Modlitewnik sztanga,Biceps,20.0,kgs,7,,,,""
2022-12-22,Modlitewnik sztanga,Biceps,20.0,kgs,4,,,,""
2022-12-22,Modlitewnik sztanga,Biceps,20.0,kgs,5,,,,""
2022-12-22,Wznosy nóg na podporkach,Abs,,,12,,,,""
2022-12-23,Push-up,Chest,,,10,,,,""
2022-12-24,Przysiad bułgarski,Legs,44.0,kgs,8,,,,""
2022-12-24,Przysiad bułgarski,Legs,44.0,kgs,8,,,,""
2022-12-24,Przysiad bułgarski,Legs,44.0,kgs,8,,,,""
2022-12-24,Przysiad bułgarski,Legs,44.0,kgs,8,,,,""
2022-12-24,Calf raises na maszynie,Legs,143.0,kgs,12,,,,""
2022-12-24,Calf raises na maszynie,Legs,134.0,kgs,12,,,,""
2022-12-24,Calf raises na maszynie,Legs,143.0,kgs,10,,,,""
2022-12-24,Calf raises na maszynie,Legs,143.0,kgs,12,,,,""
2022-12-24,Wyciskanie na płaskiej,Chest,65.0,kgs,5,,,,""
2022-12-24,Wyciskanie na płaskiej,Chest,65.0,kgs,8,,,,""
2022-12-24,Wyciskanie na płaskiej,Chest,70.0,kgs,4,,,,""
2022-12-24,Wyciskanie na płaskiej,Chest,70.0,kgs,3,,,,""
2022-12-24,Modlitewnik sztanga,Biceps,20.0,kgs,5,,,,""
2022-12-24,Modlitewnik sztanga,Biceps,20.0,kgs,5,,,,""
2022-12-24,Modlitewnik sztanga,Biceps,20.0,kgs,5,,,,""
2022-12-24,Dipy,Chest,0.0,kgs,8,,,,""
2022-12-24,Dipy,Chest,0.0,kgs,7,,,,""
2022-12-24,Dipy,Chest,0.0,kgs,6,,,,""
2022-12-24,Push-up,Chest,,,10,,,,""
2022-12-25,Push-up,Chest,,,10,,,,""
2022-12-26,Push-up,Chest,,,15,,,,""
2022-12-26,Push-up,Chest,,,10,,,,""
2022-12-26,Push-up,Chest,,,15,,,,""
2022-12-27,Leg extension,Legs,52.0,kgs,12,,,,""
2022-12-27,Leg extension,Legs,66.0,kgs,12,,,,""
2022-12-27,Leg extension,Legs,66.0,kgs,12,,,,""
2022-12-27,Leg extension,Legs,66.0,kgs,12,,,,""
2022-12-27,Tył nóg na maszynie,Legs,50.0,kgs,10,,,,""
2022-12-27,Tył nóg na maszynie,Legs,54.0,kgs,10,,,,""
2022-12-27,Tył nóg na maszynie,Legs,54.0,kgs,10,,,,""
2022-12-27,Tył nóg na maszynie,Legs,54.0,kgs,7,,,,""
2022-12-27,PullUp,Back,,,8,,,,""
2022-12-27,PullUp,Back,,,7,,,,""
2022-12-27,PullUp,Back,,,7,,,,""
2022-12-27,PullUp,Back,,,5,,,,""
2022-12-27,PullUp,Back,,,7,,,,""
2022-12-27,OHP,Shoulders,15.0,kgs,8,,,,""
2022-12-27,OHP,Shoulders,25.0,kgs,8,,,,""
2022-12-27,OHP,Shoulders,30.0,kgs,8,,,,""
2022-12-27,OHP,Shoulders,35.0,kgs,5,,,,""
2022-12-27,OHP,Shoulders,35.0,kgs,5,,,,""
2022-12-27,Modlitewnik sztanga,Biceps,20.0,kgs,7,,,,""
2022-12-27,Skull crushers hantlami leżac,Triceps,9.0,kgs,10,,,,""
2022-12-27,Skull crushers hantlami leżac,Triceps,9.0,kgs,8,,,,""
2022-12-27,Modlitewnik sztanga,Biceps,20.0,kgs,5,,,,""
2022-12-27,Modlitewnik sztanga,Biceps,15.0,kgs,12,,,,""
2022-12-27,Modlitewnik sztanga,Biceps,20.0,kgs,8,,,,""
2022-12-27,Wznosy hantli bokiem,Shoulders,8.0,kgs,8,,,,""
2022-12-27,Wznosy hantli bokiem,Shoulders,8.0,kgs,8,,,,""
2022-12-27,Wznosy hantli bokiem,Shoulders,8.0,kgs,8,,,,""
2022-12-27,Brzuszki,Abs,0.0,kgs,20,,,,""
2022-12-27,Brzuszki,Abs,0.0,kgs,10,,,,""
2022-12-27,Brzuszki,Abs,0.0,kgs,10,,,,""
2022-12-30,Wyciskanie na płaskiej,Chest,20.0,kgs,8,,,,""
2022-12-30,Wyciskanie na płaskiej,Chest,50.0,kgs,8,,,,""
2022-12-30,Wyciskanie na płaskiej,Chest,70.0,kgs,3,,,,""
2022-12-30,Wyciskanie na płaskiej,Chest,80.0,kgs,0,,,,""
2022-12-30,Wyciskanie na płaskiej,Chest,80.0,kgs,0,,,,""
2022-12-30,Wyciskanie na płaskiej,Chest,80.0,kgs,1,,,,""
2022-12-30,Wyciskanie na płaskiej,Chest,75.0,kgs,1,,,,""
2022-12-30,Leg press,Legs,150.0,kgs,12,,,,""
2022-12-30,Leg press,Legs,170.0,kgs,12,,,,""
2022-12-30,Leg press,Legs,170.0,kgs,12,,,,""
2022-12-30,Leg press,Legs,170.0,kgs,12,,,,""
2022-12-30,Leg press,Legs,170.0,kgs,12,,,,""
2022-12-30,Dipy,Chest,0.0,kgs,8,,,,""
2022-12-30,Dipy,Chest,0.0,kgs,8,,,,""
2022-12-30,Poziome wiosłownie siedząc,Back,39.0,kgs,8,,,,""
2022-12-30,Poziome wiosłownie siedząc,Back,45.0,kgs,10,,,,""
2022-12-30,Poziome wiosłownie siedząc,Back,45.0,kgs,10,,,,""
2022-12-30,Poziome wiosłownie siedząc,Back,45.0,kgs,8,,,,""
2022-12-30,Brzuszki skos ujemny,Abs,,,10,,,,""
2022-12-30,Brzuszki skos ujemny,Abs,,,10,,,,""
2022-12-30,Brzuszki skos ujemny,Abs,,,10,,,,""
2023-01-02,PullUp,Back,,,10,,,,""
2023-01-02,PullUp,Back,,,6,,,,""
2023-01-02,PullUp,Back,,,7,,,,""
2023-01-02,PullUp,Back,,,7,,,,""
2023-01-02,PullUp,Back,,,5,,,,""
2023-01-02,PullUp,Back,,,3,,,,""
2023-01-02,Leg press,Legs,150.0,kgs,10,,,,""
2023-01-02,Leg press,Legs,150.0,kgs,12,,,,""
2023-01-02,Leg press,Legs,150.0,kgs,12,,,,""
2023-01-02,Leg press,Legs,150.0,kgs,12,,,,""
2023-01-02,Calf raises na maszynie,Legs,143.0,kgs,8,,,,""
2023-01-02,Calf raises na maszynie,Legs,143.0,kgs,12,,,,""
2023-01-02,Calf raises na maszynie,Legs,143.0,kgs,12,,,,""
2023-01-02,Calf raises na maszynie,Legs,143.0,kgs,12,,,,""
2023-01-02,Wyciskanie na barki hantlami siedząc,Shoulders,18.0,kgs,10,,,,""
2023-01-02,Wyciskanie na barki hantlami siedząc,Shoulders,18.0,kgs,6,,,,""
2023-01-02,Long head ławka,Biceps,12.0,kgs,8,,,,""
2023-01-02,Long head ławka,Biceps,12.0,kgs,5,,,,""
2023-01-02,Long head ławka,Biceps,12.0,kgs,5,,,,""
2023-01-02,Rope pulldown,Triceps,18.0,kgs,10,,,,""
2023-01-02,Rope pulldown,Triceps,18.0,kgs,8,,,,""
2023-01-02,Rope pulldown,Triceps,14.0,kgs,10,,,,""
2023-01-04,Wyciskanie na płaskiej,Chest,20.0,kgs,10,,,,""
2023-01-04,Wyciskanie na płaskiej,Chest,50.0,kgs,8,,,,""
2023-01-04,Wyciskanie na płaskiej,Chest,60.0,kgs,7,,,,""
2023-01-04,Wyciskanie na płaskiej,Chest,60.0,kgs,5,,,,""
2023-01-04,Wyciskanie na płaskiej,Chest,60.0,kgs,5,,,,""
2023-01-04,Wyciskanie na płaskiej,Chest,60.0,kgs,3,,,,""
2023-01-04,OHP,Shoulders,15.0,kgs,8,,,,""
2023-01-04,OHP,Shoulders,25.0,kgs,8,,,,""
2023-01-04,OHP,Shoulders,27.5,kgs,5,,,,""
2023-01-04,OHP,Shoulders,27.5,kgs,5,,,,""
2023-01-04,OHP,Shoulders,27.5,kgs,4,,,,""
2023-01-04,Poziome wiosłownie siedząc,Back,39.0,kgs,12,,,,""
2023-01-04,Poziome wiosłownie siedząc,Back,39.0,kgs,12,,,,""
2023-01-04,Poziome wiosłownie siedząc,Back,39.0,kgs,10,,,,""
2023-01-04,Poziome wiosłownie siedząc,Back,39.0,kgs,10,,,,""
2023-01-04,Poziome wiosłownie siedząc,Back,39.0,kgs,8,,,,""
2023-01-04,Leg press,Legs,150.0,kgs,12,,,,""
2023-01-04,Leg press,Legs,150.0,kgs,12,,,,""
2023-01-04,Leg press,Legs,150.0,kgs,12,,,,""
2023-01-04,Calf raises na maszynie,Legs,143.0,kgs,8,,,,""
2023-01-04,Calf raises na maszynie,Legs,143.0,kgs,8,,,,""
2023-01-04,Calf raises na maszynie,Legs,143.0,kgs,8,,,,""
2023-01-04,Calf raises na maszynie,Legs,143.0,kgs,8,,,,""
2023-01-04,Wznosy nóg na podporkach,Abs,,,5,,,,""
2023-01-04,Wznosy nóg na podporkach,Abs,,,10,,,,""
2023-01-04,Wznosy nóg na podporkach,Abs,,,10,,,,""
2023-01-07,Tył nóg na maszynie,Legs,45.0,kgs,12,,,,""
2023-01-07,Tył nóg na maszynie,Legs,50.0,kgs,10,,,,""
2023-01-07,Tył nóg na maszynie,Legs,50.0,kgs,10,,,,""
2023-01-07,Hantle na ławce płaskiej,Chest,14.0,kgs,10,,,,""
2023-01-07,Hantle na ławce płaskiej,Chest,20.0,kgs,12,,,,""
2023-01-07,Hantle na ławce płaskiej,Chest,24.0,kgs,8,,,,""
2023-01-07,Hantle na ławce płaskiej,Chest,26.0,kgs,7,,,,""
2023-01-07,Lat Pull,Back,39.0,kgs,12,,,,""
2023-01-07,Lat Pull,Back,52.0,kgs,10,,,,""
2023-01-07,Lat Pull,Back,45.0,kgs,8,,,,""
2023-01-07,Dipy,Chest,0.0,kgs,8,,,,""
2023-01-07,Lat Pull,Back,45.0,kgs,7,,,,""
2023-01-07,Dipy,Chest,0.0,kgs,8,,,,""
2023-01-07,Dipy,Chest,0.0,kgs,6,,,,""
2023-01-07,Dipy,Chest,0.0,kgs,5,,,,""
2023-01-07,Biceps na bramie wysoko,Biceps,14.0,kgs,12,,,,""
2023-01-07,Biceps na bramie wysoko,Biceps,23.0,kgs,8,,,,""
2023-01-07,Biceps na bramie wysoko,Biceps,23.0,kgs,8,,,,""
2023-01-07,Fly Pec,Chest,52.0,kgs,12,,,,""
2023-01-07,Fly Pec,Chest,66.0,kgs,10,,,,""
2023-01-07,Fly Pec,Chest,66.0,kgs,10,,,,""
2023-01-07,Triceps extension,Triceps,41.0,kgs,12,,,,""
2023-01-07,Triceps extension,Triceps,66.0,kgs,12,,,,""
2023-01-07,Triceps extension,Triceps,66.0,kgs,12,,,,""
2023-01-09,Wyciskanie na płaskiej,Chest,20.0,kgs,8,,,,""
2023-01-09,Wyciskanie na płaskiej,Chest,50.0,kgs,8,,,,""
2023-01-09,Wyciskanie na płaskiej,Chest,60.0,kgs,5,,,,""
2023-01-09,Wyciskanie na płaskiej,Chest,70.0,kgs,5,,,,""
2023-01-09,Wyciskanie na płaskiej,Chest,65.0,kgs,5,,,,""
2023-01-09,Wyciskanie na płaskiej,Chest,65.0,kgs,5,,,,""
2023-01-09,Wyciskanie na barki hantlami siedząc,Shoulders,16.0,kgs,8,,,,""
2023-01-09,Wyciskanie na barki hantlami siedząc,Shoulders,20.0,kgs,8,,,,""
2023-01-09,Wyciskanie na barki hantlami siedząc,Shoulders,20.0,kgs,7,,,,""
2023-01-09,Wyciskanie na barki hantlami siedząc,Shoulders,18.0,kgs,8,,,,""
2023-01-12,PullUp,Back,,,10,,,,""
2023-01-12,PullUp,Back,,,6,,,,""
2023-01-12,PullUp,Back,,,6,,,,""
2023-01-12,PullUp,Back,,,2,,,,""
2023-01-12,Leg press,Legs,150.0,kgs,12,,,,""
2023-01-12,Leg press,Legs,150.0,kgs,12,,,,""
2023-01-12,Leg press,Legs,150.0,kgs,12,,,,""
2023-01-12,Leg press,Legs,150.0,kgs,12,,,,""
2023-01-12,OHP,Shoulders,20.0,kgs,8,,,,""
2023-01-12,OHP,Shoulders,30.0,kgs,8,,,,""
2023-01-12,OHP,Shoulders,35.0,kgs,7,,,,""
2023-01-12,OHP,Shoulders,35.0,kgs,5,,,,""
2023-01-12,Long head ławka,Biceps,12.0,kgs,8,,,,""
2023-01-12,Long head ławka,Biceps,12.0,kgs,6,,,,""
2023-01-12,Long head ławka,Biceps,12.0,kgs,6,,,,""
2023-01-13,Wyciskanie na płaskiej,Chest,20.0,kgs,8,,,,""
2023-01-13,Wyciskanie na płaskiej,Chest,60.0,kgs,8,,,,""
2023-01-13,Wyciskanie na płaskiej,Chest,65.0,kgs,6,,,,""
2023-01-13,Wyciskanie na płaskiej,Chest,65.0,kgs,5,,,,""
2023-01-13,Wyciskanie na płaskiej,Chest,65.0,kgs,4,,,,""
2023-01-13,Dipy,Chest,0.0,kgs,7,,,,""
2023-01-13,Dipy,Chest,0.0,kgs,6,,,,""
2023-01-13,Dipy,Chest,0.0,kgs,4,,,,""
2023-01-13,Tył nóg na maszynie,Legs,45.0,kgs,10,,,,""
2023-01-13,Tył nóg na maszynie,Legs,45.0,kgs,10,,,,""
2023-01-13,Tył nóg na maszynie,Legs,50.0,kgs,10,,,,""
2023-01-13,Tył nóg na maszynie,Legs,50.0,kgs,8,,,,""
2023-01-13,Tył nóg na maszynie,Legs,50.0,kgs,9,,,,""
2023-01-13,Leg extension,Legs,52.0,kgs,12,,,,""
2023-01-13,Leg extension,Legs,52.0,kgs,12,,,,""
2023-01-13,Leg extension,Legs,52.0,kgs,12,,,,""
2023-01-13,Leg extension,Legs,52.0,kgs,12,,,,""
2023-01-13,Modlitewnik sztanga,Biceps,20.0,kgs,8,,,,""
2023-01-13,Modlitewnik sztanga,Biceps,20.0,kgs,5,,,,""
2023-01-13,Modlitewnik sztanga,Biceps,20.0,kgs,3,,,,""
2023-01-13,Triceps extension,Triceps,41.0,kgs,12,,,,""
2023-01-13,Triceps extension,Triceps,59.0,kgs,11,,,,""
2023-01-13,Lat Pull,Back,32.0,kgs,12,,,,""
2023-01-13,Lat Pull,Back,45.0,kgs,8,,,,""
2023-01-13,Triceps extension,Triceps,59.0,kgs,10,,,,""
2023-01-13,Brzuszki skos ujemny,Abs,,,10,,,,""
2023-01-13,Brzuszki skos ujemny,Abs,,,10,,,,""
2023-01-13,Brzuszki skos ujemny,Abs,,,10,,,,""
2023-01-15,PullUp,Back,,,8,,,,""
2023-01-15,PullUp,Back,,,7,,,,""
2023-01-15,PullUp,Back,,,4,,,,""
2023-01-15,PullUp,Back,,,7,,,,""
2023-01-15,PullUp,Back,,,6,,,,""
2023-01-15,Przysiad bułgarski,Legs,20.0,kgs,8,,,,""
2023-01-15,Przysiad bułgarski,Legs,20.0,kgs,8,,,,""
2023-01-15,Przysiad bułgarski,Legs,20.0,kgs,8,,,,""
2023-01-15,Przysiad bułgarski,Legs,20.0,kgs,8,,,,""
2023-01-15,Przysiad bułgarski,Legs,20.0,kgs,8,,,,""
2023-01-15,Wyciskanie na barki hantlami siedząc,Shoulders,20.0,kgs,8,,,,""
2023-01-15,Wyciskanie na barki hantlami siedząc,Shoulders,20.0,kgs,8,,,,""
2023-01-15,Wyciskanie na barki hantlami siedząc,Shoulders,22.0,kgs,6,,,,""
2023-01-15,Wyciskanie na barki hantlami siedząc,Shoulders,20.0,kgs,7,,,,""
2023-01-15,łydki konik,Legs,30.0,kgs,12,,,,""
2023-01-15,łydki konik,Legs,40.0,kgs,12,,,,""
2023-01-15,łydki konik,Legs,40.0,kgs,12,,,,""
2023-01-15,Rope pulldown,Triceps,18.0,kgs,12,,,,""
2023-01-15,Rope pulldown,Triceps,14.0,kgs,12,,,,""
2023-01-15,Rope pulldown,Triceps,14.0,kgs,12,,,,""
2023-01-15,Brzuszki,Abs,0.0,kgs,30,,,,""
2023-01-15,Brzuszki,Abs,5.0,kgs,10,,,,""
2023-01-15,Brzuszki skos ujemny,Abs,,,10,,,,""
2023-01-15,Brzuszki skos ujemny,Abs,,,7,,,,""
2023-01-16,Wyciskanie na płaskiej,Chest,20.0,kgs,8,,,,""
2023-01-16,Wyciskanie na płaskiej,Chest,40.0,kgs,8,,,,""
2023-01-16,Wyciskanie na płaskiej,Chest,70.0,kgs,5,,,,""
2023-01-16,Wyciskanie na płaskiej,Chest,70.0,kgs,4,,,,""
2023-01-16,Wyciskanie na płaskiej,Chest,70.0,kgs,5,,,,""
2023-01-16,Wyciskanie na płaskiej,Chest,70.0,kgs,4,,,,""
2023-01-16,Wyciskanie na płaskiej,Chest,70.0,kgs,3,,,,""
2023-01-16,Lat Pull,Back,45.0,kgs,8,,,,""
2023-01-16,Lat Pull,Back,45.0,kgs,8,,,,""
2023-01-16,Lat Pull,Back,45.0,kgs,8,,,,""
2023-01-16,Lat Pull,Back,45.0,kgs,8,,,,""
2023-01-16,Long head ławka,Biceps,10.0,kgs,10,,,,""
2023-01-16,Long head ławka,Biceps,10.0,kgs,10,,,,""
2023-01-16,Long head ławka,Biceps,12.0,kgs,7,,,,""
2023-01-16,Skull crushers hantlami leżac,Triceps,9.0,kgs,12,,,,""
2023-01-16,Brzuszki skos ujemny,Abs,,,10,,,,""
2023-01-18,PullUp,Back,,,7,,,,""
2023-01-18,PullUp,Back,,,7,,,,""
2023-01-18,PullUp,Back,,,7,,,,""
2023-01-18,PullUp,Back,,,6,,,,""
2023-01-18,PullUp,Back,,,5,,,,""
2023-01-18,OHP,Shoulders,20.0,kgs,8,,,,""
2023-01-18,OHP,Shoulders,30.0,kgs,8,,,,""
2023-01-18,OHP,Shoulders,40.0,kgs,6,,,,""
2023-01-18,OHP,Shoulders,40.0,kgs,6,,,,""
2023-01-18,OHP,Shoulders,40.0,kgs,4,,,,""
2023-01-18,OHP,Shoulders,40.0,kgs,4,,,,""
2023-01-18,Leg press,Legs,140.0,kgs,12,,,,""
2023-01-18,Leg press,Legs,165.0,kgs,12,,,,""
2023-01-18,Leg press,Legs,185.0,kgs,10,,,,""
2023-01-18,Leg press,Legs,185.0,kgs,10,,,,""
2023-01-18,Leg press,Legs,185.0,kgs,10,,,,""
2023-01-18,Triceps na ławce sztangą,Triceps,15.0,kgs,12,,,,""
2023-01-18,Triceps na ławce sztangą,Triceps,15.0,kgs,10,,,,""
2023-01-18,Triceps na ławce sztangą,Triceps,15.0,kgs,10,,,,""
2023-01-18,Brzuszki skos ujemny,Abs,,,15,,,,""
2023-01-18,Brzuszki skos ujemny,Abs,,,10,,,,""
2023-01-18,Brzuszki skos ujemny,Abs,,,9,,,,""
2023-01-21,Hantle na ławce płaskiej,Chest,20.0,kgs,8,,,,""
2023-01-21,Hantle na ławce płaskiej,Chest,24.0,kgs,8,,,,""
2023-01-21,Hantle na ławce płaskiej,Chest,24.0,kgs,8,,,,""
2023-01-21,Hantle na ławce płaskiej,Chest,24.0,kgs,8,,,,""
2023-01-21,Hantle na ławce płaskiej,Chest,24.0,kgs,7,,,,""
2023-01-21,łydki konik,Legs,30.0,kgs,12,,,,""
2023-01-21,łydki konik,Legs,50.0,kgs,12,,,,""
2023-01-21,łydki konik,Legs,50.0,kgs,8,,,,""
2023-01-21,łydki konik,Legs,50.0,kgs,12,,,,""
2023-01-21,łydki konik,Legs,50.0,kgs,12,,,,""
2023-01-21,Leg extension,Legs,45.0,kgs,12,,,,""
2023-01-21,Leg extension,Legs,59.0,kgs,12,,,,""
2023-01-21,Leg extension,Legs,59.0,kgs,12,,,,""
2023-01-21,Lat Pull,Back,39.0,kgs,10,,,,""
2023-01-21,Lat Pull,Back,45.0,kgs,10,,,,""
2023-01-21,Lat Pull,Back,45.0,kgs,8,,,,""
2023-01-21,Rope pulldown,Triceps,18.0,kgs,8,,,,""
2023-01-21,Rope pulldown,Triceps,18.0,kgs,8,,,,""
2023-01-21,Rope pulldown,Triceps,18.0,kgs,8,,,,""
2023-01-21,Long head ławka,Biceps,14.0,kgs,7,,,,""
2023-01-21,Long head ławka,Biceps,14.0,kgs,4,,,,""
2023-01-21,Long head ławka,Biceps,10.0,kgs,8,,,,""
2023-01-21,Brzuszki skos ujemny,Abs,,,10,,,,""
2023-01-21,Brzuszki skos ujemny,Abs,,,8,,,,""
2023-01-23,PullUp,Back,,,9,,,,""
2023-01-23,PullUp,Back,,,8,,,,""
2023-01-23,PullUp,Back,,,6,,,,""
2023-01-23,PullUp,Back,,,5,,,,""
2023-01-23,OHP,Shoulders,20.0,kgs,8,,,,""
2023-01-23,OHP,Shoulders,35.0,kgs,8,,,,""
2023-01-23,OHP,Shoulders,35.0,kgs,7,,,,""
2023-01-23,OHP,Shoulders,35.0,kgs,5,,,,""
2023-01-23,OHP,Shoulders,32.5,kgs,5,,,,""
2023-01-23,PullUp,Back,,,6,,,,""
2023-01-23,Tył nóg na maszynie,Legs,45.0,kgs,10,,,,""
2023-01-23,Tył nóg na maszynie,Legs,54.0,kgs,8,,,,""
2023-01-23,Tył nóg na maszynie,Legs,54.0,kgs,8,,,,""
2023-01-23,Leg press,Legs,150.0,kgs,12,,,,""
2023-01-23,Leg press,Legs,150.0,kgs,12,,,,""
2023-01-23,Leg press,Legs,150.0,kgs,12,,,,""
2023-01-23,Long head ławka,Biceps,10.0,kgs,8,,,,""
2023-01-23,Long head ławka,Biceps,10.0,kgs,8,,,,""
2023-01-23,Long head ławka,Biceps,10.0,kgs,8,,,,""
2023-01-23,Skull crushers hantlami leżac,Triceps,10.0,kgs,10,,,,""
2023-01-23,Skull crushers hantlami leżac,Triceps,10.0,kgs,8,,,,""
2023-01-23,Skull crushers hantlami leżac,Triceps,10.0,kgs,8,,,,""
2023-01-23,Wznosy hantli bokiem,Shoulders,8.0,kgs,10,,,,""
2023-01-23,Wznosy hantli bokiem,Shoulders,8.0,kgs,10,,,,""
2023-01-23,Wznosy hantli bokiem,Shoulders,8.0,kgs,10,,,,""
2023-01-23,Brzuszki skos ujemny,Abs,,,10,,,,""
2023-01-23,Brzuszki skos ujemny,Abs,,,10,,,,""
2023-01-23,Brzuszki skos ujemny,Abs,,,10,,,,""
2023-01-24,Wyciskanie na płaskiej,Chest,20.0,kgs,8,,,,""
2023-01-24,Wyciskanie na płaskiej,Chest,50.0,kgs,8,,,,""
2023-01-24,Wyciskanie na płaskiej,Chest,70.0,kgs,4,,,,""
2023-01-24,Wyciskanie na płaskiej,Chest,70.0,kgs,3,,,,""
2023-01-24,Wyciskanie na płaskiej,Chest,65.0,kgs,6,,,,""
2023-01-24,Wyciskanie na płaskiej,Chest,65.0,kgs,6,,,,""
2023-01-24,Wyciskanie na płaskiej,Chest,65.0,kgs,5,,,,""
2023-01-24,Przysiad bułgarski,Legs,16.0,kgs,8,,,,""
2023-01-24,Przysiad bułgarski,Legs,24.0,kgs,8,,,,""
2023-01-24,Przysiad bułgarski,Legs,16.0,kgs,8,,,,""
2023-01-24,Przysiad bułgarski,Legs,16.0,kgs,10,,,,""
2023-01-24,Przysiad bułgarski,Legs,16.0,kgs,8,,,,""
2023-01-24,Brzuszki skos ujemny,Abs,,,10,,,,""
2023-01-24,Brzuszki skos ujemny,Abs,,,10,,,,""
2023-01-24,Brzuszki skos ujemny,Abs,,,10,,,,""
2023-01-24,Lat Pull,Back,45.0,kgs,10,,,,""
2023-01-24,Lat Pull,Back,52.0,kgs,6,,,,""
2023-01-24,Lat Pull,Back,45.0,kgs,8,,,,""
2023-01-24,Lat Pull,Back,45.0,kgs,8,,,,""
2023-01-24,Biceps na bramie wysoko,Biceps,14.0,kgs,12,,,,""
2023-01-24,Biceps na bramie wysoko,Biceps,23.0,kgs,8,,,,""
2023-01-24,Rope pulldown,Triceps,14.0,kgs,12,,,,""
2023-01-24,Rope pulldown,Triceps,14.0,kgs,12,,,,""
2023-01-26,PullUp,Back,,,8,,,,""
2023-01-26,PullUp,Back,,,8,,,,""
2023-01-26,PullUp,Back,,,6,,,,""
2023-01-26,PullUp,Back,,,8,,,,""
2023-01-26,PullUp,Back,,,7,,,,""
2023-01-26,Wyciskanie na barki hantlami siedząc,Shoulders,18.0,kgs,8,,,,""
2023-01-26,Wyciskanie na barki hantlami siedząc,Shoulders,22.0,kgs,8,,,,""
2023-01-26,Wyciskanie na barki hantlami siedząc,Shoulders,22.0,kgs,7,,,,""
2023-01-26,Wyciskanie na barki hantlami siedząc,Shoulders,20.0,kgs,7,,,,""
2023-01-26,Wyciskanie na barki hantlami siedząc,Shoulders,18.0,kgs,9,,,,""
2023-01-26,Leg press,Legs,150.0,kgs,12,,,,""
2023-01-26,Leg press,Legs,175.0,kgs,12,,,,""
2023-01-26,Leg press,Legs,175.0,kgs,12,,,,""
2023-01-26,Leg press,Legs,175.0,kgs,12,,,,""
2023-01-26,łydki konik,Legs,30.0,kgs,12,,,,""
2023-01-26,Wznosy hantli bokiem,Shoulders,8.0,kgs,10,,,,""
2023-01-26,Wznosy hantli bokiem,Shoulders,8.0,kgs,10,,,,""
2023-01-26,łydki konik,Legs,30.0,kgs,12,,,,""
2023-01-26,łydki konik,Legs,30.0,kgs,12,,,,""
2023-01-26,Wznosy hantli bokiem,Shoulders,8.0,kgs,10,,,,""
2023-01-26,Dipy,Chest,0.0,kgs,8,,,,""
2023-01-26,Dipy,Chest,0.0,kgs,8,,,,""
2023-01-26,Dipy,Chest,0.0,kgs,8,,,,""
2023-01-26,Biceps sztanga stojąc,Biceps,20.0,kgs,10,,,,""
2023-01-26,Biceps sztanga stojąc,Biceps,20.0,kgs,8,,,,""
2023-01-26,Biceps sztanga stojąc,Biceps,20.0,kgs,8,,,,""
2023-01-28,Wyciskanie na Smith'a,Chest,30.0,kgs,12,,,,""
2023-01-28,Wyciskanie na Smith'a,Chest,60.0,kgs,12,,,,""
2023-01-28,Wyciskanie na Smith'a,Chest,65.0,kgs,7,,,,""
2023-01-28,Wyciskanie na Smith'a,Chest,65.0,kgs,8,,,,""
2023-01-28,Wyciskanie na Smith'a,Chest,65.0,kgs,8,,,,""
2023-01-28,Hantle na ławce płaskiej,Chest,18.0,kgs,8,,,,""
2023-01-28,Hantle na ławce płaskiej,Chest,18.0,kgs,10,,,,""
2023-01-28,Hantle na ławce płaskiej,Chest,18.0,kgs,8,,,,""
2023-01-28,Przysiad bułgarski,Legs,20.0,kgs,8,,,,""
2023-01-28,Przysiad bułgarski,Legs,20.0,kgs,8,,,,""
2023-01-28,Przysiad bułgarski,Legs,20.0,kgs,8,,,,""
2023-01-28,Fly Pec,Chest,45.0,kgs,12,,,,""
2023-01-28,Fly Pec,Chest,45.0,kgs,12,,,,""
2023-01-28,Fly Pec,Chest,45.0,kgs,12,,,,""
2023-01-28,Poziome wiosłownie siedząc,Back,45.0,kgs,8,,,,""
2023-01-28,Poziome wiosłownie siedząc,Back,45.0,kgs,8,,,,""
2023-01-28,Poziome wiosłownie siedząc,Back,45.0,kgs,8,,,,""
2023-01-28,Poziome wiosłownie siedząc,Back,45.0,kgs,8,,,,""
2023-01-28,Poziome wiosłownie siedząc,Back,45.0,kgs,8,,,,""
2023-01-28,Biceps hantlami stojąc,Biceps,14.0,kgs,8,,,,""
2023-01-28,Biceps hantlami stojąc,Biceps,14.0,kgs,8,,,,""
2023-01-28,Biceps hantlami stojąc,Biceps,14.0,kgs,8,,,,""
2023-01-28,Rope pulldown,Triceps,18.0,kgs,12,,,,""
2023-01-28,Rope pulldown,Triceps,18.0,kgs,10,,,,""
2023-01-28,Rope pulldown,Triceps,18.0,kgs,7,,,,""
2023-01-28,Brzuszki skos ujemny,Abs,,,8,,,,""
2023-01-28,Brzuszki skos ujemny,Abs,,,8,,,,""
2023-01-31,Wyciskanie na płaskiej,Chest,20.0,kgs,8,,,,""
2023-01-31,Wyciskanie na płaskiej,Chest,60.0,kgs,5,,,,""
2023-01-31,Wyciskanie na płaskiej,Chest,60.0,kgs,8,,,,""
2023-01-31,Wyciskanie na płaskiej,Chest,60.0,kgs,7,,,,""
2023-01-31,Wyciskanie na płaskiej,Chest,60.0,kgs,8,,,,""
2023-01-31,Hantle na ławce skośnej,Biceps,18.0,kgs,8,,,,""
2023-01-31,Hantle na ławce skośnej,Biceps,20.0,kgs,8,,,,""
2023-01-31,Hantle na ławce skośnej,Biceps,22.0,kgs,8,,,,""
2023-01-31,Poziome wiosłownie siedząc,Back,39.0,kgs,12,,,,""
2023-01-31,Poziome wiosłownie siedząc,Back,45.0,kgs,12,,,,""
2023-01-31,Poziome wiosłownie siedząc,Back,45.0,kgs,12,,,,""
2023-01-31,Dół klaty na bramie,Chest,14.0,kgs,5,,,,""
2023-01-31,Dół klaty na bramie,Chest,9.0,kgs,8,,,,""
2023-01-31,Dół klaty na bramie,Chest,9.0,kgs,8,,,,""
2023-01-31,Dół klaty na bramie,Chest,9.0,kgs,8,,,,""
2023-01-31,Biceps na bramie wysoko,Biceps,18.0,kgs,12,,,,""
2023-01-31,Biceps na bramie wysoko,Biceps,23.0,kgs,12,,,,""
2023-01-31,Biceps na bramie wysoko,Biceps,23.0,kgs,10,,,,""
2023-01-31,Rope pulldown,Triceps,18.0,kgs,12,,,,""
2023-01-31,Rope pulldown,Triceps,18.0,kgs,10,,,,""
2023-01-31,Rope pulldown,Triceps,14.0,kgs,12,,,,""
2023-01-31,Leg press,Legs,155.0,kgs,12,,,,""
2023-01-31,Leg press,Legs,155.0,kgs,12,,,,""
2023-02-03,Wyciskanie na płaskiej,Chest,20.0,kgs,8,,,,""
2023-02-03,Wyciskanie na płaskiej,Chest,50.0,kgs,8,,,,""
2023-02-03,Wyciskanie na płaskiej,Chest,70.0,kgs,5,,,,""
2023-02-03,Wyciskanie na płaskiej,Chest,70.0,kgs,4,,,,""
2023-02-03,Wyciskanie na barki hantlami siedząc,Shoulders,17.5,kgs,10,,,,""
2023-02-03,Wyciskanie na barki hantlami siedząc,Shoulders,22.5,kgs,5,,,,""
2023-02-03,Wyciskanie na barki hantlami siedząc,Shoulders,20.0,kgs,6,,,,""
2023-02-03,Wyciskanie na barki hantlami siedząc,Shoulders,20.0,kgs,7,,,,""
2023-02-15,PullUp,Back,,,10,,,,""
2023-02-15,PullUp,Back,,,6,,,,""
2023-02-15,PullUp,Back,,,7,,,,""
2023-02-15,PullUp,Back,,,6,,,,""
2023-02-15,PullUp,Back,,,5,,,,""
2023-02-15,łydki konik,Legs,50.0,kgs,12,,,,""
2023-02-15,łydki konik,Legs,50.0,kgs,12,,,,""
2023-02-15,łydki konik,Legs,50.0,kgs,12,,,,""
2023-02-15,łydki konik,Legs,50.0,kgs,12,,,,""
2023-02-15,OHP,Shoulders,20.0,kgs,12,,,,""
2023-02-15,OHP,Shoulders,30.0,kgs,8,,,,""
2023-02-15,OHP,Shoulders,30.0,kgs,8,,,,""
2023-02-15,OHP,Shoulders,30.0,kgs,8,,,,""
2023-02-15,Modlitewnik maszyna,Biceps,41.0,kgs,12,,,,""
2023-02-15,Modlitewnik maszyna,Biceps,36.0,kgs,8,,,,""
2023-02-15,Modlitewnik maszyna,Biceps,36.0,kgs,6,,,,""
2023-02-15,Modlitewnik maszyna,Biceps,32.0,kgs,6,,,,""
2023-02-15,Rope pulldown,Triceps,14.0,kgs,12,,,,""
2023-02-15,Rope pulldown,Triceps,14.0,kgs,12,,,,""
2023-02-15,Rope pulldown,Triceps,14.0,kgs,12,,,,""
2023-02-15,Rope pulldown,Triceps,14.0,kgs,12,,,,""
2023-02-15,Brzuszki skos ujemny,Abs,,,10,,,,""
2023-02-15,Brzuszki skos ujemny,Abs,,,10,,,,""
2023-02-17,Fly Pec,Chest,39.0,kgs,12,,,,""
2023-02-17,Fly Pec,Chest,52.0,kgs,12,,,,""
2023-02-17,Fly Pec,Chest,52.0,kgs,12,,,,""
2023-02-17,Fly Pec,Chest,52.0,kgs,12,,,,""
2023-02-17,Leg extension,Legs,45.0,kgs,12,,,,""
2023-02-17,Leg extension,Legs,66.0,kgs,12,,,,""
2023-02-17,Leg extension,Legs,66.0,kgs,12,,,,""
2023-02-17,Leg extension,Legs,66.0,kgs,8,,,,""
2023-02-17,Wyciskanie na płaskiej,Chest,20.0,kgs,12,,,,""
2023-02-17,Wyciskanie na płaskiej,Chest,50.0,kgs,8,,,,""
2023-02-17,Wyciskanie na płaskiej,Chest,60.0,kgs,8,,,,""
2023-02-17,Wyciskanie na płaskiej,Chest,65.0,kgs,5,,,,""
2023-02-17,Dipy,Chest,0.0,kgs,10,,,,""
2023-02-17,Dipy,Chest,0.0,kgs,6,,,,""
2023-02-17,Dipy,Chest,0.0,kgs,5,,,,""
2023-02-17,Przysiad bułgarski,Legs,20.0,kgs,8,,,,""
2023-02-17,Przysiad bułgarski,Legs,20.0,kgs,8,,,,""
2023-02-17,Przysiad bułgarski,Legs,20.0,kgs,5,,,,""
2023-02-17,Poziome wiosłownie siedząc,Back,45.0,kgs,8,,,,""
2023-02-17,Poziome wiosłownie siedząc,Back,39.0,kgs,10,,,,""
2023-02-17,Poziome wiosłownie siedząc,Back,39.0,kgs,10,,,,""
2023-02-17,Poziome wiosłownie siedząc,Back,39.0,kgs,10,,,,""
2023-02-17,Modlitewnik sztanga,Biceps,20.0,kgs,8,,,,""
2023-02-17,Modlitewnik sztanga,Biceps,20.0,kgs,5,,,,""
2023-02-17,Modlitewnik sztanga,Biceps,20.0,kgs,12,,,,""
2023-02-17,Brzuszki skos ujemny,Abs,,,10,,,,""
2023-02-17,Brzuszki skos ujemny,Abs,,,10,,,,""
2023-02-17,Brzuszki skos ujemny,Abs,,,10,,,,""
2023-02-17,Wznosy nóg na podporkach,Abs,,,10,,,,""
2023-02-17,Wznosy nóg na podporkach,Abs,,,10,,,,""
2023-02-17,Rope pulldown,Triceps,14.0,kgs,12,,,,""
2023-02-17,Rope pulldown,Triceps,14.0,kgs,12,,,,""
2023-02-17,Rope pulldown,Triceps,14.0,kgs,8,,,,""
2023-02-19,PullUp,Back,,,8,,,,""
2023-02-19,PullUp,Back,,,8,,,,""
2023-02-19,PullUp,Back,,,8,,,,""
2023-02-19,PullUp,Back,,,8,,,,""
2023-02-19,Wyciskanie na barki hantlami siedząc,Shoulders,14.0,kgs,8,,,,""
2023-02-19,Wyciskanie na barki hantlami siedząc,Shoulders,18.0,kgs,8,,,,""
2023-02-19,Wyciskanie na barki hantlami siedząc,Shoulders,20.0,kgs,7,,,,""
2023-02-19,Wyciskanie na barki hantlami siedząc,Shoulders,20.0,kgs,8,,,,""
2023-02-19,Wyciskanie na barki hantlami siedząc,Shoulders,20.0,kgs,5,,,,""
2023-02-19,łydki konik,Legs,40.0,kgs,12,,,,""
2023-02-19,łydki konik,Legs,40.0,kgs,12,,,,""
2023-02-19,łydki konik,Legs,40.0,kgs,12,,,,""
2023-02-19,łydki konik,Legs,40.0,kgs,12,,,,""
2023-02-19,Wznosy hantli bokiem,Shoulders,7.0,kgs,8,,,,""
2023-02-19,Wznosy hantli bokiem,Shoulders,7.0,kgs,8,,,,""
2023-02-19,Wznosy hantli bokiem,Shoulders,7.0,kgs,8,,,,""
2023-02-19,Long head ławka,Biceps,12.0,kgs,10,,,,""
2023-02-19,Long head ławka,Biceps,12.0,kgs,8,,,,""
2023-02-19,Long head ławka,Biceps,12.0,kgs,5,,,,""
2023-02-19,Skull crushers hantlami leżac,Triceps,9.0,kgs,12,,,,""
2023-02-19,Skull crushers hantlami leżac,Triceps,9.0,kgs,10,,,,""
2023-02-19,Skull crushers hantlami leżac,Triceps,9.0,kgs,8,,,,""
2023-02-19,Leg press,Legs,110.0,kgs,12,,,,""
2023-02-19,Leg press,Legs,160.0,kgs,8,,,,""
2023-02-19,Leg press,Legs,160.0,kgs,8,,,,""
2023-02-19,Wznosy nóg na podporkach,Abs,,,10,,,,""
2023-02-19,Wznosy nóg na podporkach,Abs,,,10,,,,""
2023-02-19,Wznosy nóg na podporkach,Abs,,,10,,,,""
2023-02-21,Fly Pec,Chest,39.0,kgs,12,,,,""
2023-02-21,Fly Pec,Chest,59.0,kgs,12,,,,""
2023-02-21,Fly Pec,Chest,59.0,kgs,12,,,,""
2023-02-21,Fly Pec,Chest,52.0,kgs,12,,,,""
2023-02-21,Fly Pec,Chest,52.0,kgs,12,,,,""
2023-02-21,Hantle na ławce płaskiej,Chest,14.0,kgs,12,,,,""
2023-02-21,Hantle na ławce płaskiej,Chest,18.0,kgs,12,,,,""
2023-02-21,Hantle na ławce płaskiej,Chest,18.0,kgs,12,,,,""
2023-02-21,Hantle na ławce płaskiej,Chest,18.0,kgs,8,,,,""
2023-02-21,Hantle na ławce płaskiej,Chest,18.0,kgs,12,,,,""
2023-02-21,łydki konik,Legs,50.0,kgs,12,,,,""
2023-02-21,łydki konik,Legs,50.0,kgs,12,,,,""
2023-02-21,łydki konik,Legs,50.0,kgs,12,,,,""
2023-02-21,łydki konik,Legs,50.0,kgs,12,,,,""
2023-02-21,łydki konik,Legs,50.0,kgs,12,,,,""
2023-02-21,Leg extension,Legs,59.0,kgs,12,,,,""
2023-02-21,Leg extension,Legs,66.0,kgs,12,,,,""
2023-02-21,Leg extension,Legs,66.0,kgs,12,,,,""
2023-02-21,Leg extension,Legs,66.0,kgs,12,,,,""
2023-02-21,Leg extension,Legs,66.0,kgs,8,,,,""
2023-02-21,Modlitewnik sztanga,Biceps,22.5,kgs,4,,,,""
2023-02-21,Modlitewnik sztanga,Biceps,22.5,kgs,5,,,,""
2023-02-21,Modlitewnik sztanga,Biceps,22.5,kgs,3,,,,""
2023-02-21,Rope pulldown,Triceps,14.0,kgs,12,,,,""
2023-02-21,Rope pulldown,Triceps,14.0,kgs,12,,,,""
2023-02-21,Rope pulldown,Triceps,14.0,kgs,12,,,,""
2023-02-26,PullUp,Back,,,9,,,,""
2023-02-26,PullUp,Back,,,9,,,,""
2023-02-26,PullUp,Back,,,6,,,,""
2023-02-26,PullUp,Back,,,6,,,,""
2023-02-26,PullUp,Back,,,5,,,,""
2023-02-26,OHP,Shoulders,20.0,kgs,12,,,,""
2023-02-26,OHP,Shoulders,40.0,kgs,6,,,,""
2023-02-26,OHP,Shoulders,40.0,kgs,6,,,,""
2023-02-26,OHP,Shoulders,42.5,kgs,5,,,,""
2023-02-26,OHP,Shoulders,42.5,kgs,3,,,,""
2023-02-26,Poziome wiosłownie siedząc,Back,39.0,kgs,12,,,,""
2023-02-26,Poziome wiosłownie siedząc,Back,39.0,kgs,12,,,,""
2023-02-26,Poziome wiosłownie siedząc,Back,39.0,kgs,8,,,,""
2023-02-26,Poziome wiosłownie siedząc,Back,39.0,kgs,10,,,,""
2023-02-26,Poziome wiosłownie siedząc,Back,39.0,kgs,8,,,,""
2023-02-26,Leg press,Legs,80.0,kgs,12,,,,""
2023-02-26,Leg press,Legs,130.0,kgs,12,,,,""
2023-02-26,Leg press,Legs,155.0,kgs,12,,,,""
2023-02-26,Leg press,Legs,155.0,kgs,10,,,,""
2023-02-26,Long head ławka,Biceps,12.0,kgs,10,,,,""
2023-02-26,Long head ławka,Biceps,12.0,kgs,8,,,,""
2023-02-26,Long head ławka,Biceps,12.0,kgs,8,,,,""
2023-02-26,Skull crushers hantlami leżac,Triceps,10.0,kgs,10,,,,""
2023-02-26,Skull crushers hantlami leżac,Triceps,10.0,kgs,10,,,,""
2023-02-26,Skull crushers hantlami leżac,Triceps,10.0,kgs,10,,,,""
2023-02-26,łydki konik,Legs,50.0,kgs,12,,,,""
2023-02-26,łydki konik,Legs,50.0,kgs,12,,,,""
2023-02-26,łydki konik,Legs,50.0,kgs,12,,,,""
2023-02-26,Brzuszki skos ujemny,Abs,,,10,,,,""
2023-02-26,Wznosy nóg na podporkach,Abs,,,10,,,,""
2023-02-27,Hantle na ławce płaskiej,Chest,12.0,kgs,12,,,,""
2023-02-27,Hantle na ławce płaskiej,Chest,20.0,kgs,12,,,,""
2023-02-27,Hantle na ławce płaskiej,Chest,20.0,kgs,12,,,,""
2023-02-27,Hantle na ławce płaskiej,Chest,20.0,kgs,12,,,,""
2023-02-27,Hantle na ławce płaskiej,Chest,20.0,kgs,8,,,,""
2023-02-27,Hantle na ławce płaskiej,Chest,20.0,kgs,8,,,,""
2023-02-27,Poziome wiosłownie siedząc,Back,39.0,kgs,10,,,,""
2023-02-27,Poziome wiosłownie siedząc,Back,39.0,kgs,10,,,,""
2023-02-27,Poziome wiosłownie siedząc,Back,39.0,kgs,10,,,,""
2023-02-27,Poziome wiosłownie siedząc,Back,39.0,kgs,8,,,,""
2023-02-27,Tył nóg na maszynie,Legs,45.0,kgs,12,,,,""
2023-02-27,Tył nóg na maszynie,Legs,45.0,kgs,8,,,,""
2023-02-27,Tył nóg na maszynie,Legs,45.0,kgs,10,,,,""
2023-02-27,Tył nóg na maszynie,Legs,45.0,kgs,10,,,,""
2023-02-27,Leg extension,Legs,45.0,kgs,12,,,,""
2023-02-27,Leg extension,Legs,59.0,kgs,12,,,,""
2023-02-27,Leg extension,Legs,66.0,kgs,12,,,,""
2023-02-27,Leg extension,Legs,73.0,kgs,12,,,,""
2023-02-27,Dipy,Chest,0.0,kgs,4,,,,""
2023-02-27,Dipy,Chest,0.0,kgs,5,,,,""
2023-02-27,Rope pulldown,Triceps,18.0,kgs,8,,,,""
2023-02-27,Rope pulldown,Triceps,18.0,kgs,8,,,,""
2023-02-27,Rope pulldown,Triceps,18.0,kgs,8,,,,""
2023-02-27,Wznosy hantli bokiem,Shoulders,8.0,kgs,12,,,,""
2023-02-27,Wznosy hantli bokiem,Shoulders,8.0,kgs,12,,,,""
2023-02-27,Wznosy hantli bokiem,Shoulders,8.0,kgs,12,,,,""
2023-02-27,Biceps hantlami stojąc,Biceps,14.0,kgs,8,,,,""
2023-02-27,Biceps hantlami stojąc,Biceps,14.0,kgs,8,,,,""
2023-02-27,Biceps hantlami stojąc,Biceps,14.0,kgs,8,,,,""
2023-02-27,Biceps hantlami stojąc,Biceps,14.0,kgs,5,,,,""
2023-02-27,Brzuszki skos ujemny,Abs,,,10,,,,""
2023-02-27,Brzuszki skos ujemny,Abs,,,10,,,,""
2023-03-01,PullUp,Back,,,5,,,,""
2023-03-01,PullUp,Back,,,6,,,,""
2023-03-01,PullUp,Back,,,7,,,,""
2023-03-01,PullUp,Back,,,7,,,,""
2023-03-01,PullUp,Back,,,3,,,,""
2023-03-01,OHP,Shoulders,15.0,kgs,8,,,,""
2023-03-01,OHP,Shoulders,25.0,kgs,8,,,,""
2023-03-01,OHP,Shoulders,35.0,kgs,8,,,,""
2023-03-01,OHP,Shoulders,37.5,kgs,6,,,,""
2023-03-01,OHP,Shoulders,37.5,kgs,7,,,,""
2023-03-01,łydki konik,Legs,60.0,kgs,12,,,,""
2023-03-01,łydki konik,Legs,60.0,kgs,12,,,,""
2023-03-01,łydki konik,Legs,60.0,kgs,9,,,,""
2023-03-01,łydki konik,Legs,60.0,kgs,12,,,,""
2023-03-01,łydki konik,Legs,60.0,kgs,12,,,,""
2023-03-01,Leg press,Legs,135.0,kgs,12,,,,""
2023-03-01,Leg press,Legs,135.0,kgs,12,,,,""
2023-03-01,Leg press,Legs,135.0,kgs,12,,,,""
2023-03-01,Leg press,Legs,135.0,kgs,12,,,,""
2023-03-01,Long head ławka,Biceps,12.0,kgs,9,,,,""
2023-03-01,Long head ławka,Biceps,12.0,kgs,9,,,,""
2023-03-01,Long head ławka,Biceps,12.0,kgs,7,,,,""
2023-03-01,Long head ławka,Biceps,12.0,kgs,5,,,,""
2023-03-01,Skull crushers hantlami leżac,Triceps,12.0,kgs,8,,,,""
2023-03-01,Skull crushers hantlami leżac,Triceps,12.0,kgs,8,,,,""
2023-03-05,Wyciskanie na płaskiej,Chest,20.0,kgs,12,,,,""
2023-03-05,Wyciskanie na płaskiej,Chest,50.0,kgs,8,,,,""
2023-03-05,Wyciskanie na płaskiej,Chest,70.0,kgs,8,,,,""
2023-03-05,Wyciskanie na płaskiej,Chest,70.0,kgs,6,,,,""
2023-03-05,Wyciskanie na płaskiej,Chest,70.0,kgs,3,,,,""
2023-03-05,Wyciskanie na płaskiej,Chest,60.0,kgs,8,,,,""
2023-03-05,Poziome wiosłownie siedząc,Back,39.0,kgs,10,,,,""
2023-03-05,Poziome wiosłownie siedząc,Back,45.0,kgs,8,,,,""
2023-03-05,Poziome wiosłownie siedząc,Back,45.0,kgs,8,,,,""
2023-03-05,Poziome wiosłownie siedząc,Back,45.0,kgs,8,,,,""
2023-03-05,Fly Pec,Chest,39.0,kgs,10,,,,""
2023-03-05,Fly Pec,Chest,59.0,kgs,10,,,,""
2023-03-05,Fly Pec,Chest,66.0,kgs,10,,,,""
2023-03-05,Fly Pec,Chest,66.0,kgs,10,,,,""
2023-03-05,Fly Pec,Chest,66.0,kgs,9,,,,""
2023-03-05,Tył nóg na maszynie,Legs,33.0,kgs,10,,,,""
2023-03-05,Tył nóg na maszynie,Legs,54.0,kgs,10,,,,""
2023-03-05,Tył nóg na maszynie,Legs,54.0,kgs,10,,,,""
2023-03-05,Leg extension,Legs,59.0,kgs,12,,,,""
2023-03-05,Tył nóg na maszynie,Legs,50.0,kgs,10,,,,""
2023-03-05,Leg extension,Legs,66.0,kgs,12,,,,""
2023-03-05,Tył nóg na maszynie,Legs,50.0,kgs,10,,,,""
2023-03-05,Rope pulldown,Triceps,9.0,kgs,8,,,,""
2023-03-05,Rope pulldown,Triceps,18.0,kgs,8,,,,""
2023-03-05,Rope pulldown,Triceps,18.0,kgs,8,,,,""
2023-03-08,PullUp,Back,,,8,,,,""
2023-03-08,PullUp,Back,,,8,,,,""
2023-03-08,PullUp,Back,,,8,,,,""
2023-03-08,PullUp,Back,,,4,,,,""
2023-03-08,Wyciskanie na barki hantlami siedząc,Shoulders,16.0,kgs,8,,,,""
2023-03-08,Wyciskanie na barki hantlami siedząc,Shoulders,22.0,kgs,8,,,,""
2023-03-08,Wyciskanie na barki hantlami siedząc,Shoulders,22.0,kgs,7,,,,""
2023-03-08,Wyciskanie na barki hantlami siedząc,Shoulders,22.0,kgs,7,,,,""
2023-03-08,Wyciskanie na barki hantlami siedząc,Shoulders,22.0,kgs,6,,,,""
2023-03-08,łydki konik,Legs,50.0,kgs,12,,,,""
2023-03-08,łydki konik,Legs,62.5,kgs,12,,,,""
2023-03-08,łydki konik,Legs,62.5,kgs,12,,,,""
2023-03-08,Lat Pull,Back,52.0,kgs,8,,,,""
2023-03-08,Lat Pull,Back,52.0,kgs,8,,,,""
2023-03-08,Rope pulldown,Triceps,18.0,kgs,8,,,,""
2023-03-08,Lat Pull,Back,52.0,kgs,8,,,,""
2023-03-08,Lat Pull,Back,52.0,kgs,8,,,,""
2023-03-08,Rope pulldown,Triceps,18.0,kgs,8,,,,""
2023-03-08,Modlitewnik sztanga,Biceps,20.0,kgs,5,,,,""
2023-03-11,Przysiad ze sztangą,Back,15.0,kgs,8,,,,""
2023-03-11,Przysiad ze sztangą,Back,45.0,kgs,12,,,,""
2023-03-11,Przysiad ze sztangą,Back,65.0,kgs,8,,,,""
2023-03-11,Przysiad ze sztangą,Back,75.0,kgs,8,,,,""
2023-03-11,Przysiad ze sztangą,Back,75.0,kgs,8,,,,""
2023-03-11,Przysiad ze sztangą,Back,75.0,kgs,8,,,,""
2023-03-11,Wyciskanie na płaskiej,Chest,20.0,kgs,12,,,,""
2023-03-11,Wyciskanie na płaskiej,Chest,50.0,kgs,8,,,,""
2023-03-11,Wyciskanie na płaskiej,Chest,70.0,kgs,6,,,,""
2023-03-11,Wyciskanie na płaskiej,Chest,70.0,kgs,6,,,,""
2023-03-11,Wyciskanie na płaskiej,Chest,70.0,kgs,6,,,,""
2023-03-11,Wyciskanie na płaskiej,Chest,70.0,kgs,4,,,,""
2023-03-11,Wyciskanie na barki hantlami siedząc,Shoulders,16.0,kgs,8,,,,""
2023-03-11,Wyciskanie na barki hantlami siedząc,Shoulders,18.0,kgs,8,,,,""
2023-03-11,Wyciskanie na barki hantlami siedząc,Shoulders,18.0,kgs,8,,,,""
2023-03-11,Wyciskanie na barki hantlami siedząc,Shoulders,20.0,kgs,8,,,,""
2023-03-11,Wyciskanie na barki hantlami siedząc,Shoulders,20.0,kgs,8,,,,""
2023-03-11,Skull crushers hantlami leżac,Triceps,10.0,kgs,6,,,,""
2023-03-11,Skull crushers hantlami leżac,Triceps,10.0,kgs,8,,,,""
2023-03-11,Skull crushers hantlami leżac,Triceps,10.0,kgs,6,,,,""
2023-03-11,Wznosy hantli bokiem,Shoulders,8.0,kgs,12,,,,""
2023-03-11,Wznosy hantli bokiem,Shoulders,8.0,kgs,12,,,,""
2023-03-11,Wznosy hantli bokiem,Shoulders,8.0,kgs,8,,,,""
2023-03-12,PullUp,Back,,,8,,,,""
2023-03-12,PullUp,Back,,,8,,,,""
2023-03-12,PullUp,Back,,,7,,,,""
2023-03-12,PullUp,Back,,,5,,,,""
2023-03-12,PullUp,Back,,,5,,,,""
2023-03-12,Lat Pull,Back,45.0,kgs,8,,,,""
2023-03-12,Lat Pull,Back,52.0,kgs,8,,,,""
2023-03-12,Lat Pull,Back,45.0,kgs,8,,,,""
2023-03-12,Lat Pull,Back,45.0,kgs,8,,,,""
2023-03-12,Lat Pull,Back,45.0,kgs,8,,,,""
2023-03-12,Wiosłowanie stojąc,Back,20.0,kgs,8,,,,""
2023-03-12,Wiosłowanie stojąc,Back,40.0,kgs,8,,,,""
2023-03-12,Wiosłowanie stojąc,Back,50.0,kgs,10,,,,""
2023-03-12,Wiosłowanie stojąc,Back,50.0,kgs,10,,,,""
2023-03-12,Wiosłowanie stojąc,Back,50.0,kgs,10,,,,""
2023-03-12,Wiosłowanie stojąc,Back,50.0,kgs,10,,,,""
2023-03-12,Wznosy hantli bokiem,Shoulders,7.0,kgs,12,,,,""
2023-03-12,Wznosy hantli bokiem,Shoulders,7.0,kgs,12,,,,""
2023-03-12,Wznosy hantli bokiem,Shoulders,7.0,kgs,12,,,,""
2023-03-12,Modlitewnik sztanga,Biceps,20.0,kgs,8,,,,""
2023-03-12,Hammer curl,Biceps,8.0,kgs,12,,,,""
2023-03-12,Hammer curl,Biceps,8.0,kgs,12,,,,""
2023-03-14,RDL,Back,28.0,kgs,8,,,,""
2023-03-14,RDL,Back,28.0,kgs,8,,,,""
2023-03-14,RDL,Back,28.0,kgs,8,,,,""
2023-03-14,RDL,Back,28.0,kgs,8,,,,""
2023-03-14,RDL,Back,28.0,kgs,8,,,,""
2023-03-14,Hantle na ławce skośnej,Biceps,18.0,kgs,8,,,,""
2023-03-14,Hantle na ławce skośnej,Biceps,22.0,kgs,8,,,,""
2023-03-14,Hantle na ławce skośnej,Biceps,24.0,kgs,8,,,,""
2023-03-14,Hantle na ławce skośnej,Biceps,24.0,kgs,8,,,,""
2023-03-14,Hantle na ławce skośnej,Biceps,24.0,kgs,8,,,,""
2023-03-14,Hantle na ławce skośnej,Biceps,22.0,kgs,7,,,,""
2023-03-14,Poziome wiosłownie siedząc,Back,39.0,kgs,8,,,,""
2023-03-14,Poziome wiosłownie siedząc,Back,45.0,kgs,8,,,,""
2023-03-14,Poziome wiosłownie siedząc,Back,45.0,kgs,8,,,,""
2023-03-14,Leg press,Legs,150.0,kgs,10,,,,""
2023-03-14,Leg press,Legs,150.0,kgs,10,,,,""
2023-03-14,łydki konik,Legs,50.0,kgs,12,,,,""
2023-03-14,łydki konik,Legs,50.0,kgs,12,,,,""
2023-03-14,łydki konik,Legs,50.0,kgs,12,,,,""
2023-03-14,Rear delt,Shoulders,45.0,kgs,8,,,,""
2023-03-14,Rear delt,Shoulders,45.0,kgs,8,,,,""
2023-03-14,Modlitewnik maszyna,Biceps,36.0,kgs,10,,,,""
2023-03-14,Modlitewnik maszyna,Biceps,36.0,kgs,10,,,,""
2023-03-14,Triceps na linkach superman,Triceps,11.0,kgs,8,,,,""
2023-03-14,Triceps na linkach superman,Triceps,11.0,kgs,8,,,,""
2023-03-14,Modlitewnik maszyna,Biceps,45.0,kgs,10,,,,""
2023-03-14,Triceps na linkach superman,Triceps,18.0,kgs,8,,,,""
2023-03-15,Wyciskanie na płaskiej,Chest,20.0,kgs,12,,,,""
2023-03-15,Wyciskanie na płaskiej,Chest,40.0,kgs,8,,,,""
2023-03-15,Wyciskanie na płaskiej,Chest,70.0,kgs,8,,,,""
2023-03-15,Wyciskanie na płaskiej,Chest,70.0,kgs,7,,,,""
2023-03-15,Wyciskanie na płaskiej,Chest,70.0,kgs,7,,,,""
2023-03-15,Wyciskanie na płaskiej,Chest,70.0,kgs,5,,,,""
2023-03-15,OHP,Shoulders,20.0,kgs,8,,,,""
2023-03-15,OHP,Shoulders,35.0,kgs,6,,,,""
2023-03-15,OHP,Shoulders,35.0,kgs,8,,,,""
2023-03-15,OHP,Shoulders,35.0,kgs,5,,,,""
2023-03-15,OHP,Shoulders,35.0,kgs,5,,,,""
2023-03-15,Wznosy hantli bokiem,Shoulders,8.0,kgs,12,,,,""
2023-03-15,Wznosy hantli bokiem,Shoulders,8.0,kgs,12,,,,""
2023-03-15,Wznosy hantli bokiem,Shoulders,8.0,kgs,10,,,,""
2023-03-15,Dipy,Chest,0.0,kgs,8,,,,""
2023-03-15,Dipy,Chest,0.0,kgs,8,,,,""
2023-03-15,Dipy,Chest,0.0,kgs,8,,,,""
2023-03-15,Fly Pec,Chest,59.0,kgs,10,,,,""
2023-03-15,Fly Pec,Chest,66.0,kgs,10,,,,""
2023-03-15,Fly Pec,Chest,66.0,kgs,8,,,,""
2023-03-15,Rope pulldown,Triceps,18.0,kgs,8,,,,""
2023-03-15,Rope pulldown,Triceps,20.0,kgs,6,,,,""
2023-03-15,Wznosy nóg na podporkach,Abs,,,10,,,,""
2023-03-15,Wznosy nóg na podporkach,Abs,,,10,,,,""
2023-03-15,Wznosy nóg na podporkach,Abs,,,10,,,,""
2023-03-15,Plank,Abs,,,,,,0:01:30,""
2023-03-15,Plank,Abs,,,,,,0:01:00,""
2023-03-15,Plank,Abs,,,,,,0:01:00,""
2023-03-17,PullUp,Back,,,10,,,,""
2023-03-17,PullUp,Back,,,8,,,,""
2023-03-17,PullUp,Back,,,8,,,,""
2023-03-17,PullUp,Back,,,6,,,,""
2023-03-17,PullUp,Back,,,6,,,,""
2023-03-17,Przysiad ze sztangą,Back,50.0,kgs,8,,,,""
2023-03-17,Przysiad ze sztangą,Back,70.0,kgs,8,,,,""
2023-03-17,Przysiad ze sztangą,Back,70.0,kgs,8,,,,""
2023-03-17,Przysiad ze sztangą,Back,80.0,kgs,7,,,,""
2023-03-17,Przysiad ze sztangą,Back,80.0,kgs,6,,,,""
2023-03-17,Modlitewnik sztanga,Biceps,20.0,kgs,8,,,,""
2023-03-17,Modlitewnik sztanga,Biceps,22.5,kgs,8,,,,""
2023-03-17,Modlitewnik sztanga,Biceps,22.5,kgs,6,,,,""
2023-03-17,Wznosy hantli bokiem,Shoulders,8.0,kgs,12,,,,""
2023-03-17,Wznosy hantli bokiem,Shoulders,8.0,kgs,12,,,,""
2023-03-17,Wznosy hantli bokiem,Shoulders,8.0,kgs,8,,,,""
2023-03-17,Wznosy nóg na podporkach,Abs,,,8,,,,""
2023-03-17,Wznosy nóg na podporkach,Abs,,,10,,,,""
2023-03-17,Wznosy nóg na podporkach,Abs,,,10,,,,""
2023-03-20,RDL,Back,44.0,kgs,8,,,,""
2023-03-20,RDL,Back,44.0,kgs,8,,,,""
2023-03-20,RDL,Back,44.0,kgs,8,,,,""
2023-03-20,RDL,Back,44.0,kgs,8,,,,""
2023-03-20,RDL,Back,44.0,kgs,8,,,,""
2023-03-20,Wyciskanie sztanga dodatnia,Chest,30.0,kgs,12,,,,""
2023-03-20,Wyciskanie sztanga dodatnia,Chest,50.0,kgs,8,,,,""
2023-03-20,Wyciskanie sztanga dodatnia,Chest,50.0,kgs,10,,,,""
2023-03-20,Wyciskanie sztanga dodatnia,Chest,50.0,kgs,10,,,,""
2023-03-20,Wyciskanie sztanga dodatnia,Chest,50.0,kgs,10,,,,""
2023-03-20,Wyciskanie sztanga dodatnia,Chest,50.0,kgs,10,,,,""
2023-03-20,Wznosy nóg leżac,Abs,,,8,,,,""
2023-03-20,Plank,Abs,,,,,,0:01:00,""
2023-03-20,Plank,Abs,,,,,,0:01:00,""
2023-03-20,Wznosy nóg leżac,Abs,,,8,,,,""
2023-03-20,Wznosy nóg leżac,Abs,,,8,,,,""
2023-03-20,Poziome wiosłownie siedząc,Back,52.0,kgs,8,,,,""
2023-03-20,Poziome wiosłownie siedząc,Back,52.0,kgs,8,,,,""
2023-03-20,Leg press,Legs,150.0,kgs,8,,,,""
2023-03-20,łydki konik,Legs,60.0,kgs,12,,,,""
2023-03-20,łydki konik,Legs,60.0,kgs,12,,,,""
2023-03-20,łydki konik,Legs,60.0,kgs,12,,,,""
2023-03-20,Skull crushers hantlami leżac,Triceps,10.0,kgs,8,,,,""
2023-03-20,Skull crushers hantlami leżac,Triceps,10.0,kgs,8,,,,""
2023-03-20,Skull crushers hantlami leżac,Triceps,10.0,kgs,8,,,,""
2023-03-20,Long head ławka,Biceps,12.0,kgs,12,,,,""
2023-03-20,Long head ławka,Biceps,12.0,kgs,10,,,,""
2023-03-20,Long head ławka,Biceps,12.0,kgs,8,,,,""
2023-03-20,Rear delt,Shoulders,39.0,kgs,12,,,,""
2023-03-20,Rear delt,Shoulders,52.0,kgs,12,,,,""
2023-03-22,Hantle na ławce płaskiej,Chest,16.0,kgs,8,,,,""
2023-03-22,Hantle na ławce płaskiej,Chest,22.0,kgs,8,,,,""
2023-03-22,Hantle na ławce płaskiej,Chest,26.0,kgs,8,,,,""
2023-03-22,Hantle na ławce płaskiej,Chest,26.0,kgs,9,,,,""
2023-03-22,Hantle na ławce płaskiej,Chest,28.0,kgs,8,,,,""
2023-03-22,Hantle na ławce płaskiej,Chest,26.0,kgs,9,,,,""
2023-03-22,Dipy,Chest,0.0,kgs,8,,,,""
2023-03-22,Dipy,Chest,0.0,kgs,8,,,,""
2023-03-22,Dipy,Chest,0.0,kgs,8,,,,""
2023-03-22,Dipy,Chest,0.0,kgs,8,,,,""
2023-03-22,Dipy,Chest,0.0,kgs,5,,,,""
2023-03-22,Dół klaty na bramie,Chest,14.0,kgs,8,,,,""
2023-03-22,Dół klaty na bramie,Chest,14.0,kgs,8,,,,""
2023-03-22,Dół klaty na bramie,Chest,18.6,kgs,10,,,,""
2023-03-22,Wyciskanie na barki hantlami siedząc,Shoulders,14.0,kgs,8,,,,""
2023-03-22,Wyciskanie na barki hantlami siedząc,Shoulders,18.0,kgs,8,,,,""
2023-03-22,Wyciskanie na barki hantlami siedząc,Shoulders,18.0,kgs,10,,,,""
2023-03-22,Wyciskanie na barki hantlami siedząc,Shoulders,18.0,kgs,7,,,,""
2023-03-22,Wyciskanie na barki hantlami siedząc,Shoulders,18.0,kgs,8,,,,""
2023-03-22,Wznosy hantli bokiem,Shoulders,8.0,kgs,12,,,,""
2023-03-22,Wznosy hantli bokiem,Shoulders,8.0,kgs,12,,,,""
2023-03-22,Wznosy hantli bokiem,Shoulders,8.0,kgs,10,,,,""
2023-03-22,Rope pulldown,Triceps,16.6,kgs,12,,,,""
2023-03-22,Rope pulldown,Triceps,16.6,kgs,10,,,,""
2023-03-22,Rope pulldown,Triceps,16.6,kgs,8,,,,""
2023-03-24,PullUp,Back,,,8,,,,""
2023-03-24,PullUp,Back,,,3,,,,""
2023-03-24,PullUp,Back,,,5,,,,""
2023-03-24,PullUp,Back,,,3,,,,""
2023-03-24,PullUp,Back,,,4,,,,""
2023-03-24,Przysiad ze sztangą,Back,20.0,kgs,8,,,,""
2023-03-24,Przysiad ze sztangą,Back,70.0,kgs,8,,,,""
2023-03-24,Przysiad ze sztangą,Back,70.0,kgs,8,,,,""
2023-03-24,Przysiad ze sztangą,Back,50.0,kgs,8,,,,""
2023-03-24,Przysiad ze sztangą,Back,50.0,kgs,8,,,,""
2023-03-24,Przysiad ze sztangą,Back,50.0,kgs,8,,,,""
2023-03-24,Lat Pull,Back,45.0,kgs,8,,,,""
2023-03-24,Lat Pull,Back,52.0,kgs,8,,,,""
2023-03-24,Lat Pull,Back,52.0,kgs,8,,,,""
2023-03-24,Lat Pull,Back,52.0,kgs,8,,,,""
2023-03-24,Wiosłowanie stojąc,Back,20.0,kgs,8,,,,""
2023-03-24,Wiosłowanie stojąc,Back,40.0,kgs,8,,,,""
2023-03-24,Wiosłowanie stojąc,Back,50.0,kgs,8,,,,""
2023-03-24,Wiosłownaie hantlem,Back,14.0,kgs,8,,,,""
2023-03-24,Wiosłownaie hantlem,Back,14.0,kgs,8,,,,""
2023-03-24,Wiosłownaie hantlem,Back,16.0,kgs,8,,,,""
2023-03-24,Long head ławka,Biceps,10.0,kgs,12,,,,""
2023-03-24,Long head ławka,Biceps,10.0,kgs,12,,,,""
2023-03-24,Long head ławka,Biceps,10.0,kgs,10,,,,""
2023-03-24,Hammer curl,Biceps,10.0,kgs,10,,,,""
2023-03-24,Plank,Abs,,,,,,0:01:30,""
2023-03-24,Plank,Abs,,,,,,0:01:00,""
2023-03-24,Wznosy nóg na podporkach,Abs,,,8,,,,""
2023-03-24,Wznosy nóg na podporkach,Abs,,,8,,,,""
2023-03-24,Wznosy nóg na podporkach,Abs,,,12,,,,""
2023-03-24,Plank,Abs,,,,,,0:00:30,""
2023-03-24,Hammer curl,Biceps,10.0,kgs,10,,,,""
2023-03-24,Hammer curl,Biceps,10.0,kgs,10,,,,""
2023-03-28,RDL,Back,48.0,kgs,8,,,,""
2023-03-28,RDL,Back,48.0,kgs,8,,,,""
2023-03-28,RDL,Back,48.0,kgs,8,,,,""
2023-03-28,RDL,Back,48.0,kgs,8,,,,""
2023-03-28,RDL,Back,48.0,kgs,8,,,,""
2023-03-28,Hantle na ławce skośnej,Biceps,20.0,kgs,8,,,,""
2023-03-28,Hantle na ławce skośnej,Biceps,24.0,kgs,8,,,,""
2023-03-28,Hantle na ławce skośnej,Biceps,26.0,kgs,8,,,,""
2023-03-28,Hantle na ławce skośnej,Biceps,26.0,kgs,8,,,,""
2023-03-28,Hantle na ławce skośnej,Biceps,24.0,kgs,8,,,,""
2023-03-28,Hantle na ławce skośnej,Biceps,24.0,kgs,9,,,,""
2023-03-28,Poziome wiosłownie siedząc,Back,45.0,kgs,8,,,,""
2023-03-28,Poziome wiosłownie siedząc,Back,52.0,kgs,8,,,,""
2023-03-28,Calf raises na maszynie,Legs,137.0,kgs,12,,,,""
2023-03-28,Leg press,Legs,140.0,kgs,8,,,,""
2023-03-28,Leg press,Legs,140.0,kgs,12,,,,""
2023-03-28,Leg press,Legs,140.0,kgs,12,,,,""
2023-03-28,Calf raises na maszynie,Legs,137.0,kgs,12,,,,""
2023-03-28,Calf raises na maszynie,Legs,137.0,kgs,12,,,,""
2023-03-28,Long head ławka,Biceps,10.0,kgs,12,,,,""
2023-03-28,Long head ławka,Biceps,10.0,kgs,12,,,,""
2023-03-28,Long head ławka,Biceps,10.0,kgs,12,,,,""
2023-03-28,Skull crushers hantlami leżac,Triceps,10.0,kgs,12,,,,""
2023-03-28,Skull crushers hantlami leżac,Triceps,10.0,kgs,12,,,,""
2023-03-28,Skull crushers hantlami leżac,Triceps,10.0,kgs,8,,,,""
2023-03-28,Plank,Abs,,,,,,0:01:00,""
2023-03-28,Plank,Abs,,,,,,0:00:45,""
2023-03-28,Brzuszki skos ujemny,Abs,,,10,,,,""
2023-03-28,Brzuszki skos ujemny,Abs,,,10,,,,""
2023-03-28,Plank,Abs,,,,,,0:01:00,""
2023-03-28,Brzuszki skos ujemny,Abs,,,10,,,,""
2023-03-29,Wyciskanie na płaskiej,Chest,20.0,kgs,10,,,,""
2023-03-29,Wyciskanie na płaskiej,Chest,50.0,kgs,8,,,,""
2023-03-29,Wyciskanie na płaskiej,Chest,70.0,kgs,8,,,,""
2023-03-29,Wyciskanie na płaskiej,Chest,75.0,kgs,4,,,,""
2023-03-29,Wyciskanie na płaskiej,Chest,75.0,kgs,3,,,,""
2023-03-29,Wyciskanie na płaskiej,Chest,72.5,kgs,3,,,,""
2023-03-29,Wyciskanie na barki hantlami siedząc,Shoulders,18.0,kgs,8,,,,""
2023-03-29,Wyciskanie na barki hantlami siedząc,Shoulders,20.0,kgs,8,,,,""
2023-03-29,Wyciskanie na barki hantlami siedząc,Shoulders,20.0,kgs,8,,,,""
2023-03-29,Wyciskanie na barki hantlami siedząc,Shoulders,20.0,kgs,8,,,,""
2023-03-29,Wyciskanie na barki hantlami siedząc,Shoulders,20.0,kgs,11,,,,""
2023-03-29,Dipy,Chest,0.0,kgs,6,,,,""
2023-03-29,Dipy,Chest,0.0,kgs,6,,,,""
2023-03-29,Dipy,Chest,0.0,kgs,6,,,,""
2023-03-29,Dipy,Chest,0.0,kgs,6,,,,""
2023-03-29,Dipy,Chest,0.0,kgs,6,,,,""
2023-03-29,Rope pulldown,Triceps,16.3,kgs,12,,,,""
2023-03-29,Wznosy hantli bokiem,Shoulders,7.0,kgs,12,,,,""
2023-03-29,Wznosy hantli bokiem,Shoulders,7.0,kgs,12,,,,""
2023-03-29,Wznosy hantli bokiem,Shoulders,7.0,kgs,12,,,,""
2023-03-29,Rope pulldown,Triceps,16.3,kgs,12,,,,""
2023-03-29,Rope pulldown,Triceps,16.3,kgs,12,,,,""
2023-03-29,Dół klaty na bramie,Chest,14.0,kgs,8,,,,""
2023-03-29,Dół klaty na bramie,Chest,14.0,kgs,8,,,,""
2023-03-29,Dół klaty na bramie,Chest,14.0,kgs,8,,,,""
2023-03-31,PullUp,Back,,,9,,,,""
2023-03-31,PullUp,Back,,,8,,,,""
2023-03-31,PullUp,Back,,,6,,,,""
2023-03-31,PullUp,Back,,,7,,,,""
2023-03-31,PullUp,Back,,,6,,,,""
2023-03-31,Lat Pull,Back,32.0,kgs,6,,,,""
2023-03-31,Lat Pull,Back,59.0,kgs,7,,,,""
2023-03-31,Przysiad ze sztangą,Back,15.0,kgs,8,,,,""
2023-03-31,Przysiad ze sztangą,Back,35.0,kgs,8,,,,""
2023-03-31,Przysiad ze sztangą,Back,75.0,kgs,8,,,,""
2023-03-31,Przysiad ze sztangą,Back,75.0,kgs,8,,,,""
2023-03-31,Przysiad ze sztangą,Back,75.0,kgs,8,,,,""
2023-03-31,Lat Pull,Back,59.0,kgs,8,,,,""
2023-03-31,Lat Pull,Back,59.0,kgs,8,,,,""
2023-03-31,Modlitewnik sztanga,Biceps,22.5,kgs,6,,,,""
2023-03-31,Modlitewnik sztanga,Biceps,22.5,kgs,7,,,,""
2023-03-31,Modlitewnik sztanga,Biceps,22.5,kgs,6,,,,""
2023-03-31,Hammer curl,Biceps,10.0,kgs,12,,,,""
2023-03-31,Wznosy hantli bokiem,Shoulders,8.0,kgs,12,,,,""
2023-03-31,Wznosy hantli bokiem,Shoulders,8.0,kgs,12,,,,""
2023-03-31,Hammer curl,Biceps,10.0,kgs,12,,,,""
2023-03-31,Wznosy hantli bokiem,Shoulders,8.0,kgs,8,,,,""
2023-03-31,Hammer curl,Biceps,10.0,kgs,12,,,,""
2023-03-31,Wznosy nóg na podporkach,Abs,,,12,,,,""
2023-03-31,Wznosy nóg na podporkach,Abs,,,12,,,,""
2023-03-31,Wznosy nóg na podporkach,Abs,,,12,,,,""
2023-04-02,RDL,Back,48.0,kgs,8,,,,""
2023-04-02,RDL,Back,48.0,kgs,8,,,,""
2023-04-02,RDL,Back,48.0,kgs,6,,,,""
2023-04-02,RDL,Back,48.0,kgs,8,,,,""
2023-04-02,RDL,Back,48.0,kgs,8,,,,""
2023-04-02,Wyciskanie sztanga dodatnia,Chest,20.0,kgs,8,,,,""
2023-04-02,Wyciskanie sztanga dodatnia,Chest,50.0,kgs,8,,,,""
2023-04-02,Wyciskanie sztanga dodatnia,Chest,60.0,kgs,6,,,,""
2023-04-02,Wyciskanie sztanga dodatnia,Chest,60.0,kgs,8,,,,""
2023-04-02,Wyciskanie sztanga dodatnia,Chest,60.0,kgs,8,,,,""
2023-04-02,Wyciskanie sztanga dodatnia,Chest,60.0,kgs,8,,,,""
2023-04-02,Poziome wiosłownie siedząc,Back,45.0,kgs,8,,,,""
2023-04-02,Poziome wiosłownie siedząc,Back,45.0,kgs,8,,,,""
2023-04-02,Poziome wiosłownie siedząc,Back,45.0,kgs,8,,,,""
2023-04-02,łydki konik,Legs,60.0,kgs,8,,,,""
2023-04-02,łydki konik,Legs,60.0,kgs,12,,,,""
2023-04-02,łydki konik,Legs,80.0,kgs,8,,,,""
2023-04-02,Leg press,Legs,150.0,kgs,8,,,,""
2023-04-02,Leg press,Legs,150.0,kgs,8,,,,""
2023-04-02,Leg press,Legs,150.0,kgs,8,,,,""
2023-04-02,Long head ławka,Biceps,12.0,kgs,12,,,,""
2023-04-02,Long head ławka,Biceps,12.0,kgs,10,,,,""
2023-04-02,Long head ławka,Biceps,12.0,kgs,9,,,,""
2023-04-02,Skull crushers hantlami leżac,Triceps,10.0,kgs,12,,,,""
2023-04-02,Skull crushers hantlami leżac,Triceps,10.0,kgs,10,,,,""
2023-04-02,Skull crushers hantlami leżac,Triceps,10.0,kgs,10,,,,""
2023-04-02,Wznosy nóg na podporkach,Abs,,,6,,,,""
2023-04-02,Plank,Abs,,,,,,0:01:00,""
2023-04-02,Wznosy nóg na podporkach,Abs,,,6,,,,""
2023-04-03,Wyciskanie na płaskiej,Chest,20.0,kgs,12,,,,""
2023-04-03,Wyciskanie na płaskiej,Chest,50.0,kgs,8,,,,""
2023-04-03,Wyciskanie na płaskiej,Chest,75.0,kgs,7,,,,""
2023-04-03,Wyciskanie na płaskiej,Chest,75.0,kgs,7,,,,""
2023-04-03,Wyciskanie na płaskiej,Chest,75.0,kgs,6,,,,""
2023-04-03,Wyciskanie na płaskiej,Chest,75.0,kgs,6,,,,""
2023-04-03,Dipy,Chest,0.0,kgs,10,,,,""
2023-04-03,Dipy,Chest,0.0,kgs,10,,,,""
2023-04-03,Dipy,Chest,0.0,kgs,6,,,,""
2023-04-03,Dipy,Chest,0.0,kgs,6,,,,""
2023-04-03,Dipy,Chest,0.0,kgs,5,,,,""
2023-04-03,OHP,Shoulders,30.0,kgs,8,,,,""
2023-04-03,OHP,Shoulders,40.0,kgs,5,,,,""
2023-04-03,OHP,Shoulders,40.0,kgs,5,,,,""
2023-04-03,OHP,Shoulders,30.0,kgs,6,,,,""
2023-04-03,OHP,Shoulders,30.0,kgs,6,,,,""
2023-04-03,Wznosy hantli bokiem,Shoulders,7.0,kgs,12,,,,""
2023-04-03,Wznosy hantli bokiem,Shoulders,7.0,kgs,12,,,,""
2023-04-03,Wznosy hantli bokiem,Shoulders,7.0,kgs,8,,,,""
2023-04-03,Skull crushers hantlami leżac,Triceps,10.0,kgs,8,,,,""
2023-04-03,Skull crushers hantlami leżac,Triceps,10.0,kgs,8,,,,""
2023-04-03,Skull crushers hantlami leżac,Triceps,10.0,kgs,7,,,,""
2023-04-03,Rozpiętki hantlami,Chest,10.0,kgs,8,,,,""
2023-04-03,Rozpiętki hantlami,Chest,10.0,kgs,8,,,,""
2023-04-03,Rozpiętki hantlami,Chest,10.0,kgs,8,,,,""
2023-04-05,PullUp - Weighted,Back,7.0,kgs,7,,,,""
2023-04-05,PullUp - Weighted,Back,7.0,kgs,7,,,,""
2023-04-05,PullUp - Weighted,Back,7.0,kgs,6,,,,""
2023-04-05,PullUp - Weighted,Back,7.0,kgs,3,,,,""
2023-04-05,Przysiad ze sztangą,Back,20.0,kgs,8,,,,""
2023-04-05,Przysiad ze sztangą,Back,50.0,kgs,8,,,,""
2023-04-05,Przysiad ze sztangą,Back,70.0,kgs,8,,,,""
2023-04-05,Przysiad ze sztangą,Back,70.0,kgs,8,,,,""
2023-04-05,Przysiad ze sztangą,Back,70.0,kgs,8,,,,""
2023-04-05,Lat Pull,Back,45.0,kgs,8,,,,""
2023-04-05,Lat Pull,Back,59.0,kgs,8,,,,""
2023-04-05,Lat Pull,Back,59.0,kgs,8,,,,""
2023-04-05,Lat Pull,Back,59.0,kgs,7,,,,""
2023-04-05,Lat Pull,Back,52.0,kgs,8,,,,""
2023-04-05,Lat Pull,Back,52.0,kgs,8,,,,""
2023-04-05,Diverging seated row,Back,32.0,kgs,8,,,,""
2023-04-05,Diverging seated row,Back,32.0,kgs,8,,,,""
2023-04-05,Diverging seated row,Back,32.0,kgs,8,,,,""
2023-04-05,Diverging seated row,Back,32.0,kgs,8,,,,""
2023-04-05,Modlitewnik sztanga,Biceps,22.5,kgs,5,,,,""
2023-04-05,Modlitewnik sztanga,Biceps,22.5,kgs,5,,,,""
2023-04-05,Modlitewnik sztanga,Biceps,22.5,kgs,4,,,,""
2023-04-05,Hammer curl,Biceps,10.0,kgs,10,,,,""
2023-04-05,Hammer curl,Biceps,10.0,kgs,12,,,,""
2023-04-05,Hammer curl,Biceps,10.0,kgs,12,,,,""
2023-04-05,Wznosy hantli bokiem,Shoulders,8.0,kgs,8,,,,""
2023-04-05,Wznosy hantli bokiem,Shoulders,8.0,kgs,8,,,,""
2023-04-05,Wznosy hantli bokiem,Shoulders,8.0,kgs,8,,,,""
2023-04-05,Wznosy nóg na podporkach,Abs,,,12,,,,""
2023-04-05,Wznosy nóg na podporkach,Abs,,,12,,,,""
2023-04-05,Wznosy nóg na podporkach,Abs,,,12,,,,""
2023-04-05,Brzuszki skos ujemny,Abs,,,8,,,,""
2023-04-07,Wznosy nóg na podporkach,Abs,,,12,,,,""
2023-04-07,Wznosy nóg na podporkach,Abs,,,12,,,,""
2023-04-07,Wznosy nóg na podporkach,Abs,,,12,,,,""
2023-04-07,RDL,Back,48.0,kgs,8,,,,""
2023-04-07,RDL,Back,48.0,kgs,8,,,,""
2023-04-07,RDL,Back,48.0,kgs,8,,,,""
2023-04-07,RDL,Back,48.0,kgs,8,,,,""
2023-04-07,RDL,Back,48.0,kgs,8,,,,""
2023-04-07,Smith dodatni,Chest,50.0,kgs,8,,,,""
2023-04-07,Smith dodatni,Chest,70.0,kgs,8,,,,""
2023-04-07,Smith dodatni,Chest,72.5,kgs,8,,,,""
2023-04-07,Smith dodatni,Chest,72.5,kgs,8,,,,""
2023-04-07,Smith dodatni,Chest,70.0,kgs,8,,,,""
2023-04-07,Leg press,Legs,150.0,kgs,10,,,,""
2023-04-07,Leg press,Legs,150.0,kgs,10,,,,""
2023-04-07,Leg press,Legs,150.0,kgs,10,,,,""
2023-04-07,łydki konik,Legs,45.0,kgs,12,,,,""
2023-04-07,łydki konik,Legs,45.0,kgs,12,,,,""
2023-04-07,łydki konik,Legs,45.0,kgs,12,,,,""
2023-04-07,Diverging seated row,Back,41.0,kgs,8,,,,""
2023-04-07,Diverging seated row,Back,45.0,kgs,8,,,,""
2023-04-07,Diverging seated row,Back,45.0,kgs,8,,,,""
2023-04-07,Rope pulldown,Triceps,18.0,kgs,12,,,,""
2023-04-07,Rope pulldown,Triceps,18.0,kgs,8,,,,""
2023-04-07,Rope pulldown,Triceps,18.0,kgs,8,,,,""
2023-04-07,Modlitewnik maszyna,Biceps,41.0,kgs,12,,,,""
2023-04-07,Modlitewnik maszyna,Biceps,45.0,kgs,10,,,,""
2023-04-07,Modlitewnik maszyna,Biceps,45.0,kgs,12,,,,""
2023-04-11,Hantle na ławce płaskiej,Chest,18.0,kgs,8,,,,""
2023-04-11,Hantle na ławce płaskiej,Chest,28.0,kgs,10,,,,""
2023-04-11,Hantle na ławce płaskiej,Chest,32.0,kgs,1,,,,""
2023-04-11,Hantle na ławce płaskiej,Chest,30.0,kgs,7,,,,""
2023-04-11,Hantle na ławce płaskiej,Chest,30.0,kgs,6,,,,""
2023-04-11,Hantle na ławce płaskiej,Chest,28.0,kgs,8,,,,""
2023-04-11,Dipy,Chest,0.0,kgs,8,,,,""
2023-04-11,Dipy,Chest,0.0,kgs,8,,,,""
2023-04-11,Dipy,Chest,0.0,kgs,8,,,,""
2023-04-11,Dipy,Chest,0.0,kgs,8,,,,""
2023-04-11,Dipy,Chest,0.0,kgs,6,,,,""
2023-04-11,Wyciskanie na barki hantlami siedząc,Shoulders,18.0,kgs,8,,,,""
2023-04-11,Wyciskanie na barki hantlami siedząc,Shoulders,18.0,kgs,8,,,,""
2023-04-11,Wyciskanie na barki hantlami siedząc,Shoulders,18.0,kgs,8,,,,""
2023-04-11,Wyciskanie na barki hantlami siedząc,Shoulders,18.0,kgs,8,,,,""
2023-04-11,Wyciskanie na barki hantlami siedząc,Shoulders,18.0,kgs,8,,,,""
2023-04-11,Rozpiętki hantlami,Chest,10.0,kgs,8,,,,""
2023-04-11,Rozpiętki hantlami,Chest,10.0,kgs,6,,,,""
2023-04-11,Rozpiętki hantlami,Chest,10.0,kgs,8,,,,""
2023-04-11,Wznosy hantli bokiem,Shoulders,7.0,kgs,8,,,,""
2023-04-11,Wznosy hantli bokiem,Shoulders,7.0,kgs,8,,,,""
2023-04-11,Wznosy hantli bokiem,Shoulders,7.0,kgs,8,,,,""
2023-04-11,Triceps na bramie,Triceps,14.0,kgs,7,,,,""
2023-04-11,Triceps na bramie,Triceps,14.0,kgs,6,,,,""
2023-04-11,Triceps na bramie,Triceps,14.0,kgs,6,,,,""
2023-04-11,Triceps na bramie,Triceps,14.0,kgs,8,,,,""
2023-04-12,PullUp - Weighted,Back,8.0,kgs,8,,,,""
2023-04-12,PullUp - Weighted,Back,8.0,kgs,5,,,,""
2023-04-12,PullUp - Weighted,Back,8.0,kgs,5,,,,""
2023-04-12,PullUp - Weighted,Back,8.0,kgs,4,,,,""
2023-04-12,PullUp - Weighted,Back,8.0,kgs,4,,,,""
2023-04-12,Przysiad ze sztangą,Back,20.0,kgs,8,,,,""
2023-04-12,Przysiad ze sztangą,Back,40.0,kgs,8,,,,""
2023-04-12,Przysiad ze sztangą,Back,50.0,kgs,8,,,,""
2023-04-12,Przysiad ze sztangą,Back,90.0,kgs,6,,,,""
2023-04-12,Przysiad ze sztangą,Back,90.0,kgs,8,,,,""
2023-04-12,Lat Pull,Back,39.0,kgs,8,,,,""
2023-04-12,Lat Pull,Back,52.0,kgs,8,,,,""
2023-04-12,Lat Pull,Back,52.0,kgs,8,,,,""
2023-04-12,Lat Pull,Back,52.0,kgs,8,,,,""
2023-04-12,Lat Pull,Back,52.0,kgs,8,,,,""
2023-04-12,Wioslowanie na maszynie przy ławach :xdd:,Back,25.0,kgs,8,,,,""
2023-04-12,Wioslowanie na maszynie przy ławach :xdd:,Back,25.0,kgs,8,,,,""
2023-04-12,Wioslowanie na maszynie przy ławach :xdd:,Back,25.0,kgs,8,,,,""
2023-04-12,Wioslowanie na maszynie przy ławach :xdd:,Back,25.0,kgs,8,,,,""
2023-04-12,Wioslowanie na maszynie przy ławach :xdd:,Back,25.0,kgs,8,,,,""
2023-04-12,Modlitewnik sztanga,Biceps,25.0,kgs,8,,,,""
2023-04-12,Modlitewnik sztanga,Biceps,25.0,kgs,6,,,,""
2023-04-12,Modlitewnik sztanga,Biceps,25.0,kgs,4,,,,""
2023-04-12,Hammer curl,Biceps,12.0,kgs,8,,,,""
2023-04-12,Wznosy na drązku,Abs,,,8,,,,""
2023-04-12,Wznosy na drązku,Abs,,,5,,,,""
2023-04-14,RDL,Back,48.0,kgs,8,,,,""
2023-04-14,RDL,Back,48.0,kgs,8,,,,""
2023-04-14,RDL,Back,48.0,kgs,8,,,,""
2023-04-14,RDL,Back,48.0,kgs,8,,,,""
2023-04-14,RDL,Back,48.0,kgs,8,,,,""
2023-04-14,Hantle na ławce skośnej,Biceps,18.0,kgs,8,,,,""
2023-04-14,Hantle na ławce skośnej,Biceps,24.0,kgs,8,,,,""
2023-04-14,Hantle na ławce skośnej,Biceps,28.0,kgs,8,,,,""
2023-04-14,Hantle na ławce skośnej,Biceps,28.0,kgs,8,,,,""
2023-04-14,Hantle na ławce skośnej,Biceps,28.0,kgs,7,,,,""
2023-04-14,Hantle na ławce skośnej,Biceps,26.0,kgs,7,,,,""
2023-04-14,Leg press,Legs,150.0,kgs,12,,,,""
2023-04-14,Leg press,Legs,150.0,kgs,12,,,,""
2023-04-14,Leg press,Legs,160.0,kgs,12,,,,""
2023-04-14,łydki konik,Legs,60.0,kgs,8,,,,""
2023-04-14,łydki konik,Legs,60.0,kgs,8,,,,""
2023-04-14,Poziome wiosłownie siedząc,Back,39.0,kgs,12,,,,""
2023-04-14,Poziome wiosłownie siedząc,Back,52.0,kgs,8,,,,""
2023-04-14,Poziome wiosłownie siedząc,Back,52.0,kgs,8,,,,""
2023-04-14,Long head ławka,Biceps,14.0,kgs,6,,,,""
2023-04-14,Long head ławka,Biceps,14.0,kgs,8,,,,""
2023-04-14,Plank,Abs,,,,,,0:01:00,""
2023-04-14,Plank,Abs,,,,,,0:01:00,""
2023-04-14,Wznosy nóg na podporkach,Abs,,,12,,,,""
2023-04-14,Wznosy nóg na podporkach,Abs,,,12,,,,""
2023-04-14,Rear delt,Shoulders,39.0,kgs,12,,,,""
2023-04-14,Rear delt,Shoulders,39.0,kgs,12,,,,""
2023-04-14,Rear delt,Shoulders,52.0,kgs,12,,,,""
2023-04-14,Rear delt,Shoulders,52.0,kgs,12,,,,""
2023-04-14,Long head ławka,Biceps,14.0,kgs,5,,,,""
2023-04-14,łydki konik,Legs,60.0,kgs,8,,,,""
2023-04-16,Wyciskanie na płaskiej,Chest,20.0,kgs,8,,,,""
2023-04-16,Wyciskanie na płaskiej,Chest,50.0,kgs,8,,,,""
2023-04-16,Wyciskanie na płaskiej,Chest,75.0,kgs,8,,,,""
2023-04-16,Wyciskanie na płaskiej,Chest,75.0,kgs,8,,,,""
2023-04-16,Wyciskanie na płaskiej,Chest,75.0,kgs,5,,,,""
2023-04-16,Wyciskanie na płaskiej,Chest,70.0,kgs,7,,,,""
2023-04-16,Wyciskanie na płaskiej,Chest,70.0,kgs,8,,,,""
2023-04-16,Wyciskanie na barki hantlami siedząc,Shoulders,16.0,kgs,8,,,,""
2023-04-16,Wyciskanie na barki hantlami siedząc,Shoulders,20.0,kgs,8,,,,""
2023-04-16,Wyciskanie na barki hantlami siedząc,Shoulders,20.0,kgs,8,,,,""
2023-04-16,Wyciskanie na barki hantlami siedząc,Shoulders,20.0,kgs,8,,,,""
2023-04-16,Wyciskanie na barki hantlami siedząc,Shoulders,20.0,kgs,8,,,,""
2023-04-16,Dipy,Chest,0.0,kgs,8,,,,""
2023-04-16,Dipy,Chest,0.0,kgs,8,,,,""
2023-04-16,Dipy,Chest,0.0,kgs,8,,,,""
2023-04-16,Dipy,Chest,0.0,kgs,4,,,,""
2023-04-16,Dipy,Chest,0.0,kgs,6,,,,""
2023-04-16,Fly Pec,Chest,45.0,kgs,10,,,,""
2023-04-16,Fly Pec,Chest,66.0,kgs,8,,,,""
2023-04-16,Fly Pec,Chest,66.0,kgs,7,,,,""
2023-04-16,Rope pulldown,Triceps,18.0,kgs,12,,,,""
2023-04-16,Wznosy hantli bokiem,Shoulders,7.0,kgs,8,,,,""
2023-04-16,Wznosy hantli bokiem,Shoulders,7.0,kgs,8,,,,""
2023-04-16,Rope pulldown,Triceps,18.0,kgs,12,,,,""
2023-04-16,Rope pulldown,Triceps,18.0,kgs,8,,,,""
2023-04-16,Wznosy hantli bokiem,Shoulders,7.0,kgs,8,,,,""
2023-04-16,Plank,Abs,,,,,,0:01:00,""
2023-04-16,Wznosy na drązku,Abs,,,6,,,,""
2023-04-17,PullUp - Weighted,Back,8.0,kgs,6,,,,""
2023-04-17,PullUp - Weighted,Back,8.0,kgs,6,,,,""
2023-04-17,PullUp - Weighted,Back,8.0,kgs,5,,,,""
2023-04-17,PullUp - Weighted,Back,8.0,kgs,5,,,,""
2023-04-17,PullUp - Weighted,Back,8.0,kgs,3,,,,""
2023-04-17,Poziome wiosłownie siedząc,Back,45.0,kgs,8,,,,""
2023-04-17,Poziome wiosłownie siedząc,Back,52.0,kgs,8,,,,""
2023-04-17,Poziome wiosłownie siedząc,Back,52.0,kgs,8,,,,""
2023-04-17,Poziome wiosłownie siedząc,Back,52.0,kgs,8,,,,""
2023-04-17,Poziome wiosłownie siedząc,Back,52.0,kgs,8,,,,""
2023-04-17,Przysiad ze sztangą,Back,60.0,kgs,8,,,,""
2023-04-17,Przysiad ze sztangą,Back,90.0,kgs,8,,,,""
2023-04-17,Przysiad ze sztangą,Back,100.0,kgs,8,,,,""
2023-04-17,Przysiad ze sztangą,Back,100.0,kgs,6,,,,""
2023-04-17,Przysiad ze sztangą,Back,90.0,kgs,8,,,,""
2023-04-17,Przysiad ze sztangą,Back,90.0,kgs,8,,,,""
2023-04-17,Diverging seated row,Back,32.0,kgs,8,,,,""
2023-04-17,Diverging seated row,Back,45.0,kgs,8,,,,""
2023-04-17,Diverging seated row,Back,52.0,kgs,8,,,,""
2023-04-17,Diverging seated row,Back,45.0,kgs,8,,,,""
2023-04-17,Diverging seated row,Back,45.0,kgs,8,,,,""
2023-04-17,Wznosy hantli bokiem,Shoulders,8.0,kgs,6,,,,""
2023-04-17,Modlitewnik sztanga,Biceps,22.5,kgs,8,,,,""
2023-04-17,Modlitewnik sztanga,Biceps,22.5,kgs,6,,,,""
2023-04-17,Wznosy hantli bokiem,Shoulders,8.0,kgs,8,,,,""
2023-04-17,Modlitewnik sztanga,Biceps,22.5,kgs,5,,,,""
2023-04-17,Wznosy hantli bokiem,Shoulders,8.0,kgs,8,,,,""
2023-04-17,Hammer curl,Biceps,12.0,kgs,12,,,,""
2023-04-17,Hammer curl,Biceps,12.0,kgs,8,,,,""
2023-04-19,RDL,Back,48.0,kgs,8,,,,""
2023-04-19,RDL,Back,48.0,kgs,8,,,,""
2023-04-19,RDL,Back,48.0,kgs,8,,,,""
2023-04-19,RDL,Back,48.0,kgs,8,,,,""
2023-04-19,RDL,Back,48.0,kgs,8,,,,""
2023-04-19,Smith dodatni,Chest,40.0,kgs,8,,,,""
2023-04-19,Smith dodatni,Chest,70.0,kgs,8,,,,""
2023-04-19,Smith dodatni,Chest,75.0,kgs,8,,,,""
2023-04-19,Smith dodatni,Chest,75.0,kgs,8,,,,""
2023-04-19,Smith dodatni,Chest,75.0,kgs,7,,,,""
2023-04-19,Smith dodatni,Chest,75.0,kgs,7,,,,""
2023-04-19,Leg press,Legs,160.0,kgs,12,,,,""
2023-04-19,Leg press,Legs,160.0,kgs,12,,,,""
2023-04-19,Leg press,Legs,160.0,kgs,12,,,,""
2023-04-19,Rear delt,Shoulders,52.0,kgs,8,,,,""
2023-04-19,Rear delt,Shoulders,52.0,kgs,8,,,,""
2023-04-19,Rear delt,Shoulders,52.0,kgs,8,,,,""
2023-04-19,Rope pulldown,Triceps,18.0,kgs,12,,,,""
2023-04-19,Rope pulldown,Triceps,18.0,kgs,8,,,,""
2023-04-19,Rope pulldown,Triceps,18.0,kgs,8,,,,""
2023-04-19,Rope pulldown,Triceps,18.0,kgs,8,,,,""
2023-04-19,Modlitewnik sztanga,Biceps,20.0,kgs,8,,,,""
2023-04-19,Modlitewnik sztanga,Biceps,20.0,kgs,8,,,,""
2023-04-19,Modlitewnik sztanga,Biceps,20.0,kgs,6,,,,""
2023-04-19,Modlitewnik sztanga,Biceps,20.0,kgs,7,,,,""
2023-04-19,Wznosy nóg na podporkach,Abs,,,12,,,,""
2023-04-19,Plank,Abs,,,,,,0:01:00,""
2023-04-21,Wyciskanie na płaskiej,Chest,20.0,kgs,8,,,,""
2023-04-21,Wyciskanie na płaskiej,Chest,50.0,kgs,8,,,,""
2023-04-21,Wyciskanie na płaskiej,Chest,65.0,kgs,8,,,,""
2023-04-21,Wyciskanie na płaskiej,Chest,77.5,kgs,7,,,,""
2023-04-21,Wyciskanie na płaskiej,Chest,77.5,kgs,5,,,,""
2023-04-21,Wyciskanie na płaskiej,Chest,77.5,kgs,2,,,,""
2023-04-21,Wyciskanie na barki hantlami siedząc,Shoulders,16.0,kgs,8,,,,""
2023-04-21,Wyciskanie na barki hantlami siedząc,Shoulders,18.0,kgs,8,,,,""
2023-04-21,Wyciskanie na barki hantlami siedząc,Shoulders,22.0,kgs,8,,,,""
2023-04-21,Wyciskanie na barki hantlami siedząc,Shoulders,24.0,kgs,6,,,,""
2023-04-21,Wyciskanie na barki hantlami siedząc,Shoulders,24.0,kgs,5,,,,""
2023-04-21,Dipy,Chest,0.0,kgs,8,,,,""
2023-04-21,Dipy,Chest,0.0,kgs,8,,,,""
2023-04-21,Dipy,Chest,0.0,kgs,8,,,,""
2023-04-21,Dipy,Chest,0.0,kgs,8,,,,""
2023-04-21,Dipy,Chest,0.0,kgs,8,,,,""
2023-04-21,Rope pulldown,Triceps,18.0,kgs,8,,,,""
2023-04-21,Rope pulldown,Triceps,18.0,kgs,8,,,,""
2023-04-21,Rope pulldown,Triceps,18.0,kgs,8,,,,""
2023-04-21,Fly Pec,Chest,45.0,kgs,8,,,,""
2023-04-21,Fly Pec,Chest,52.0,kgs,10,,,,""
2023-04-21,Fly Pec,Chest,66.0,kgs,10,,,,""
2023-04-21,Fly Pec,Chest,73.0,kgs,8,,,,""
2023-04-21,Wznosy nóg na podporkach,Abs,,,12,,,,""
2023-04-21,Wznosy nóg na podporkach,Abs,,,12,,,,""
2023-04-21,Wznosy nóg na podporkach,Abs,,,12,,,,""
2023-04-25,PullUp - Weighted,Back,5.0,kgs,5,,,,""
2023-04-25,PullUp - Weighted,Back,5.0,kgs,6,,,,""
2023-04-25,PullUp - Weighted,Back,5.0,kgs,6,,,,""
2023-04-25,PullUp - Weighted,Back,5.0,kgs,6,,,,""
2023-04-25,PullUp,Back,,,9,,,,""
2023-04-25,Przysiad ze sztangą,Back,20.0,kgs,8,,,,""
2023-04-25,Przysiad ze sztangą,Back,90.0,kgs,8,,,,""
2023-04-25,Przysiad ze sztangą,Back,100.0,kgs,8,,,,""
2023-04-25,Przysiad ze sztangą,Back,100.0,kgs,8,,,,""
2023-04-25,Przysiad ze sztangą,Back,100.0,kgs,8,,,,""
2023-04-25,Przysiad ze sztangą,Back,100.0,kgs,8,,,,""
2023-04-25,Poziome wiosłownie siedząc,Back,52.0,kgs,10,,,,""
2023-04-25,Poziome wiosłownie siedząc,Back,52.0,kgs,10,,,,""
2023-04-25,Poziome wiosłownie siedząc,Back,52.0,kgs,10,,,,""
2023-04-25,Poziome wiosłownie siedząc,Back,52.0,kgs,10,,,,""
2023-04-25,Poziome wiosłownie siedząc,Back,52.0,kgs,10,,,,""
2023-04-25,Diverging seated row,Back,41.0,kgs,8,,,,""
2023-04-25,Diverging seated row,Back,45.0,kgs,8,,,,""
2023-04-25,Diverging seated row,Back,45.0,kgs,8,,,,""
2023-04-25,Diverging seated row,Back,45.0,kgs,8,,,,""
2023-04-25,Biceps na bramie wysoko,Biceps,23.0,kgs,8,,,,""
2023-04-25,Biceps na bramie wysoko,Biceps,23.0,kgs,8,,,,""
2023-04-25,Biceps na bramie wysoko,Biceps,18.0,kgs,8,,,,""
2023-04-25,Biceps na bramie wysoko,Biceps,23.0,kgs,8,,,,""
2023-04-27,RDL,Back,52.0,kgs,8,,,,""
2023-04-27,RDL,Back,52.0,kgs,8,,,,""
2023-04-27,RDL,Back,52.0,kgs,8,,,,""
2023-04-27,RDL,Back,52.0,kgs,8,,,,""
2023-04-27,RDL,Back,52.0,kgs,8,,,,""
2023-04-27,łydki konik,Legs,50.0,kgs,12,,,,""
2023-04-27,Leg press,Legs,150.0,kgs,12,,,,""
2023-04-27,Leg press,Legs,150.0,kgs,10,,,,""
2023-04-27,Leg press,Legs,150.0,kgs,10,,,,""
2023-04-27,Calf raises na maszynie,Legs,150.0,kgs,12,,,,""
2023-04-27,Calf raises na maszynie,Legs,150.0,kgs,12,,,,""
2023-04-27,Wyciskanie sztanga dodatnia,Chest,20.0,kgs,8,,,,""
2023-04-27,Wyciskanie sztanga dodatnia,Chest,50.0,kgs,8,,,,""
2023-04-27,Wyciskanie sztanga dodatnia,Chest,55.0,kgs,8,,,,""
2023-04-27,Wyciskanie sztanga dodatnia,Chest,60.0,kgs,8,,,,""
2023-04-27,Wyciskanie sztanga dodatnia,Chest,65.0,kgs,8,,,,""
2023-04-27,Lat Pull,Back,52.0,kgs,8,,,,""
2023-04-27,Lat Pull,Back,52.0,kgs,8,,,,""
2023-04-27,Lat Pull,Back,52.0,kgs,8,,,,""
2023-04-27,Rear delt,Shoulders,52.0,kgs,10,,,,""
2023-04-27,Rear delt,Shoulders,52.0,kgs,10,,,,""
2023-04-27,Rear delt,Shoulders,52.0,kgs,10,,,,""
2023-04-27,Biceps na bramie wysoko,Biceps,25.0,kgs,8,,,,""
2023-04-27,Biceps na bramie wysoko,Biceps,25.0,kgs,8,,,,""
2023-04-27,Biceps na bramie wysoko,Biceps,25.0,kgs,8,,,,""
2023-04-27,Rope pulldown,Triceps,23.0,kgs,8,,,,""
2023-04-27,Rope pulldown,Triceps,23.0,kgs,8,,,,""
2023-04-27,Rope pulldown,Triceps,23.0,kgs,8,,,,""
2023-04-27,Rope pulldown,Triceps,23.0,kgs,8,,,,""
2023-04-27,Plank,Abs,,,,,,0:01:00,""
2023-04-27,Plank,Abs,,,,,,0:01:00,""
2023-04-27,Wznosy na drązku,Abs,,,7,,,,""
2023-04-27,Wznosy na drązku,Abs,,,7,,,,""
2023-04-29,Wyciskanie na płaskiej,Chest,20.0,kgs,10,,,,""
2023-04-29,Wyciskanie na płaskiej,Chest,50.0,kgs,8,,,,""
2023-04-29,Wyciskanie na płaskiej,Chest,80.0,kgs,7,,,,""
2023-04-29,Wyciskanie na płaskiej,Chest,80.0,kgs,5,,,,""
2023-04-29,Wyciskanie na płaskiej,Chest,75.0,kgs,5,,,,""
2023-04-29,Wyciskanie na płaskiej,Chest,75.0,kgs,5,,,,""
2023-04-29,Dipy,Chest,0.0,kgs,6,,,,""
2023-04-29,Dipy,Chest,0.0,kgs,8,,,,""
2023-04-29,Dipy,Chest,0.0,kgs,8,,,,""
2023-04-29,Dipy,Chest,0.0,kgs,8,,,,""
2023-04-29,Dipy,Chest,0.0,kgs,8,,,,""
2023-04-29,OHP,Shoulders,15.0,kgs,5,,,,""
2023-04-29,OHP,Shoulders,35.0,kgs,6,,,,""
2023-04-29,OHP,Shoulders,35.0,kgs,5,,,,""
2023-04-29,OHP,Shoulders,35.0,kgs,7,,,,""
2023-04-29,OHP,Shoulders,35.0,kgs,4,,,,""
2023-04-29,Fly Pec,Chest,52.0,kgs,8,,,,""
2023-04-29,Fly Pec,Chest,73.0,kgs,8,,,,""
2023-04-29,Fly Pec,Chest,73.0,kgs,8,,,,""
2023-04-29,Wznosy hantli bokiem,Shoulders,8.0,kgs,8,,,,""
2023-04-29,Wznosy hantli bokiem,Shoulders,8.0,kgs,8,,,,""
2023-04-29,Wznosy hantli bokiem,Shoulders,8.0,kgs,8,,,,""
2023-04-29,Rope pulldown,Triceps,23.0,kgs,8,,,,""
2023-04-29,Rope pulldown,Triceps,23.0,kgs,8,,,,""
2023-04-29,Rope pulldown,Triceps,23.0,kgs,8,,,,""
2023-04-29,Plank,Abs,,,,,,0:01:00,""
2023-04-29,Plank,Abs,,,,,,0:01:00,""
2023-04-29,Plank,Abs,,,,,,0:01:00,""
2023-04-29,Wznosy na drązku,Abs,,,8,,,,""
2023-04-29,Wznosy na drązku,Abs,,,8,,,,""
2023-04-29,Wznosy na drązku,Abs,,,8,,,,""
2023-05-01,PullUp - Weighted,Back,8.0,kgs,8,,,,""
2023-05-01,PullUp - Weighted,Back,8.0,kgs,6,,,,""
2023-05-01,PullUp - Weighted,Back,8.0,kgs,4,,,,""
2023-05-01,PullUp - Weighted,Back,8.0,kgs,6,,,,""
2023-05-01,PullUp - Weighted,Back,8.0,kgs,4,,,,""
2023-05-01,Leg extension,Legs,52.0,kgs,8,,,,""
2023-05-01,Leg extension,Legs,79.0,kgs,8,,,,""
2023-05-01,Leg extension,Legs,79.0,kgs,8,,,,""
2023-05-01,Leg extension,Legs,79.0,kgs,8,,,,""
2023-05-01,Leg extension,Legs,79.0,kgs,8,,,,""
2023-05-01,Poziome wiosłownie siedząc,Back,52.0,kgs,10,,,,""
2023-05-01,Poziome wiosłownie siedząc,Back,52.0,kgs,10,,,,""
2023-05-01,Poziome wiosłownie siedząc,Back,52.0,kgs,8,,,,""
2023-05-01,Poziome wiosłownie siedząc,Back,52.0,kgs,8,,,,""
2023-05-01,Poziome wiosłownie siedząc,Back,52.0,kgs,8,,,,""
2023-05-01,Hammer curl,Biceps,12.0,kgs,12,,,,""
2023-05-01,Hammer curl,Biceps,12.0,kgs,10,,,,""
2023-05-01,Hammer curl,Biceps,12.0,kgs,8,,,,""
2023-05-01,Diverging seated row,Back,23.0,kgs,8,,,,""
2023-05-01,Diverging seated row,Back,45.0,kgs,8,,,,""
2023-05-01,Diverging seated row,Back,45.0,kgs,8,,,,""
2023-05-01,Diverging seated row,Back,45.0,kgs,8,,,,""
2023-05-01,Modlitewnik sztanga,Biceps,20.0,kgs,8,,,,""
2023-05-01,Modlitewnik sztanga,Biceps,20.0,kgs,8,,,,""
2023-05-01,Modlitewnik sztanga,Biceps,20.0,kgs,5,,,,""
2023-05-01,Wznosy hantli bokiem,Shoulders,8.0,kgs,8,,,,""
2023-05-01,Wznosy hantli bokiem,Shoulders,8.0,kgs,10,,,,""
2023-05-03,RDL,Back,52.0,kgs,10,,,,""
2023-05-03,RDL,Back,52.0,kgs,10,,,,""
2023-05-03,RDL,Back,52.0,kgs,8,,,,""
2023-05-03,RDL,Back,52.0,kgs,10,,,,""
2023-05-03,RDL,Back,52.0,kgs,10,,,,""
2023-05-03,Wyciskanie sztanga dodatnia,Chest,20.0,kgs,8,,,,""
2023-05-03,Wyciskanie sztanga dodatnia,Chest,50.0,kgs,8,,,,""
2023-05-03,Wyciskanie sztanga dodatnia,Chest,60.0,kgs,8,,,,""
2023-05-03,Wyciskanie sztanga dodatnia,Chest,65.0,kgs,8,,,,""
2023-05-03,Wyciskanie sztanga dodatnia,Chest,67.5,kgs,4,,,,""
2023-05-03,Wyciskanie sztanga dodatnia,Chest,65.0,kgs,5,,,,""
2023-05-03,łydki konik,Legs,55.0,kgs,12,,,,""
2023-05-03,łydki konik,Legs,65.0,kgs,12,,,,""
2023-05-03,łydki konik,Legs,65.0,kgs,12,,,,""
2023-05-03,łydki konik,Legs,65.0,kgs,12,,,,""
2023-05-03,Leg press (one leg),Legs,50.0,kgs,8,,,,""
2023-05-03,Leg press (one leg),Legs,50.0,kgs,8,,,,""
2023-05-03,Leg press (one leg),Legs,50.0,kgs,8,,,,""
2023-05-03,Leg press (one leg),Legs,50.0,kgs,8,,,,""
2023-05-03,Facepull,Shoulders,27.0,kgs,8,,,,""
2023-05-03,Facepull,Shoulders,27.0,kgs,8,,,,""
2023-05-03,Facepull,Shoulders,27.0,kgs,8,,,,""
2023-05-03,Rope pulldown,Triceps,23.0,kgs,8,,,,""
2023-05-03,Rope pulldown,Triceps,23.0,kgs,8,,,,""
2023-05-03,Rope pulldown,Triceps,23.0,kgs,7,,,,""
2023-05-03,Rope pulldown,Triceps,18.0,kgs,8,,,,""
2023-05-03,Long head ławka,Biceps,14.0,kgs,8,,,,""
2023-05-03,Long head ławka,Biceps,14.0,kgs,8,,,,""
2023-05-03,Long head ławka,Biceps,14.0,kgs,7,,,,""
2023-05-05,Wyciskanie na płaskiej,Chest,20.0,kgs,10,,,,""
2023-05-05,Wyciskanie na płaskiej,Chest,50.0,kgs,8,,,,""
2023-05-05,Wyciskanie na płaskiej,Chest,82.5,kgs,4,,,,""
2023-05-05,Wyciskanie na płaskiej,Chest,72.5,kgs,8,,,,""
2023-05-05,Wyciskanie na płaskiej,Chest,80.0,kgs,5,,,,""
2023-05-05,Wyciskanie na płaskiej,Chest,80.0,kgs,3,,,,""
2023-05-05,Wyciskanie na barki hantlami siedząc,Shoulders,20.0,kgs,8,,,,""
2023-05-05,Wyciskanie na barki hantlami siedząc,Shoulders,20.0,kgs,8,,,,""
2023-05-05,Wyciskanie na barki hantlami siedząc,Shoulders,20.0,kgs,8,,,,""
2023-05-05,Wyciskanie na barki hantlami siedząc,Shoulders,20.0,kgs,8,,,,""
2023-05-05,Wyciskanie na barki hantlami siedząc,Shoulders,20.0,kgs,8,,,,""
2023-05-05,Dipy,Chest,0.0,kgs,8,,,,""
2023-05-05,Dipy,Chest,0.0,kgs,8,,,,""
2023-05-05,Dipy,Chest,0.0,kgs,8,,,,""
2023-05-05,Dipy,Chest,0.0,kgs,8,,,,""
2023-05-05,Dipy,Chest,0.0,kgs,8,,,,""
2023-05-05,Fly Pec,Chest,52.0,kgs,8,,,,""
2023-05-05,Fly Pec,Chest,73.0,kgs,8,,,,""
2023-05-05,Fly Pec,Chest,73.0,kgs,8,,,,""
2023-05-05,Rope pulldown,Triceps,25.3,kgs,8,,,,""
2023-05-05,Wznosy hantli bokiem,Shoulders,7.0,kgs,12,,,,""
2023-05-05,Wznosy hantli bokiem,Shoulders,7.0,kgs,12,,,,""
2023-05-05,Wznosy hantli bokiem,Shoulders,7.0,kgs,12,,,,""
2023-05-05,Rope pulldown,Triceps,23.0,kgs,8,,,,""
2023-05-05,Rope pulldown,Triceps,23.0,kgs,8,,,,""
2023-05-05,Rope pulldown,Triceps,23.0,kgs,8,,,,""
2023-05-07,PullUp - Weighted,Back,10.0,kgs,4,,,,""
2023-05-07,PullUp - Weighted,Back,10.0,kgs,4,,,,""
2023-05-07,PullUp - Weighted,Back,10.0,kgs,4,,,,""
2023-05-07,PullUp - Weighted,Back,10.0,kgs,4,,,,""
2023-05-07,PullUp,Back,,,7,,,,""
2023-05-07,Przysiad ze sztangą,Back,20.0,kgs,8,,,,""
2023-05-07,Przysiad ze sztangą,Back,70.0,kgs,8,,,,""
2023-05-07,Przysiad ze sztangą,Back,80.0,kgs,8,,,,""
2023-05-07,Przysiad ze sztangą,Back,80.0,kgs,8,,,,""
2023-05-07,Przysiad ze sztangą,Back,80.0,kgs,8,,,,""
2023-05-07,Przysiad ze sztangą,Back,80.0,kgs,8,,,,""
2023-05-07,Poziome wiosłownie siedząc,Back,45.0,kgs,8,,,,""
2023-05-07,Poziome wiosłownie siedząc,Back,52.0,kgs,8,,,,""
2023-05-07,Poziome wiosłownie siedząc,Back,52.0,kgs,8,,,,""
2023-05-07,Poziome wiosłownie siedząc,Back,52.0,kgs,8,,,,""
2023-05-07,Poziome wiosłownie siedząc,Back,52.0,kgs,8,,,,""
2023-05-07,Diverging seated row,Back,45.0,kgs,8,,,,""
2023-05-07,Diverging seated row,Back,45.0,kgs,8,,,,""
2023-05-07,Diverging seated row,Back,45.0,kgs,8,,,,""
2023-05-07,Modlitewnik sztanga,Biceps,20.0,kgs,8,,,,""
2023-05-07,Modlitewnik sztanga,Biceps,20.0,kgs,8,,,,""
2023-05-07,Modlitewnik sztanga,Biceps,20.0,kgs,6,,,,""
2023-05-07,Modlitewnik sztanga,Biceps,20.0,kgs,7,,,,""
2023-05-07,Hammer curl,Biceps,10.0,kgs,10,,,,""
2023-05-07,Hammer curl,Biceps,10.0,kgs,10,,,,""
2023-05-07,Hammer curl,Biceps,10.0,kgs,10,,,,""
2023-05-07,Hammer curl,Biceps,10.0,kgs,10,,,,""
2023-05-09,RDL,Back,54.0,kgs,8,,,,""
2023-05-09,RDL,Back,54.0,kgs,8,,,,""
2023-05-09,RDL,Back,54.0,kgs,8,,,,""
2023-05-09,RDL,Back,54.0,kgs,8,,,,""
2023-05-09,RDL,Back,54.0,kgs,8,,,,""
2023-05-09,Hantle na ławce skośnej,Biceps,12.0,kgs,8,,,,""
2023-05-09,Hantle na ławce skośnej,Biceps,28.0,kgs,8,,,,""
2023-05-09,Hantle na ławce skośnej,Biceps,28.0,kgs,8,,,,""
2023-05-09,Hantle na ławce skośnej,Biceps,28.0,kgs,8,,,,""
2023-05-09,Hantle na ławce skośnej,Biceps,28.0,kgs,8,,,,""
2023-05-09,Hantle na ławce skośnej,Biceps,28.0,kgs,8,,,,""
2023-05-09,Leg press (one leg),Legs,60.0,kgs,5,,,,""
2023-05-09,łydki konik,Legs,55.0,kgs,12,,,,""
2023-05-09,łydki konik,Legs,55.0,kgs,12,,,,""
2023-05-09,Leg press (one leg),Legs,40.0,kgs,8,,,,""
2023-05-09,Lat Pull,Back,59.0,kgs,5,,,,""
2023-05-09,Lat Pull,Back,52.0,kgs,8,,,,""
2023-05-09,Lat Pull,Back,52.0,kgs,8,,,,""
2023-05-09,Leg press (one leg),Legs,40.0,kgs,8,,,,""
2023-05-09,łydki konik,Legs,55.0,kgs,12,,,,""
2023-05-09,Skull crushers hantlami leżac,Triceps,10.0,kgs,8,,,,""
2023-05-09,Skull crushers hantlami leżac,Triceps,10.0,kgs,8,,,,""
2023-05-09,Skull crushers hantlami leżac,Triceps,10.0,kgs,8,,,,""
2023-05-09,Long head ławka,Biceps,12.0,kgs,8,,,,""
2023-05-09,Long head ławka,Biceps,12.0,kgs,8,,,,""
2023-05-09,Facepull,Shoulders,23.0,kgs,10,,,,""
2023-05-09,Facepull,Shoulders,27.0,kgs,8,,,,""
2023-05-09,Facepull,Shoulders,27.0,kgs,8,,,,""
2023-05-09,Kółko do jezdzenia,Abs,,,8,,,,""
2023-05-09,Kółko do jezdzenia,Abs,,,8,,,,""
2023-05-09,Rowerek,Abs,,,12,,,,""
2023-05-09,Rowerek,Abs,,,12,,,,""
2023-05-12,Hantle na ławce płaskiej,Chest,22.0,kgs,10,,,,""
2023-05-12,Hantle na ławce płaskiej,Chest,32.0,kgs,5,,,,""
2023-05-12,Hantle na ławce płaskiej,Chest,32.0,kgs,7,,,,""
2023-05-12,Hantle na ławce płaskiej,Chest,32.0,kgs,6,,,,""
2023-05-12,Hantle na ławce płaskiej,Chest,32.0,kgs,5,,,,""
2023-05-12,Hantle na ławce płaskiej,Chest,26.0,kgs,8,,,,""
2023-05-12,Converging shoulder press,Shoulders,32.0,kgs,8,,,,""
2023-05-12,Converging shoulder press,Shoulders,32.0,kgs,8,,,,""
2023-05-12,Converging shoulder press,Shoulders,32.0,kgs,6,,,,""
2023-05-12,Converging shoulder press,Shoulders,27.0,kgs,8,,,,""
2023-05-12,Converging shoulder press,Shoulders,27.0,kgs,8,,,,""
2023-05-12,Dipy,Chest,0.0,kgs,5,,,,""
2023-05-12,Dipy,Chest,0.0,kgs,8,,,,""
2023-05-12,Dipy,Chest,0.0,kgs,8,,,,""
2023-05-12,Fly Pec,Chest,45.0,kgs,10,,,,""
2023-05-12,Fly Pec,Chest,73.0,kgs,8,,,,""
2023-05-12,Fly Pec,Chest,73.0,kgs,8,,,,""
2023-05-12,Rope pulldown,Triceps,18.0,kgs,8,,,,""
2023-05-12,Rope pulldown,Triceps,18.0,kgs,8,,,,""
2023-05-12,Rope pulldown,Triceps,18.0,kgs,8,,,,""
2023-05-12,Rope pulldown,Triceps,18.0,kgs,8,,,,""
2023-05-12,Wznosy hantli bokiem,Shoulders,8.0,kgs,12,,,,""
2023-05-12,Wznosy hantli bokiem,Shoulders,8.0,kgs,12,,,,""
2023-05-12,Wznosy hantli bokiem,Shoulders,8.0,kgs,8,,,,""
2023-05-13,PullUp - Weighted,Back,10.0,kgs,6,,,,""
2023-05-13,PullUp - Weighted,Back,10.0,kgs,6,,,,""
2023-05-13,PullUp - Weighted,Back,10.0,kgs,4,,,,""
2023-05-13,PullUp - Weighted,Back,10.0,kgs,4,,,,""
2023-05-13,Przysiad ze sztangą,Back,20.0,kgs,8,,,,""
2023-05-13,Przysiad ze sztangą,Back,60.0,kgs,8,,,,""
2023-05-13,Przysiad ze sztangą,Back,80.0,kgs,8,,,,""
2023-05-13,Przysiad ze sztangą,Back,80.0,kgs,8,,,,""
2023-05-13,Przysiad ze sztangą,Back,85.0,kgs,8,,,,""
2023-05-13,Przysiad ze sztangą,Back,90.0,kgs,8,,,,""
2023-05-13,Diverging seated row,Back,52.0,kgs,8,,,,""
2023-05-13,Diverging seated row,Back,52.0,kgs,8,,,,""
2023-05-13,Diverging seated row,Back,52.0,kgs,8,,,,""
2023-05-13,Diverging seated row,Back,52.0,kgs,8,,,,""
2023-05-13,Poziome wiosłownie siedząc,Back,52.0,kgs,8,,,,""
2023-05-13,Poziome wiosłownie siedząc,Back,52.0,kgs,8,,,,""
2023-05-13,Poziome wiosłownie siedząc,Back,59.0,kgs,8,,,,""
2023-05-13,Modlitewnik sztanga,Biceps,20.0,kgs,5,,,,""
2023-05-13,Modlitewnik sztanga,Biceps,20.0,kgs,6,,,,""
2023-05-13,Modlitewnik sztanga,Biceps,20.0,kgs,8,,,,""
2023-05-13,Modlitewnik sztanga,Biceps,20.0,kgs,7,,,,""
2023-05-13,Wznosy hantli bokiem,Shoulders,7.0,kgs,8,,,,""
2023-05-13,Wznosy hantli bokiem,Shoulders,7.0,kgs,8,,,,""
2023-05-13,Wznosy hantli bokiem,Shoulders,7.0,kgs,8,,,,""
2023-05-13,Hammer curl,Biceps,12.0,kgs,10,,,,""
2023-05-13,Hammer curl,Biceps,12.0,kgs,10,,,,""
2023-05-13,Hammer curl,Biceps,12.0,kgs,10,,,,""
2023-05-13,Hammer curl,Biceps,12.0,kgs,10,,,,""
2023-05-13,Kółko do jezdzenia,Abs,,,8,,,,""
2023-05-13,Kółko do jezdzenia,Abs,,,8,,,,""
2023-05-13,Kółko do jezdzenia,Abs,,,8,,,,""
2023-05-13,Rowerek,Abs,,,16,,,,""
2023-05-13,Rowerek,Abs,,,20,,,,""
2023-05-13,Rowerek,Abs,,,14,,,,""
2023-05-16,RDL,Back,56.0,kgs,8,,,,""
2023-05-16,RDL,Back,56.0,kgs,8,,,,""
2023-05-16,RDL,Back,56.0,kgs,8,,,,""
2023-05-16,RDL,Back,56.0,kgs,8,,,,""
2023-05-16,RDL,Back,56.0,kgs,8,,,,""
2023-05-16,Wyciskanie sztanga dodatnia,Chest,40.0,kgs,8,,,,""
2023-05-16,Wyciskanie sztanga dodatnia,Chest,70.0,kgs,6,,,,""
2023-05-16,Wyciskanie sztanga dodatnia,Chest,70.0,kgs,6,,,,""
2023-05-16,Wyciskanie sztanga dodatnia,Chest,70.0,kgs,5,,,,""
2023-05-16,Wyciskanie sztanga dodatnia,Chest,70.0,kgs,5,,,,""
2023-05-16,Wyciskanie sztanga dodatnia,Chest,55.0,kgs,9,,,,""
2023-05-16,Calf raises na maszynie,Legs,138.6,kgs,12,,,,""
2023-05-16,Calf raises na maszynie,Legs,138.6,kgs,12,,,,""
2023-05-16,Calf raises na maszynie,Legs,138.6,kgs,12,,,,""
2023-05-16,Leg press (one leg),Legs,50.0,kgs,8,,,,""
2023-05-16,Leg press (one leg),Legs,50.0,kgs,8,,,,""
2023-05-16,Leg press (one leg),Legs,50.0,kgs,8,,,,""
2023-05-16,Lat Pull,Back,52.0,kgs,8,,,,""
2023-05-16,Lat Pull,Back,52.0,kgs,8,,,,""
2023-05-16,Lat Pull,Back,52.0,kgs,8,,,,""
2023-05-16,Facepull,Shoulders,27.0,kgs,8,,,,""
2023-05-16,Facepull,Shoulders,27.0,kgs,8,,,,""
2023-05-16,Facepull,Shoulders,27.0,kgs,8,,,,""
2023-05-16,Rope pulldown,Triceps,23.0,kgs,8,,,,""
2023-05-18,Wyciskanie na płaskiej,Chest,20.0,kgs,8,,,,""
2023-05-18,Wyciskanie na płaskiej,Chest,40.0,kgs,8,,,,""
2023-05-18,Wyciskanie na płaskiej,Chest,70.0,kgs,8,,,,""
2023-05-18,Wyciskanie na płaskiej,Chest,70.0,kgs,8,,,,""
2023-05-18,Wyciskanie na płaskiej,Chest,70.0,kgs,8,,,,""
2023-05-18,Wyciskanie na płaskiej,Chest,70.0,kgs,6,,,,""
2023-05-18,Wyciskanie na barki hantlami siedząc,Shoulders,18.0,kgs,8,,,,""
2023-05-18,Wyciskanie na barki hantlami siedząc,Shoulders,20.0,kgs,8,,,,""
2023-05-18,Wyciskanie na barki hantlami siedząc,Shoulders,20.0,kgs,8,,,,""
2023-05-18,Wyciskanie na barki hantlami siedząc,Shoulders,20.0,kgs,8,,,,""
2023-05-18,Dipy,Chest,0.0,kgs,8,,,,""
2023-05-18,Dipy,Chest,0.0,kgs,8,,,,""
2023-05-18,Dipy,Chest,0.0,kgs,8,,,,""
2023-05-18,Dipy,Chest,0.0,kgs,8,,,,""
2023-05-18,Rope pulldown,Triceps,18.0,kgs,8,,,,""
2023-05-18,Rope pulldown,Triceps,18.0,kgs,8,,,,""
2023-05-18,Rope pulldown,Triceps,18.0,kgs,8,,,,""
2023-05-18,Fly Pec,Chest,45.0,kgs,8,,,,""
2023-05-18,Fly Pec,Chest,79.0,kgs,8,,,,""
2023-05-18,Fly Pec,Chest,79.0,kgs,8,,,,""
2023-05-18,Fly Pec,Chest,79.0,kgs,8,,,,""
2023-05-18,Rowerek,Abs,,,10,,,,""
2023-05-18,Kółko do jezdzenia,Abs,,,8,,,,""
2023-05-20,PullUp - Weighted,Back,10.0,kgs,6,,,,""
2023-05-20,PullUp - Weighted,Back,10.0,kgs,6,,,,""
2023-05-20,PullUp - Weighted,Back,10.0,kgs,4,,,,""
2023-05-20,Leg extension,Legs,73.0,kgs,8,,,,""
2023-05-20,Leg extension,Legs,73.0,kgs,8,,,,""
2023-05-20,Leg extension,Legs,73.0,kgs,8,,,,""
2023-05-20,Leg extension,Legs,73.0,kgs,8,,,,""
2023-05-20,Leg extension,Legs,73.0,kgs,8,,,,""
2023-05-20,Poziome wiosłownie siedząc,Back,45.0,kgs,8,,,,""
2023-05-20,Poziome wiosłownie siedząc,Back,45.0,kgs,8,,,,""
2023-05-20,Poziome wiosłownie siedząc,Back,45.0,kgs,8,,,,""
2023-05-20,Poziome wiosłownie siedząc,Back,45.0,kgs,8,,,,""
2023-05-20,Hammer curl,Biceps,12.0,kgs,8,,,,""
2023-05-20,Hammer curl,Biceps,12.0,kgs,10,,,,""
2023-05-20,Hammer curl,Biceps,12.0,kgs,10,,,,""
2023-05-20,Hammer curl,Biceps,12.0,kgs,10,,,,""
2023-05-20,Modlitewnik sztanga,Biceps,20.0,kgs,6,,,,""
2023-05-20,Modlitewnik sztanga,Biceps,20.0,kgs,6,,,,""
2023-05-20,Modlitewnik sztanga,Biceps,20.0,kgs,5,,,,""
2023-05-20,Wznosy hantli bokiem,Shoulders,8.0,kgs,8,,,,""
2023-05-20,Wznosy hantli bokiem,Shoulders,8.0,kgs,8,,,,""
2023-05-20,Wznosy hantli bokiem,Shoulders,8.0,kgs,8,,,,""
2023-05-22,RDL,Back,56.0,kgs,8,,,,""
2023-05-22,RDL,Back,56.0,kgs,8,,,,""
2023-05-22,RDL,Back,56.0,kgs,8,,,,""
2023-05-22,RDL,Back,56.0,kgs,8,,,,""
2023-05-22,Wyciskanie sztanga dodatnia,Chest,20.0,kgs,8,,,,""
2023-05-22,Wyciskanie sztanga dodatnia,Chest,70.0,kgs,8,,,,""
2023-05-22,Wyciskanie sztanga dodatnia,Chest,70.0,kgs,8,,,,""
2023-05-22,Wyciskanie sztanga dodatnia,Chest,70.0,kgs,7,,,,""
2023-05-22,Wyciskanie sztanga dodatnia,Chest,70.0,kgs,6,,,,""
2023-05-22,Wyciskanie sztanga dodatnia,Chest,70.0,kgs,6,,,,""
2023-05-22,Hack Squad,Legs,20.0,kgs,8,,,,""
2023-05-22,Hack Squad,Legs,40.0,kgs,8,,,,""
2023-05-22,Hack Squad,Legs,45.0,kgs,8,,,,""
2023-05-24,Wyciskanie na płaskiej,Chest,20.0,kgs,8,,,,""
2023-05-24,Wyciskanie na płaskiej,Chest,50.0,kgs,8,,,,""
2023-05-24,Wyciskanie na płaskiej,Chest,85.0,kgs,3,,,,""
2023-05-24,Wyciskanie na płaskiej,Chest,82.5,kgs,4,,,,""
2023-05-24,Wyciskanie na płaskiej,Chest,80.0,kgs,5,,,,""
2023-05-24,Wyciskanie na płaskiej,Chest,80.0,kgs,5,,,,""
2023-05-24,Wyciskanie na barki hantlami siedząc,Shoulders,24.0,kgs,5,,,,""
2023-05-24,Wyciskanie na barki hantlami siedząc,Shoulders,24.0,kgs,5,,,,""
2023-05-24,Wyciskanie na barki hantlami siedząc,Shoulders,24.0,kgs,6,,,,""
2023-05-24,Wyciskanie na barki hantlami siedząc,Shoulders,24.0,kgs,5,,,,""
2023-05-24,Wyciskanie na barki hantlami siedząc,Shoulders,20.0,kgs,5,,,,""
2023-05-24,Dips - Weighted,Chest,5.0,kgs,5,,,,""
2023-05-24,Dips - Weighted,Chest,5.0,kgs,5,,,,""
2023-05-24,Dipy,Chest,0.0,kgs,6,,,,""
2023-05-24,Dipy,Chest,0.0,kgs,7,,,,""
2023-05-24,Dipy,Chest,0.0,kgs,6,,,,""
2023-05-24,Fly Pec,Chest,73.0,kgs,8,,,,""
2023-05-24,Fly Pec,Chest,73.0,kgs,8,,,,""
2023-05-24,Fly Pec,Chest,73.0,kgs,8,,,,""
2023-05-24,Skull crushers hantlami leżac,Triceps,10.0,kgs,8,,,,""
2023-05-24,Skull crushers hantlami leżac,Triceps,10.0,kgs,8,,,,""
2023-05-24,Skull crushers hantlami leżac,Triceps,10.0,kgs,8,,,,""
2023-05-24,Skull crushers hantlami leżac,Triceps,10.0,kgs,8,,,,""
2023-05-24,Wznosy hantli bokiem,Shoulders,8.0,kgs,10,,,,""
2023-05-24,Wznosy hantli bokiem,Shoulders,8.0,kgs,10,,,,""
2023-05-24,Wznosy hantli bokiem,Shoulders,8.0,kgs,10,,,,""
2023-05-27,PullUp - Weighted,Back,10.0,kgs,7,,,,""
2023-05-27,PullUp - Weighted,Back,10.0,kgs,6,,,,""
2023-05-27,PullUp - Weighted,Back,10.0,kgs,5,,,,""
2023-05-27,PullUp - Weighted,Back,10.0,kgs,6,,,,""
2023-05-27,Przysiad ze sztangą,Back,20.0,kgs,8,,,,""
2023-05-27,Przysiad ze sztangą,Back,55.0,kgs,8,,,,""
2023-05-27,Przysiad ze sztangą,Back,75.0,kgs,8,,,,""
2023-05-27,Przysiad ze sztangą,Back,75.0,kgs,8,,,,""
2023-05-27,Przysiad ze sztangą,Back,75.0,kgs,8,,,,""
2023-05-27,Przysiad ze sztangą,Back,75.0,kgs,8,,,,""
2023-05-27,Poziome wiosłownie siedząc,Back,52.0,kgs,12,,,,""
2023-05-27,Poziome wiosłownie siedząc,Back,52.0,kgs,10,,,,""
2023-05-27,Poziome wiosłownie siedząc,Back,52.0,kgs,8,,,,""
2023-05-27,Poziome wiosłownie siedząc,Back,52.0,kgs,8,,,,""
2023-05-27,Diverging seated row,Back,52.0,kgs,6,,,,""
2023-05-27,Diverging seated row,Back,45.0,kgs,10,,,,""
2023-05-27,Diverging seated row,Back,45.0,kgs,8,,,,""
2023-05-27,Diverging seated row,Back,45.0,kgs,8,,,,""
2023-05-27,Long head ławka,Biceps,14.0,kgs,8,,,,""
2023-05-27,Long head ławka,Biceps,12.0,kgs,8,,,,""
2023-05-27,Long head ławka,Biceps,12.0,kgs,8,,,,""
2023-05-27,Hammer curl,Biceps,12.0,kgs,8,,,,""
2023-05-27,Hammer curl,Biceps,12.0,kgs,6,,,,""
2023-05-27,Hammer curl,Biceps,12.0,kgs,8,,,,""
2023-05-27,Wznosy hantli bokiem,Shoulders,9.0,kgs,8,,,,""
2023-05-27,Wznosy hantli bokiem,Shoulders,9.0,kgs,8,,,,""
2023-05-27,Wznosy hantli bokiem,Shoulders,9.0,kgs,8,,,,""
2023-05-27,Wznosy na drązku,Abs,,,8,,,,""
2023-05-27,Wznosy na drązku,Abs,,,8,,,,""
2023-05-27,Wznosy na drązku,Abs,,,8,,,,""
2023-05-27,Kółko do jezdzenia,Abs,,,8,,,,""
2023-05-27,Kółko do jezdzenia,Abs,,,8,,,,""
2023-05-29,RDL,Back,56.0,kgs,8,,,,""
2023-05-29,RDL,Back,56.0,kgs,8,,,,""
2023-05-29,RDL,Back,56.0,kgs,8,,,,""
2023-05-29,RDL,Back,56.0,kgs,8,,,,""
2023-05-29,RDL,Back,56.0,kgs,8,,,,""
2023-05-29,Hantle na ławce skośnej,Biceps,20.0,kgs,8,,,,""
2023-05-29,Hantle na ławce skośnej,Biceps,26.0,kgs,8,,,,""
2023-05-29,Hantle na ławce skośnej,Biceps,26.0,kgs,8,,,,""
2023-05-29,Hantle na ławce skośnej,Biceps,26.0,kgs,8,,,,""
2023-05-29,Hantle na ławce skośnej,Biceps,26.0,kgs,8,,,,""
2023-05-29,Leg press (one leg),Legs,40.0,kgs,8,,,,""
2023-05-29,łydki konik,Legs,50.0,kgs,8,,,,""
2023-05-29,łydki konik,Legs,50.0,kgs,12,,,,""
2023-05-29,łydki konik,Legs,50.0,kgs,8,,,,""
2023-05-29,Leg press (one leg),Legs,40.0,kgs,8,,,,""
2023-05-29,Leg press (one leg),Legs,40.0,kgs,8,,,,""
2023-05-29,Lat Pull,Back,52.0,kgs,8,,,,""
2023-05-29,Lat Pull,Back,52.0,kgs,8,,,,""
2023-05-29,Lat Pull,Back,52.0,kgs,8,,,,""
2023-05-31,Hantle na ławce płaskiej,Chest,18.0,kgs,12,,,,""
2023-05-31,Hantle na ławce płaskiej,Chest,30.0,kgs,8,,,,""
2023-05-31,Hantle na ławce płaskiej,Chest,30.0,kgs,8,,,,""
2023-05-31,Hantle na ławce płaskiej,Chest,30.0,kgs,8,,,,""
2023-05-31,Hantle na ławce płaskiej,Chest,30.0,kgs,8,,,,""
2023-05-31,Hantle na ławce płaskiej,Chest,30.0,kgs,6,,,,""
2023-05-31,OHP,Shoulders,20.0,kgs,8,,,,""
2023-05-31,OHP,Shoulders,35.0,kgs,5,,,,""
2023-05-31,OHP,Shoulders,35.0,kgs,5,,,,""
2023-05-31,OHP,Shoulders,35.0,kgs,5,,,,""
2023-05-31,OHP,Shoulders,35.0,kgs,5,,,,""
2023-05-31,Dół klaty na bramie,Chest,14.0,kgs,8,,,,""
2023-05-31,Dół klaty na bramie,Chest,14.0,kgs,8,,,,""
2023-05-31,Dół klaty na bramie,Chest,14.0,kgs,8,,,,""
2023-05-31,Dół klaty na bramie,Chest,14.0,kgs,8,,,,""
2023-05-31,Dół klaty na bramie,Chest,14.0,kgs,8,,,,""
2023-05-31,Dipy,Chest,0.0,kgs,8,,,,""
2023-05-31,Dipy,Chest,0.0,kgs,8,,,,""
2023-05-31,Dipy,Chest,0.0,kgs,8,,,,""
2023-05-31,Rope pulldown,Triceps,14.0,kgs,8,,,,""
2023-05-31,Rope pulldown,Triceps,14.0,kgs,8,,,,""
2023-05-31,Rope pulldown,Triceps,14.0,kgs,8,,,,""
2023-05-31,Wznosy hantli bokiem,Shoulders,9.0,kgs,8,,,,""
2023-05-31,Wznosy hantli bokiem,Shoulders,9.0,kgs,9,,,,""
2023-06-03,PullUp - Weighted,Back,10.0,kgs,6,,,,""
2023-06-03,PullUp - Weighted,Back,10.0,kgs,5,,,,""
2023-06-03,PullUp - Weighted,Back,10.0,kgs,5,,,,""
2023-06-03,PullUp - Weighted,Back,10.0,kgs,6,,,,""
2023-06-03,PullUp - Weighted,Back,10.0,kgs,3,,,,""
2023-06-03,Przysiad ze sztangą,Back,45.0,kgs,8,,,,""
2023-06-03,Przysiad ze sztangą,Back,75.0,kgs,8,,,,""
2023-06-03,Przysiad ze sztangą,Back,75.0,kgs,8,,,,""
2023-06-03,Przysiad ze sztangą,Back,75.0,kgs,8,,,,""
2023-06-03,Przysiad ze sztangą,Back,75.0,kgs,8,,,,""
2023-06-03,Diverging seated row,Back,45.0,kgs,8,,,,""
2023-06-03,Diverging seated row,Back,45.0,kgs,8,,,,""
2023-06-03,Diverging seated row,Back,45.0,kgs,8,,,,""
2023-06-03,Poziome wiosłownie siedząc,Back,52.0,kgs,8,,,,""
2023-06-03,Poziome wiosłownie siedząc,Back,52.0,kgs,8,,,,""
2023-06-03,Poziome wiosłownie siedząc,Back,52.0,kgs,8,,,,""
2023-06-03,Modlitewnik sztanga,Biceps,20.0,kgs,8,,,,""
2023-06-03,Modlitewnik sztanga,Biceps,20.0,kgs,6,,,,""
2023-06-03,Modlitewnik sztanga,Biceps,20.0,kgs,6,,,,""
2023-06-03,Modlitewnik sztanga,Biceps,20.0,kgs,7,,,,""
2023-06-03,Wznosy hantli bokiem,Shoulders,8.0,kgs,10,,,,""
2023-06-03,Wznosy hantli bokiem,Shoulders,8.0,kgs,10,,,,""
2023-06-03,Wznosy hantli bokiem,Shoulders,8.0,kgs,10,,,,""
2023-06-03,Hammer curl,Biceps,12.0,kgs,8,,,,""
2023-06-03,Hammer curl,Biceps,12.0,kgs,8,,,,""
2023-06-03,Hammer curl,Biceps,12.0,kgs,8,,,,""
2023-06-05,RDL,Back,56.0,kgs,8,,,,""
2023-06-05,RDL,Back,56.0,kgs,8,,,,""
2023-06-05,RDL,Back,56.0,kgs,8,,,,""
2023-06-05,RDL,Back,56.0,kgs,8,,,,""
2023-06-05,RDL,Back,56.0,kgs,8,,,,""
2023-06-05,Wyciskanie sztanga dodatnia,Chest,20.0,kgs,8,,,,""
2023-06-05,Wyciskanie sztanga dodatnia,Chest,50.0,kgs,8,,,,""
2023-06-05,Wyciskanie sztanga dodatnia,Chest,70.0,kgs,6,,,,""
2023-06-05,Wyciskanie sztanga dodatnia,Chest,72.5,kgs,6,,,,""
2023-06-05,Wyciskanie sztanga dodatnia,Chest,72.5,kgs,4,,,,""
2023-06-05,Wyciskanie sztanga dodatnia,Chest,70.0,kgs,6,,,,""
2023-06-05,łydki konik,Legs,55.0,kgs,10,,,,""
2023-06-05,łydki konik,Legs,55.0,kgs,10,,,,""
2023-06-05,łydki konik,Legs,55.0,kgs,10,,,,""
2023-06-05,Hack Squad,Legs,40.0,kgs,8,,,,""
2023-06-05,Hack Squad,Legs,40.0,kgs,8,,,,""
2023-06-05,Hack Squad,Legs,45.0,kgs,6,,,,""
2023-06-05,Long head ławka,Biceps,14.0,kgs,8,,,,""
2023-06-05,Long head ławka,Biceps,14.0,kgs,8,,,,""
2023-06-05,Long head ławka,Biceps,14.0,kgs,8,,,,""
2023-06-07,Wyciskanie na płaskiej,Chest,20.0,kgs,8,,,,""
2023-06-07,Wyciskanie na płaskiej,Chest,60.0,kgs,8,,,,""
2023-06-07,Wyciskanie na płaskiej,Chest,80.0,kgs,5,,,,""
2023-06-07,Wyciskanie na płaskiej,Chest,80.0,kgs,5,,,,""
2023-06-07,Wyciskanie na płaskiej,Chest,80.0,kgs,5,,,,""
2023-06-07,Wyciskanie na płaskiej,Chest,80.0,kgs,4,,,,""
2023-06-07,Wyciskanie na płaskiej,Chest,80.0,kgs,4,,,,""
2023-06-07,Wyciskanie na barki hantlami siedząc,Shoulders,14.0,kgs,8,,,,""
2023-06-07,Wyciskanie na barki hantlami siedząc,Shoulders,20.0,kgs,8,,,,""
2023-06-07,Wyciskanie na barki hantlami siedząc,Shoulders,20.0,kgs,8,,,,""
2023-06-07,Wyciskanie na barki hantlami siedząc,Shoulders,20.0,kgs,8,,,,""
2023-06-07,Wyciskanie na barki hantlami siedząc,Shoulders,20.0,kgs,8,,,,""
2023-06-07,Wyciskanie na barki hantlami siedząc,Shoulders,20.0,kgs,8,,,,""
2023-06-07,Dipy,Chest,0.0,kgs,8,,,,""
2023-06-07,Dipy,Chest,0.0,kgs,8,,,,""
2023-06-07,Dipy,Chest,0.0,kgs,8,,,,""
2023-06-07,Dipy,Chest,0.0,kgs,8,,,,""
2023-06-07,Dipy,Chest,0.0,kgs,8,,,,""
2023-06-07,Fly Pec,Chest,66.0,kgs,10,,,,""
2023-06-07,Fly Pec,Chest,73.0,kgs,10,,,,""
2023-06-07,Fly Pec,Chest,73.0,kgs,8,,,,""
2023-06-07,Fly Pec,Chest,73.0,kgs,8,,,,""
2023-06-07,Fly Pec,Chest,73.0,kgs,8,,,,""
2023-06-07,Wznosy hantli bokiem,Shoulders,8.0,kgs,8,,,,""
2023-06-07,Wznosy hantli bokiem,Shoulders,8.0,kgs,8,,,,""
2023-06-07,Wznosy hantli bokiem,Shoulders,8.0,kgs,8,,,,""
2023-06-07,Wznosy hantli bokiem,Shoulders,8.0,kgs,8,,,,""
2023-06-07,Wznosy hantli bokiem,Shoulders,8.0,kgs,8,,,,""
2023-06-07,Rope pulldown,Triceps,18.0,kgs,8,,,,""
2023-06-07,Rope pulldown,Triceps,18.0,kgs,8,,,,""
2023-06-07,Rope pulldown,Triceps,18.0,kgs,8,,,,""
2023-06-07,Rope pulldown,Triceps,18.0,kgs,8,,,,""
2023-06-09,PullUp - Weighted,Back,10.0,kgs,8,,,,""
2023-06-09,PullUp - Weighted,Back,10.0,kgs,6,,,,""
2023-06-09,PullUp - Weighted,Back,10.0,kgs,6,,,,""
2023-06-09,PullUp - Weighted,Back,10.0,kgs,4,,,,""
2023-06-09,Przysiad ze sztangą,Back,40.0,kgs,8,,,,""
2023-06-09,Przysiad ze sztangą,Back,80.0,kgs,8,,,,""
2023-06-09,Przysiad ze sztangą,Back,80.0,kgs,8,,,,""
2023-06-09,Przysiad ze sztangą,Back,90.0,kgs,8,,,,""
2023-06-09,Przysiad ze sztangą,Back,90.0,kgs,8,,,,""
2023-06-09,Przysiad ze sztangą,Back,90.0,kgs,8,,,,""
2023-06-09,Diverging seated row,Back,52.0,kgs,8,,,,""
2023-06-09,Wznosy hantli bokiem,Shoulders,9.0,kgs,8,,,,""
2023-06-09,Wznosy hantli bokiem,Shoulders,9.0,kgs,8,,,,""
2023-06-09,Diverging seated row,Back,52.0,kgs,8,,,,""
2023-06-09,Diverging seated row,Back,52.0,kgs,8,,,,""
2023-06-09,Podciąganie australijskie,Back,,,8,,,,""
2023-06-09,Podciąganie australijskie,Back,,,8,,,,""
2023-06-09,Podciąganie australijskie,Back,,,8,,,,""
2023-06-09,Podciąganie australijskie,Back,,,8,,,,""
2023-06-09,Hammer curl,Biceps,12.0,kgs,8,,,,""
2023-06-09,Hammer curl,Biceps,12.0,kgs,8,,,,""
2023-06-09,Hammer curl,Biceps,12.0,kgs,8,,,,""
2023-06-11,RDL,Back,60.0,kgs,8,,,,""
2023-06-11,RDL,Back,60.0,kgs,8,,,,""
2023-06-11,RDL,Back,60.0,kgs,8,,,,""
2023-06-11,RDL,Back,60.0,kgs,8,,,,""
2023-06-11,RDL,Back,60.0,kgs,8,,,,""
2023-06-11,Hantle na ławce skośnej,Biceps,18.0,kgs,8,,,,""
2023-06-11,Hantle na ławce skośnej,Biceps,24.0,kgs,8,,,,""
2023-06-11,Hantle na ławce skośnej,Biceps,30.0,kgs,8,,,,""
2023-06-11,Hantle na ławce skośnej,Biceps,30.0,kgs,7,,,,""
2023-06-11,Hantle na ławce skośnej,Biceps,30.0,kgs,5,,,,""
2023-06-11,Leg press (one leg),Legs,35.0,kgs,8,,,,""
2023-06-11,Leg press (one leg),Legs,35.0,kgs,8,,,,""
2023-06-11,Leg press (one leg),Legs,35.0,kgs,8,,,,""
2023-06-11,Leg press (one leg),Legs,35.0,kgs,8,,,,""
2023-06-11,łydki konik,Legs,65.0,kgs,10,,,,""
2023-06-11,łydki konik,Legs,55.0,kgs,10,,,,""
2023-06-11,łydki konik,Legs,75.0,kgs,10,,,,""
2023-06-11,łydki konik,Legs,80.0,kgs,10,,,,""
2023-06-11,Rope pulldown,Triceps,18.0,kgs,8,,,,""
2023-06-11,Rope pulldown,Triceps,18.0,kgs,8,,,,""
2023-06-11,Rope pulldown,Triceps,18.0,kgs,8,,,,""
2023-06-11,Lat Pull,Back,52.0,kgs,8,,,,""
2023-06-11,Lat Pull,Back,52.0,kgs,8,,,,""
2023-06-11,Lat Pull,Back,52.0,kgs,6,,,,""
2023-06-11,Long head ławka,Biceps,12.0,kgs,8,,,,""
2023-06-11,Long head ławka,Biceps,12.0,kgs,8,,,,""
2023-06-13,Wyciskanie na płaskiej,Chest,20.0,kgs,8,,,,""
2023-06-13,Wyciskanie na płaskiej,Chest,50.0,kgs,8,,,,""
2023-06-13,Wyciskanie na płaskiej,Chest,85.0,kgs,5,,,,""
2023-06-13,Wyciskanie na płaskiej,Chest,85.0,kgs,3,,,,""
2023-06-13,Wyciskanie na płaskiej,Chest,85.0,kgs,4,,,,""
2023-06-13,Wyciskanie na płaskiej,Chest,80.0,kgs,4,,,,""
2023-06-13,Wyciskanie na płaskiej,Chest,75.0,kgs,5,,,,""
2023-06-13,Wyciskanie na barki hantlami siedząc,Shoulders,24.0,kgs,7,,,,""
2023-06-13,Wyciskanie na barki hantlami siedząc,Shoulders,24.0,kgs,5,,,,""
2023-06-13,Wyciskanie na barki hantlami siedząc,Shoulders,24.0,kgs,6,,,,""
2023-06-13,Wyciskanie na barki hantlami siedząc,Shoulders,24.0,kgs,6,,,,""
2023-06-13,Dipy,Chest,0.0,kgs,8,,,,""
2023-06-13,Dips - Weighted,Chest,5.0,kgs,5,,,,""
2023-06-13,Dips - Weighted,Chest,5.0,kgs,3,,,,""
2023-06-13,Dips - Weighted,Chest,5.0,kgs,6,,,,""
2023-06-13,Dips - Weighted,Chest,5.0,kgs,5,,,,""
2023-06-13,Fly Pec,Chest,66.0,kgs,10,,,,""
2023-06-13,Fly Pec,Chest,73.0,kgs,10,,,,""
2023-06-13,Fly Pec,Chest,73.0,kgs,10,,,,""
2023-06-13,Wznosy hantli bokiem,Shoulders,9.0,kgs,8,,,,""
2023-06-13,Wznosy hantli bokiem,Shoulders,9.0,kgs,8,,,,""
2023-06-13,Wznosy hantli bokiem,Shoulders,9.0,kgs,8,,,,""
2023-06-15,PullUp - Weighted,Back,10.0,kgs,8,,,,""
2023-06-15,PullUp - Weighted,Back,10.0,kgs,5,,,,""
2023-06-15,PullUp - Weighted,Back,10.0,kgs,5,,,,""
2023-06-15,PullUp - Weighted,Back,10.0,kgs,3,,,,""
2023-06-15,PullUp,Back,,,8,,,,""
2023-06-15,Przysiad ze sztangą,Back,15.0,kgs,8,,,,""
2023-06-15,Przysiad ze sztangą,Back,55.0,kgs,8,,,,""
2023-06-15,Przysiad ze sztangą,Back,55.0,kgs,8,,,,""
2023-06-15,Przysiad ze sztangą,Back,55.0,kgs,8,,,,""
2023-06-15,Przysiad ze sztangą,Back,55.0,kgs,8,,,,""
2023-06-15,Przysiad ze sztangą,Back,55.0,kgs,8,,,,""
2023-06-15,Diverging seated row,Back,45.0,kgs,8,,,,""
2023-06-15,Diverging seated row,Back,52.0,kgs,8,,,,""
2023-06-15,Diverging seated row,Back,52.0,kgs,8,,,,""
2023-06-15,Diverging seated row,Back,52.0,kgs,8,,,,""
2023-06-15,Diverging seated row,Back,52.0,kgs,8,,,,""
2023-06-15,Modlitewnik sztanga,Biceps,20.0,kgs,8,,,,""
2023-06-15,Modlitewnik sztanga,Biceps,20.0,kgs,7,,,,""
2023-06-15,Modlitewnik sztanga,Biceps,20.0,kgs,5,,,,""
2023-06-15,Modlitewnik sztanga,Biceps,10.0,kgs,12,,,,""
2023-06-15,Hammer curl,Biceps,14.0,kgs,5,,,,""
2023-06-15,Hammer curl,Biceps,10.0,kgs,10,,,,""
2023-06-15,Hammer curl,Biceps,10.0,kgs,10,,,,""
2023-06-18,RDL,Back,60.0,kgs,8,,,,""
2023-06-18,RDL,Back,60.0,kgs,8,,,,""
2023-06-18,RDL,Back,60.0,kgs,8,,,,""
2023-06-18,RDL,Back,60.0,kgs,8,,,,""
2023-06-18,RDL,Back,60.0,kgs,8,,,,""
2023-06-18,Hantle na ławce skośnej,Biceps,22.0,kgs,8,,,,""
2023-06-18,Hantle na ławce skośnej,Biceps,32.0,kgs,7,,,,""
2023-06-18,Hantle na ławce skośnej,Biceps,32.0,kgs,5,,,,""
2023-06-18,Hantle na ławce skośnej,Biceps,30.0,kgs,8,,,,""
2023-06-18,Hantle na ławce skośnej,Biceps,30.0,kgs,8,,,,""
2023-06-18,Hantle na ławce skośnej,Biceps,30.0,kgs,8,,,,""
2023-06-18,Lat Pull,Back,52.0,kgs,8,,,,""
2023-06-18,Lat Pull,Back,59.0,kgs,8,,,,""
2023-06-18,Lat Pull,Back,52.0,kgs,5,,,,""
2023-06-18,Leg press (one leg),Legs,40.0,kgs,8,,,,""
2023-06-18,Leg press (one leg),Legs,40.0,kgs,8,,,,""
2023-06-18,Leg press (one leg),Legs,40.0,kgs,8,,,,""
2023-06-18,Calf raises na maszynie,Legs,132.0,kgs,10,,,,""
2023-06-18,Calf raises na maszynie,Legs,132.0,kgs,10,,,,""
2023-06-18,Calf raises na maszynie,Legs,132.0,kgs,10,,,,""
2023-06-18,Facepull,Shoulders,27.0,kgs,8,,,,""
2023-06-18,Facepull,Shoulders,32.0,kgs,8,,,,""
2023-06-18,Facepull,Shoulders,32.0,kgs,8,,,,""
2023-06-18,Biceps na bramie wysoko,Biceps,18.0,kgs,8,,,,""
2023-06-18,Biceps na bramie wysoko,Biceps,23.0,kgs,8,,,,""
2023-06-20,Hantle na ławce płaskiej,Chest,20.0,kgs,10,,,,""
2023-06-20,Hantle na ławce płaskiej,Chest,30.0,kgs,8,,,,""
2023-06-20,Hantle na ławce płaskiej,Chest,32.0,kgs,7,,,,""
2023-06-20,Hantle na ławce płaskiej,Chest,32.0,kgs,7,,,,""
2023-06-20,Hantle na ławce płaskiej,Chest,32.0,kgs,5,,,,""
2023-06-20,Hantle na ławce płaskiej,Chest,30.0,kgs,8,,,,""
2023-06-20,Wyciskanie na barki hantlami siedząc,Shoulders,20.0,kgs,8,,,,""
2023-06-20,Wyciskanie na barki hantlami siedząc,Shoulders,22.0,kgs,8,,,,""
2023-06-20,Wyciskanie na barki hantlami siedząc,Shoulders,22.0,kgs,8,,,,""
2023-06-20,Wyciskanie na barki hantlami siedząc,Shoulders,22.0,kgs,8,,,,""
2023-06-20,Wyciskanie na barki hantlami siedząc,Shoulders,22.0,kgs,8,,,,""
2023-06-20,Dipy,Chest,0.0,kgs,6,,,,""
2023-06-20,Dipy,Chest,0.0,kgs,6,,,,""
2023-06-20,Dipy,Chest,0.0,kgs,6,,,,""
2023-06-20,Dipy,Chest,0.0,kgs,8,,,,""
2023-06-20,Dipy,Chest,0.0,kgs,6,,,,""
2023-06-20,Fly Pec,Chest,66.0,kgs,8,,,,""
2023-06-20,Fly Pec,Chest,66.0,kgs,8,,,,""
2023-06-20,Fly Pec,Chest,73.0,kgs,8,,,,""
2023-06-22,PullUp - Weighted,Back,14.0,kgs,5,,,,""
2023-06-22,PullUp - Weighted,Back,14.0,kgs,5,,,,""
2023-06-22,PullUp - Weighted,Back,14.0,kgs,4,,,,""
2023-06-22,PullUp - Weighted,Back,14.0,kgs,3,,,,""
2023-06-22,Przysiad ze sztangą,Back,15.0,kgs,8,,,,""
2023-06-22,Przysiad ze sztangą,Back,65.0,kgs,8,,,,""
2023-06-22,Przysiad ze sztangą,Back,65.0,kgs,8,,,,""
2023-06-22,Przysiad ze sztangą,Back,65.0,kgs,8,,,,""
2023-06-22,Przysiad ze sztangą,Back,65.0,kgs,8,,,,""
2023-06-22,Przysiad ze sztangą,Back,65.0,kgs,8,,,,""
2023-06-22,Diverging seated row,Back,52.0,kgs,8,,,,""
2023-06-22,Diverging seated row,Back,52.0,kgs,8,,,,""
2023-06-22,Diverging seated row,Back,52.0,kgs,8,,,,""
2023-06-22,Diverging seated row,Back,52.0,kgs,8,,,,""
2023-06-22,Diverging seated row,Back,52.0,kgs,8,,,,""
2023-06-22,PullUp,Back,,,5,,,,""
2023-06-22,Modlitewnik sztanga,Biceps,20.0,kgs,8,,,,""
2023-06-22,Modlitewnik sztanga,Biceps,20.0,kgs,6,,,,""
2023-06-22,Modlitewnik sztanga,Biceps,20.0,kgs,7,,,,""
2023-06-26,Wyciskanie na płaskiej,Chest,20.0,kgs,8,,,,""
2023-06-26,Wyciskanie na płaskiej,Chest,60.0,kgs,8,,,,""
2023-06-26,Wyciskanie na płaskiej,Chest,85.0,kgs,5,,,,""
2023-06-26,Wyciskanie na płaskiej,Chest,85.0,kgs,4,,,,""
2023-06-26,Wyciskanie na płaskiej,Chest,85.0,kgs,3,,,,""
2023-06-26,Wyciskanie na barki hantlami siedząc,Shoulders,18.0,kgs,8,,,,""
2023-06-26,Wyciskanie na barki hantlami siedząc,Shoulders,22.0,kgs,8,,,,""
2023-06-26,Wyciskanie na barki hantlami siedząc,Shoulders,22.0,kgs,8,,,,""
2023-06-26,Wyciskanie na barki hantlami siedząc,Shoulders,22.0,kgs,8,,,,""
2023-06-26,Wyciskanie na barki hantlami siedząc,Shoulders,22.0,kgs,8,,,,""
2023-06-26,Converging chest press (maszyna),Chest,59.0,kgs,6,,,,""
2023-06-26,Converging chest press (maszyna),Chest,66.0,kgs,7,,,,""
2023-06-28,PullUp,Back,,,10,,,,""
2023-06-28,PullUp - Weighted,Back,14.0,kgs,5,,,,""
2023-06-28,PullUp - Weighted,Back,14.0,kgs,4,,,,""
2023-06-28,PullUp - Weighted,Back,14.0,kgs,4,,,,""
2023-06-28,Diverging seated row,Back,52.0,kgs,8,,,,""
2023-06-28,Diverging seated row,Back,59.0,kgs,8,,,,""
2023-06-28,Diverging seated row,Back,59.0,kgs,8,,,,""
2023-06-28,Przysiad ze sztangą,Back,15.0,kgs,8,,,,""
2023-06-28,Przysiad ze sztangą,Back,45.0,kgs,8,,,,""
2023-06-28,Przysiad ze sztangą,Back,55.0,kgs,8,,,,""
2023-06-28,Przysiad ze sztangą,Back,65.0,kgs,8,,,,""
2023-06-28,Przysiad ze sztangą,Back,65.0,kgs,8,,,,""
2023-06-28,Przysiad ze sztangą,Back,65.0,kgs,8,,,,""
2023-06-28,Poziome wiosłownie siedząc,Back,59.0,kgs,8,,,,""
2023-06-28,Poziome wiosłownie siedząc,Back,59.0,kgs,8,,,,""
2023-06-28,Poziome wiosłownie siedząc,Back,66.0,kgs,8,,,,""
2023-06-28,Modlitewnik sztanga,Biceps,20.0,kgs,8,,,,""
2023-06-28,Modlitewnik sztanga,Biceps,20.0,kgs,8,,,,""
2023-06-28,Modlitewnik sztanga,Biceps,20.0,kgs,10,,,,""
2023-06-28,Wznosy hantli bokiem,Shoulders,8.0,kgs,10,,,,""
2023-06-28,Wznosy hantli bokiem,Shoulders,8.0,kgs,10,,,,""
2023-06-28,Wznosy hantli bokiem,Shoulders,8.0,kgs,10,,,,""
2023-06-28,Hammer curl,Biceps,14.0,kgs,8,,,,""
2023-06-28,Hammer curl,Biceps,14.0,kgs,8,,,,""
2023-06-28,Hammer curl,Biceps,14.0,kgs,8,,,,""
2023-06-30,RDL,Back,60.0,kgs,8,,,,""
2023-06-30,RDL,Back,60.0,kgs,8,,,,""
2023-06-30,RDL,Back,60.0,kgs,8,,,,""
2023-06-30,RDL,Back,60.0,kgs,8,,,,""
2023-06-30,RDL,Back,60.0,kgs,8,,,,""
2023-06-30,Hantle na ławce skośnej,Biceps,20.0,kgs,8,,,,""
2023-06-30,Hantle na ławce skośnej,Biceps,32.0,kgs,6,,,,""
2023-06-30,Hantle na ławce skośnej,Biceps,32.0,kgs,6,,,,""
2023-06-30,Hantle na ławce skośnej,Biceps,32.0,kgs,5,,,,""
2023-06-30,Hantle na ławce skośnej,Biceps,34.0,kgs,2,,,,""
2023-06-30,Hantle na ławce skośnej,Biceps,32.0,kgs,5,,,,""
2023-06-30,Long head ławka,Biceps,12.0,kgs,8,,,,""
2023-06-30,Long head ławka,Biceps,12.0,kgs,8,,,,""
2023-06-30,Long head ławka,Biceps,12.0,kgs,8,,,,""
2023-06-30,Lat Pull,Back,59.0,kgs,8,,,,""
2023-06-30,Lat Pull,Back,59.0,kgs,6,,,,""
2023-06-30,Lat Pull,Back,59.0,kgs,6,,,,""
2023-06-30,Rope pulldown,Triceps,18.0,kgs,8,,,,""
2023-06-30,Rope pulldown,Triceps,18.0,kgs,8,,,,""
2023-06-30,Rope pulldown,Triceps,18.0,kgs,8,,,,""
2023-06-30,Facepull,Shoulders,36.0,kgs,8,,,,""
2023-06-30,Facepull,Shoulders,36.0,kgs,8,,,,""
2023-06-30,Facepull,Shoulders,36.0,kgs,8,,,,""
2023-06-30,łydki konik,Legs,85.0,kgs,9,,,,""
2023-06-30,łydki konik,Legs,85.0,kgs,10,,,,""
2023-06-30,łydki konik,Legs,70.0,kgs,12,,,,""
2023-06-30,Wznosy hantli bokiem,Shoulders,9.0,kgs,12,,,,""
2023-07-03,PullUp,Back,,,8,,,,""
2023-07-03,PullUp,Back,,,6,,,,""
2023-07-03,PullUp,Back,,,6,,,,""
2023-07-03,Wyciskanie na płaskiej,Chest,20.0,kgs,8,,,,""
2023-07-03,Wyciskanie na płaskiej,Chest,60.0,kgs,5,,,,""
2023-07-03,Wyciskanie na płaskiej,Chest,80.0,kgs,2,,,,""
2023-07-03,Wyciskanie na płaskiej,Chest,100.0,kgs,1,,,,""
2023-07-03,Wyciskanie na barki hantlami siedząc,Shoulders,24.0,kgs,8,,,,""
2023-07-03,Wyciskanie na barki hantlami siedząc,Shoulders,24.0,kgs,8,,,,""
2023-07-03,Wyciskanie na barki hantlami siedząc,Shoulders,26.0,kgs,5,,,,""
2023-07-03,Wyciskanie na barki hantlami siedząc,Shoulders,24.0,kgs,6,,,,""
2023-07-03,Wznosy hantli bokiem,Shoulders,8.0,kgs,8,,,,""
2023-07-03,Wznosy hantli bokiem,Shoulders,8.0,kgs,8,,,,""
2023-07-03,Wznosy hantli bokiem,Shoulders,8.0,kgs,8,,,,""
2023-07-05,PullUp,Back,,,5,,,,""
2023-07-05,PullUp - Weighted,Back,14.0,kgs,7,,,,""
2023-07-05,PullUp - Weighted,Back,14.0,kgs,5,,,,""
2023-07-05,PullUp - Weighted,Back,14.0,kgs,5,,,,""
2023-07-05,PullUp - Weighted,Back,14.0,kgs,5,,,,""
2023-07-05,Diverging seated row,Back,59.0,kgs,8,,,,""
2023-07-05,Diverging seated row,Back,59.0,kgs,8,,,,""
2023-07-05,Diverging seated row,Back,59.0,kgs,8,,,,""
2023-07-05,Przysiad ze sztangą,Back,15.0,kgs,8,,,,""
2023-07-05,Przysiad ze sztangą,Back,55.0,kgs,8,,,,""
2023-07-05,Przysiad ze sztangą,Back,55.0,kgs,8,,,,""
2023-07-05,Przysiad ze sztangą,Back,55.0,kgs,8,,,,""
2023-07-05,Przysiad ze sztangą,Back,55.0,kgs,8,,,,""
2023-07-05,Przysiad ze sztangą,Back,55.0,kgs,8,,,,""
2023-07-05,Hammer curl,Biceps,16.0,kgs,6,,,,""
2023-07-05,Hammer curl,Biceps,16.0,kgs,6,,,,""
2023-07-05,Hammer curl,Biceps,16.0,kgs,6,,,,""
2023-07-05,Hammer curl,Biceps,16.0,kgs,6,,,,""
2023-07-05,Modlitewnik sztanga,Biceps,20.0,kgs,7,,,,""
2023-07-05,Modlitewnik sztanga,Biceps,20.0,kgs,8,,,,""
2023-07-05,Modlitewnik sztanga,Biceps,20.0,kgs,8,,,,""
2023-07-05,Wznosy hantli bokiem,Shoulders,8.0,kgs,8,,,,""
2023-07-05,Wznosy hantli bokiem,Shoulders,8.0,kgs,8,,,,""
2023-07-05,Wznosy hantli bokiem,Shoulders,8.0,kgs,8,,,,""
2023-07-05,Poziome wiosłownie siedząc,Back,59.0,kgs,7,,,,""
2023-07-05,Poziome wiosłownie siedząc,Back,59.0,kgs,8,,,,""
2023-07-05,Poziome wiosłownie siedząc,Back,59.0,kgs,8,,,,""
2023-07-07,RDL,Back,64.0,kgs,8,,,,""
2023-07-07,RDL,Back,64.0,kgs,8,,,,""
2023-07-07,RDL,Back,64.0,kgs,8,,,,""
2023-07-07,RDL,Back,64.0,kgs,8,,,,""
2023-07-07,RDL,Back,64.0,kgs,8,,,,""
2023-07-07,Hantle na ławce skośnej,Biceps,20.0,kgs,8,,,,""
2023-07-07,Hantle na ławce skośnej,Biceps,30.0,kgs,8,,,,""
2023-07-07,Hantle na ławce skośnej,Biceps,30.0,kgs,8,,,,""
2023-07-07,Hantle na ławce skośnej,Biceps,30.0,kgs,6,,,,""
2023-07-07,Leg press (one leg),Legs,40.0,kgs,8,,,,""
2023-07-07,Leg press (one leg),Legs,40.0,kgs,8,,,,""
2023-07-07,Leg press (one leg),Legs,40.0,kgs,8,,,,""
2023-07-07,Calf raises na maszynie,Legs,142.0,kgs,12,,,,""
2023-07-07,Calf raises na maszynie,Legs,142.0,kgs,12,,,,""
2023-07-07,Calf raises na maszynie,Legs,142.0,kgs,12,,,,""
2023-07-07,Lat Pull,Back,59.0,kgs,6,,,,""
2023-07-07,Lat Pull,Back,59.0,kgs,6,,,,""
2023-07-07,Lat Pull,Back,59.0,kgs,6,,,,""
2023-07-07,Facepull,Shoulders,36.0,kgs,8,,,,""
2023-07-07,Facepull,Shoulders,36.0,kgs,8,,,,""
2023-07-07,Facepull,Shoulders,36.0,kgs,8,,,,""
2023-07-10,Hantle na ławce płaskiej,Chest,18.0,kgs,10,,,,""
2023-07-10,Hantle na ławce płaskiej,Chest,32.0,kgs,8,,,,""
2023-07-10,Hantle na ławce płaskiej,Chest,32.0,kgs,8,,,,""
2023-07-10,Hantle na ławce płaskiej,Chest,32.0,kgs,7,,,,""
2023-07-10,Hantle na ławce płaskiej,Chest,32.0,kgs,5,,,,""
2023-07-10,Hantle na ławce płaskiej,Chest,32.0,kgs,7,,,,""
2023-07-10,Wyciskanie na barki hantlami siedząc,Shoulders,20.0,kgs,5,,,,""
2023-07-10,Wyciskanie na barki hantlami siedząc,Shoulders,20.0,kgs,8,,,,""
2023-07-10,Wyciskanie na barki hantlami siedząc,Shoulders,22.0,kgs,8,,,,""
2023-07-10,Wyciskanie na barki hantlami siedząc,Shoulders,22.0,kgs,8,,,,""
2023-07-10,Wyciskanie na barki hantlami siedząc,Shoulders,20.0,kgs,8,,,,""
2023-07-10,Dips - Weighted,Chest,10.0,kgs,2,,,,""
2023-07-10,Dipy,Chest,0.0,kgs,5,,,,""
2023-07-10,Dipy,Chest,0.0,kgs,5,,,,""
2023-07-10,Dipy,Chest,0.0,kgs,5,,,,""
2023-07-10,Dipy,Chest,0.0,kgs,5,,,,""
2023-07-10,Fly Pec,Chest,73.0,kgs,8,,,,""
2023-07-10,Fly Pec,Chest,73.0,kgs,10,,,,""
2023-07-10,Fly Pec,Chest,73.0,kgs,8,,,,""
2023-07-10,Sztanga wąski chwyt,Triceps,45.0,kgs,8,,,,""
2023-07-10,Sztanga wąski chwyt,Triceps,45.0,kgs,8,,,,""
2023-07-10,Sztanga wąski chwyt,Triceps,45.0,kgs,5,,,,""
2023-07-11,PullUp - Weighted,Back,14.0,kgs,8,,,,""
2023-07-11,PullUp - Weighted,Back,14.0,kgs,7,,,,""
2023-07-11,PullUp - Weighted,Back,14.0,kgs,6,,,,""
2023-07-11,PullUp - Weighted,Back,14.0,kgs,6,,,,""
2023-07-11,Przysiad ze sztangą,Back,25.0,kgs,8,,,,""
2023-07-11,Przysiad ze sztangą,Back,45.0,kgs,8,,,,""
2023-07-11,Przysiad ze sztangą,Back,75.0,kgs,8,,,,""
2023-07-11,Diverging seated row,Back,52.0,kgs,8,,,,""
2023-07-11,Diverging seated row,Back,52.0,kgs,8,,,,""
2023-07-11,Diverging seated row,Back,52.0,kgs,8,,,,""
2023-07-11,Poziome wiosłownie siedząc,Back,66.0,kgs,8,,,,""
2023-07-11,Poziome wiosłownie siedząc,Back,66.0,kgs,8,,,,""
2023-07-11,Poziome wiosłownie siedząc,Back,66.0,kgs,8,,,,""
2023-07-11,Hammer curl,Biceps,14.0,kgs,8,,,,""
2023-07-11,Hammer curl,Biceps,14.0,kgs,8,,,,""
2023-07-11,Hammer curl,Biceps,14.0,kgs,8,,,,""
2023-07-13,Wyciskanie sztanga dodatnia,Chest,20.0,kgs,8,,,,""
2023-07-13,Wyciskanie sztanga dodatnia,Chest,40.0,kgs,8,,,,""
2023-07-13,Wyciskanie sztanga dodatnia,Chest,80.0,kgs,4,,,,""
2023-07-13,Wyciskanie sztanga dodatnia,Chest,70.0,kgs,7,,,,""
2023-07-13,Wyciskanie sztanga dodatnia,Chest,70.0,kgs,5,,,,""
2023-07-13,Wyciskanie sztanga dodatnia,Chest,70.0,kgs,6,,,,""
2023-07-13,Wyciskanie sztanga dodatnia,Chest,70.0,kgs,7,,,,""
2023-07-13,RDL,Back,56.0,kgs,7,,,,""
2023-07-13,RDL,Back,56.0,kgs,5,,,,""
2023-07-13,RDL,Back,56.0,kgs,5,,,,""
2023-07-13,RDL,Back,56.0,kgs,5,,,,""
2023-07-13,RDL,Back,56.0,kgs,8,,,,""
2023-07-13,Modlitewnik sztanga,Biceps,22.5,kgs,5,,,,""
2023-07-13,Modlitewnik sztanga,Biceps,22.5,kgs,5,,,,""
2023-07-13,Modlitewnik sztanga,Biceps,22.5,kgs,5,,,,""
2023-07-13,Facepull,Shoulders,36.0,kgs,8,,,,""
2023-07-13,Facepull,Shoulders,41.0,kgs,8,,,,""
2023-07-13,Facepull,Shoulders,41.0,kgs,8,,,,""
2023-07-13,Skull crushers hantlami leżac,Triceps,10.0,kgs,8,,,,""
2023-07-13,Skull crushers hantlami leżac,Triceps,10.0,kgs,8,,,,""
2023-07-13,Skull crushers hantlami leżac,Triceps,10.0,kgs,8,,,,""
2023-07-15,Hantle na ławce płaskiej,Chest,24.0,kgs,10,,,,""
2023-07-15,Hantle na ławce płaskiej,Chest,32.0,kgs,6,,,,""
2023-07-15,Hantle na ławce płaskiej,Chest,34.0,kgs,5,,,,""
2023-07-15,Hantle na ławce płaskiej,Chest,34.0,kgs,5,,,,""
2023-07-15,Hantle na ławce płaskiej,Chest,32.0,kgs,7,,,,""
2023-07-15,Hantle na ławce płaskiej,Chest,32.0,kgs,6,,,,""
2023-07-15,Wyciskanie na barki hantlami siedząc,Shoulders,20.0,kgs,8,,,,""
2023-07-15,Wyciskanie na barki hantlami siedząc,Shoulders,22.0,kgs,8,,,,""
2023-07-15,Wyciskanie na barki hantlami siedząc,Shoulders,22.0,kgs,8,,,,""
2023-07-15,Wyciskanie na barki hantlami siedząc,Shoulders,22.0,kgs,8,,,,""
2023-07-15,Wyciskanie na barki hantlami siedząc,Shoulders,22.0,kgs,8,,,,""
2023-07-15,Dipy,Chest,0.0,kgs,8,,,,""
2023-07-15,Dipy,Chest,0.0,kgs,8,,,,""
2023-07-15,Dipy,Chest,0.0,kgs,8,,,,""
2023-07-15,Dipy,Chest,0.0,kgs,8,,,,""
2023-07-15,Dipy,Chest,0.0,kgs,8,,,,""
2023-07-15,Wznosy hantli bokiem,Shoulders,10.0,kgs,8,,,,""
2023-07-15,Wznosy hantli bokiem,Shoulders,10.0,kgs,8,,,,""
2023-07-15,Wznosy hantli bokiem,Shoulders,10.0,kgs,8,,,,""
2023-07-15,Fly Pec,Chest,73.0,kgs,5,,,,""
2023-07-15,Fly Pec,Chest,73.0,kgs,5,,,,""
2023-07-15,Fly Pec,Chest,73.0,kgs,7,,,,""
2023-07-15,Sztanga wąski chwyt,Triceps,50.0,kgs,8,,,,""
2023-07-15,Sztanga wąski chwyt,Triceps,55.0,kgs,7,,,,""
2023-07-17,PullUp - Weighted,Back,16.0,kgs,8,,,,""
2023-07-17,PullUp - Weighted,Back,16.0,kgs,6,,,,""
2023-07-17,PullUp - Weighted,Back,16.0,kgs,6,,,,""
2023-07-17,PullUp - Weighted,Back,16.0,kgs,5,,,,""
2023-07-17,PullUp - Weighted,Back,16.0,kgs,5,,,,""
2023-07-17,Leg extension,Legs,66.0,kgs,10,,,,""
2023-07-17,Leg curl,Legs,45.0,kgs,8,,,,""
2023-07-17,Leg curl,Legs,52.0,kgs,8,,,,""
2023-07-17,Leg extension,Legs,73.0,kgs,8,,,,""
2023-07-17,Leg curl,Legs,59.0,kgs,8,,,,""
2023-07-17,Leg curl,Legs,59.0,kgs,8,,,,""
2023-07-17,Leg extension,Legs,73.0,kgs,8,,,,""
2023-07-17,Leg extension,Legs,73.0,kgs,8,,,,""
2023-07-17,Diverging seated row,Back,52.0,kgs,8,,,,""
2023-07-17,Diverging seated row,Back,59.0,kgs,8,,,,""
2023-07-17,Diverging seated row,Back,59.0,kgs,8,,,,""
2023-07-17,Modlitewnik sztanga,Biceps,20.0,kgs,8,,,,""
2023-07-17,Modlitewnik sztanga,Biceps,25.0,kgs,8,,,,""
2023-07-17,Modlitewnik sztanga,Biceps,25.0,kgs,5,,,,""
2023-07-17,Hammer curl,Biceps,14.0,kgs,6,,,,""
2023-07-17,Hammer curl,Biceps,14.0,kgs,8,,,,""
2023-07-17,Hammer curl,Biceps,14.0,kgs,8,,,,""
2023-07-19,RDL,Back,68.0,kgs,8,,,,""
2023-07-19,RDL,Back,68.0,kgs,8,,,,""
2023-07-19,RDL,Back,68.0,kgs,8,,,,""
2023-07-19,RDL,Back,68.0,kgs,8,,,,""
2023-07-19,RDL,Back,68.0,kgs,6,,,,""
2023-07-19,Smith dodatni,Chest,60.0,kgs,8,,,,""
2023-07-19,Smith dodatni,Chest,80.0,kgs,8,,,,""
2023-07-19,Smith dodatni,Chest,80.0,kgs,5,,,,""
2023-07-19,Smith dodatni,Chest,80.0,kgs,6,,,,""
2023-07-19,Smith dodatni,Chest,80.0,kgs,5,,,,""
2023-07-19,Leg press (one leg),Legs,50.0,kgs,8,,,,""
2023-07-19,Leg press (one leg),Legs,50.0,kgs,8,,,,""
2023-07-19,Leg press (one leg),Legs,50.0,kgs,8,,,,""
2023-07-19,łydki konik,Legs,80.0,kgs,8,,,,""
2023-07-19,łydki konik,Legs,80.0,kgs,8,,,,""
2023-07-19,łydki konik,Legs,80.0,kgs,8,,,,""
2023-07-19,Rear delt,Shoulders,32.0,kgs,8,,,,""
2023-07-19,Rear delt,Shoulders,52.0,kgs,8,,,,""
2023-07-19,Rear delt,Shoulders,59.0,kgs,8,,,,""
2023-07-19,Rear delt,Shoulders,59.0,kgs,8,,,,""
2023-07-19,Rope pulldown,Triceps,18.0,kgs,8,,,,""
2023-07-19,Rope pulldown,Triceps,23.0,kgs,8,,,,""
2023-07-19,Rope pulldown,Triceps,23.0,kgs,8,,,,""
2023-07-19,Rope pulldown,Triceps,23.0,kgs,8,,,,""
2023-07-19,Biceps sztanga stojąc,Biceps,50.0,kgs,6,,,,""
2023-07-19,Biceps sztanga stojąc,Biceps,50.0,kgs,7,,,,""
2023-07-22,Wyciskanie na płaskiej,Chest,20.0,kgs,8,,,,""
2023-07-22,Wyciskanie na płaskiej,Chest,50.0,kgs,8,,,,""
2023-07-22,Wyciskanie na płaskiej,Chest,80.0,kgs,8,,,,""
2023-07-22,Wyciskanie na płaskiej,Chest,85.0,kgs,5,,,,""
2023-07-22,Wyciskanie na płaskiej,Chest,90.0,kgs,3,,,,""
2023-07-22,Wyciskanie na płaskiej,Chest,85.0,kgs,4,,,,""
2023-07-22,Wyciskanie na płaskiej,Chest,85.0,kgs,4,,,,""
2023-07-22,Wyciskanie na barki hantlami siedząc,Shoulders,22.0,kgs,8,,,,""
2023-07-22,Wyciskanie na barki hantlami siedząc,Shoulders,24.0,kgs,5,,,,""
2023-07-22,Wyciskanie na barki hantlami siedząc,Shoulders,24.0,kgs,5,,,,""
2023-07-22,Dips - Weighted,Chest,10.0,kgs,4,,,,""
2023-07-22,Dips - Weighted,Chest,10.0,kgs,3,,,,""
2023-07-22,Dipy,Chest,0.0,kgs,8,,,,""
2023-07-22,Dipy,Chest,0.0,kgs,6,,,,""
2023-07-24,PullUp - Weighted,Back,20.0,kgs,6,,,,""
2023-07-24,PullUp - Weighted,Back,20.0,kgs,5,,,,""
2023-07-24,PullUp - Weighted,Back,20.0,kgs,4,,,,""
2023-07-24,PullUp - Weighted,Back,20.0,kgs,4,,,,""
2023-07-24,PullUp - Weighted,Back,20.0,kgs,3,,,,""
2023-07-24,Przysiad ze sztangą,Back,60.0,kgs,8,,,,""
2023-07-24,Przysiad ze sztangą,Back,90.0,kgs,5,,,,""
2023-07-24,Przysiad ze sztangą,Back,90.0,kgs,5,,,,""
2023-07-24,Przysiad ze sztangą,Back,90.0,kgs,5,,,,""
2023-07-24,Przysiad ze sztangą,Back,90.0,kgs,5,,,,""
2023-07-24,Diverging seated row,Back,52.0,kgs,8,,,,""
2023-07-24,Diverging seated row,Back,61.0,kgs,8,,,,""
2023-07-24,Diverging seated row,Back,61.0,kgs,8,,,,""
2023-07-24,Poziome wiosłownie siedząc,Back,66.0,kgs,8,,,,""
2023-07-24,Poziome wiosłownie siedząc,Back,66.0,kgs,8,,,,""
2023-07-24,Poziome wiosłownie siedząc,Back,66.0,kgs,8,,,,""
2023-07-24,Modlitewnik sztanga,Biceps,22.5,kgs,8,,,,""
2023-07-24,Modlitewnik sztanga,Biceps,22.5,kgs,7,,,,""
2023-07-26,RDL,Back,64.0,kgs,8,,,,""
2023-07-26,RDL,Back,64.0,kgs,8,,,,""
2023-07-26,RDL,Back,64.0,kgs,8,,,,""
2023-07-26,RDL,Back,64.0,kgs,5,,,,""
2023-07-26,RDL,Back,64.0,kgs,5,,,,""
2023-07-26,Hantle na ławce skośnej,Biceps,22.0,kgs,8,,,,""
2023-07-26,Hantle na ławce skośnej,Biceps,30.0,kgs,8,,,,""
2023-07-26,Hantle na ławce skośnej,Biceps,30.0,kgs,5,,,,""
2023-07-26,Hantle na ławce skośnej,Biceps,30.0,kgs,8,,,,""
2023-07-26,Hantle na ławce skośnej,Biceps,30.0,kgs,8,,,,""
2023-07-26,Leg press (one leg),Legs,50.0,kgs,8,,,,""
2023-07-26,Leg press (one leg),Legs,50.0,kgs,8,,,,""
2023-07-26,Leg press (one leg),Legs,50.0,kgs,8,,,,""
2023-07-26,Calf raises na maszynie,Legs,142.0,kgs,12,,,,""
2023-07-26,Calf raises na maszynie,Legs,142.0,kgs,10,,,,""
2023-07-26,Calf raises na maszynie,Legs,142.0,kgs,10,,,,""
2023-07-26,Facepull,Shoulders,36.0,kgs,8,,,,""
2023-07-26,Facepull,Shoulders,36.0,kgs,8,,,,""
2023-07-26,Facepull,Shoulders,36.0,kgs,8,,,,""
2023-07-26,Biceps na bramie wysoko,Biceps,27.0,kgs,8,,,,""
2023-07-26,Biceps na bramie wysoko,Biceps,22.0,kgs,8,,,,""
2023-07-26,Biceps na bramie wysoko,Biceps,22.0,kgs,8,,,,""
2023-07-28,Hantle na ławce płaskiej,Chest,20.0,kgs,8,,,,""
2023-07-28,Hantle na ławce płaskiej,Chest,34.0,kgs,7,,,,""
2023-07-28,Hantle na ławce płaskiej,Chest,36.0,kgs,5,,,,""
2023-07-28,Hantle na ławce płaskiej,Chest,36.0,kgs,5,,,,""
2023-07-28,Hantle na ławce płaskiej,Chest,36.0,kgs,5,,,,""
2023-07-28,Hantle na ławce płaskiej,Chest,36.0,kgs,3,,,,""
2023-07-28,Wyciskanie na barki hantlami siedząc,Shoulders,24.0,kgs,5,,,,""
2023-07-28,Wyciskanie na barki hantlami siedząc,Shoulders,24.0,kgs,8,,,,""
2023-07-28,Wyciskanie na barki hantlami siedząc,Shoulders,24.0,kgs,7,,,,""
2023-07-28,Wyciskanie na barki hantlami siedząc,Shoulders,24.0,kgs,5,,,,""
2023-07-30,PullUp - Weighted,Back,20.0,kgs,6,,,,""
2023-07-30,PullUp - Weighted,Back,20.0,kgs,5,,,,""
2023-07-30,PullUp - Weighted,Back,20.0,kgs,4,,,,""
2023-07-30,PullUp - Weighted,Back,20.0,kgs,7,,,,""
2023-07-30,PullUp - Weighted,Back,20.0,kgs,3,,,,""
2023-07-30,Przysiad ze sztangą,Back,70.0,kgs,6,,,,""
2023-07-30,Przysiad ze sztangą,Back,70.0,kgs,8,,,,""
2023-07-30,Przysiad ze sztangą,Back,70.0,kgs,8,,,,""
2023-07-30,Przysiad ze sztangą,Back,70.0,kgs,8,,,,""
2023-07-30,Przysiad ze sztangą,Back,70.0,kgs,8,,,,""
2023-07-30,Diverging seated row,Back,59.0,kgs,8,,,,""
2023-07-30,Diverging seated row,Back,59.0,kgs,8,,,,""
2023-07-30,Diverging seated row,Back,59.0,kgs,8,,,,""
2023-07-30,Lat Pull,Back,59.0,kgs,8,,,,""
2023-07-30,Lat Pull,Back,59.0,kgs,8,,,,""
2023-07-30,Lat Pull,Back,59.0,kgs,8,,,,""
2023-07-30,Modlitewnik sztanga,Biceps,22.5,kgs,8,,,,""
2023-07-30,Modlitewnik sztanga,Biceps,22.5,kgs,8,,,,""
2023-07-30,Modlitewnik sztanga,Biceps,22.5,kgs,8,,,,""
2023-07-30,Modlitewnik sztanga,Biceps,22.5,kgs,8,,,,""
2023-07-30,Hammer curl,Biceps,12.0,kgs,8,,,,""
2023-07-30,Hammer curl,Biceps,12.0,kgs,10,,,,""
2023-07-30,Hammer curl,Biceps,12.0,kgs,8,,,,""
2023-08-01,RDL,Back,68.0,kgs,8,,,,""
2023-08-01,RDL,Back,68.0,kgs,8,,,,""
2023-08-01,RDL,Back,68.0,kgs,8,,,,""
2023-08-01,RDL,Back,68.0,kgs,8,,,,""
2023-08-01,RDL,Back,68.0,kgs,8,,,,""
2023-08-01,Hantle na ławce skośnej,Biceps,24.0,kgs,8,,,,""
2023-08-01,Hantle na ławce skośnej,Biceps,28.0,kgs,8,,,,""
2023-08-01,Hantle na ławce skośnej,Biceps,28.0,kgs,8,,,,""
2023-08-01,Hantle na ławce skośnej,Biceps,28.0,kgs,8,,,,""
2023-08-01,Hantle na ławce skośnej,Biceps,28.0,kgs,8,,,,""
2023-08-01,Leg press (one leg),Legs,60.0,kgs,8,,,,""
2023-08-01,Leg press (one leg),Legs,60.0,kgs,8,,,,""
2023-08-01,Leg press (one leg),Legs,60.0,kgs,8,,,,""
2023-08-01,łydki konik,Legs,75.0,kgs,8,,,,""
2023-08-01,łydki konik,Legs,75.0,kgs,8,,,,""
2023-08-01,łydki konik,Legs,75.0,kgs,8,,,,""
2023-08-01,Sztanga wąski chwyt,Triceps,40.0,kgs,8,,,,""
2023-08-01,Sztanga wąski chwyt,Triceps,52.5,kgs,10,,,,""
2023-08-01,Sztanga wąski chwyt,Triceps,52.5,kgs,10,,,,""
2023-08-01,Sztanga wąski chwyt,Triceps,52.5,kgs,10,,,,""
2023-08-01,Sztanga wąski chwyt,Triceps,52.5,kgs,10,,,,""
2023-08-01,Rear delt,Shoulders,45.0,kgs,10,,,,""
2023-08-01,Rear delt,Shoulders,59.0,kgs,10,,,,""
2023-08-03,Hantle na ławce płaskiej,Chest,18.0,kgs,8,,,,""
2023-08-03,Hantle na ławce płaskiej,Chest,36.0,kgs,5,,,,""
2023-08-03,Hantle na ławce płaskiej,Chest,36.0,kgs,5,,,,""
2023-08-03,Hantle na ławce płaskiej,Chest,36.0,kgs,5,,,,""
2023-08-03,Hantle na ławce płaskiej,Chest,36.0,kgs,5,,,,""
2023-08-03,Hantle na ławce płaskiej,Chest,36.0,kgs,5,,,,""
2023-08-03,Wyciskanie na barki hantlami siedząc,Shoulders,24.0,kgs,8,,,,""
2023-08-03,Wyciskanie na barki hantlami siedząc,Shoulders,24.0,kgs,8,,,,""
2023-08-03,Wyciskanie na barki hantlami siedząc,Shoulders,24.0,kgs,8,,,,""
2023-08-03,Wyciskanie na barki hantlami siedząc,Shoulders,24.0,kgs,8,,,,""
2023-08-03,Wyciskanie na barki hantlami siedząc,Shoulders,24.0,kgs,8,,,,""
2023-08-03,Dips - Weighted,Chest,15.0,kgs,5,,,,""
2023-08-03,Dips - Weighted,Chest,15.0,kgs,5,,,,""
2023-08-03,Dips - Weighted,Chest,15.0,kgs,5,,,,""
2023-08-03,Dips - Weighted,Chest,15.0,kgs,5,,,,""
2023-08-03,Dips - Weighted,Chest,15.0,kgs,5,,,,""
2023-08-03,Fly Pec,Chest,73.0,kgs,8,,,,""
2023-08-03,Fly Pec,Chest,73.0,kgs,10,,,,""
2023-08-03,Fly Pec,Chest,73.0,kgs,10,,,,""
2023-08-03,Wznosy hantli bokiem,Shoulders,8.0,kgs,8,,,,""
2023-08-03,Wznosy hantli bokiem,Shoulders,8.0,kgs,10,,,,""
2023-08-03,Wznosy hantli bokiem,Shoulders,8.0,kgs,10,,,,""
2023-08-03,Sztanga wąski chwyt,Triceps,50.0,kgs,8,,,,""
2023-08-03,Sztanga wąski chwyt,Triceps,55.0,kgs,6,,,,""
2023-08-03,Sztanga wąski chwyt,Triceps,55.0,kgs,8,,,,""
2023-08-05,PullUp - Weighted,Back,22.0,kgs,5,,,,""
2023-08-05,PullUp - Weighted,Back,22.0,kgs,5,,,,""
2023-08-05,PullUp - Weighted,Back,22.0,kgs,5,,,,""
2023-08-05,PullUp - Weighted,Back,22.0,kgs,4,,,,""
2023-08-05,PullUp - Weighted,Back,22.0,kgs,4,,,,""
2023-08-05,Diverging seated row,Back,52.0,kgs,8,,,,""
2023-08-05,Diverging seated row,Back,52.0,kgs,8,,,,""
2023-08-05,Diverging seated row,Back,52.0,kgs,8,,,,""
2023-08-05,Diverging seated row,Back,52.0,kgs,8,,,,""
2023-08-05,Przysiad ze sztangą,Back,50.0,kgs,8,,,,""
2023-08-05,Przysiad ze sztangą,Back,70.0,kgs,10,,,,""
2023-08-05,Przysiad ze sztangą,Back,70.0,kgs,10,,,,""
2023-08-05,Przysiad ze sztangą,Back,70.0,kgs,10,,,,""
2023-08-05,Przysiad ze sztangą,Back,70.0,kgs,10,,,,""
2023-08-05,Przysiad ze sztangą,Back,70.0,kgs,10,,,,""
2023-08-05,Poziome wiosłownie siedząc,Back,59.0,kgs,8,,,,""
2023-08-05,Poziome wiosłownie siedząc,Back,59.0,kgs,8,,,,""
2023-08-05,Poziome wiosłownie siedząc,Back,59.0,kgs,8,,,,""
2023-08-05,Poziome wiosłownie siedząc,Back,59.0,kgs,8,,,,""
2023-08-05,Long head ławka,Biceps,14.0,kgs,8,,,,""
2023-08-05,Long head ławka,Biceps,14.0,kgs,8,,,,""
2023-08-05,Long head ławka,Biceps,14.0,kgs,8,,,,""
2023-08-05,Wznosy hantli bokiem,Shoulders,8.0,kgs,8,,,,""
2023-08-05,Wznosy hantli bokiem,Shoulders,8.0,kgs,8,,,,""
2023-08-05,Wznosy hantli bokiem,Shoulders,8.0,kgs,8,,,,""
2023-08-08,RDL,Back,72.0,kgs,8,,,,""
2023-08-08,RDL,Back,72.0,kgs,8,,,,""
2023-08-08,RDL,Back,72.0,kgs,8,,,,""
2023-08-08,RDL,Back,72.0,kgs,8,,,,""
2023-08-08,RDL,Back,72.0,kgs,8,,,,""
2023-08-08,Hantle na ławce skośnej,Biceps,24.0,kgs,8,,,,""
2023-08-08,Hantle na ławce skośnej,Biceps,32.0,kgs,8,,,,""
2023-08-08,Hantle na ławce skośnej,Biceps,32.0,kgs,7,,,,""
2023-08-08,Hantle na ławce skośnej,Biceps,30.0,kgs,8,,,,""
2023-08-08,Hantle na ławce skośnej,Biceps,30.0,kgs,8,,,,""
2023-08-10,Wyciskanie na płaskiej,Chest,20.0,kgs,12,,,,""
2023-08-10,Wyciskanie na płaskiej,Chest,50.0,kgs,8,,,,""
2023-08-10,Wyciskanie na płaskiej,Chest,80.0,kgs,8,,,,""
2023-08-10,Wyciskanie na płaskiej,Chest,80.0,kgs,7,,,,""
2023-08-10,Wyciskanie na płaskiej,Chest,80.0,kgs,5,,,,""
2023-08-10,Wyciskanie na płaskiej,Chest,80.0,kgs,7,,,,""
2023-08-10,Wyciskanie na płaskiej,Chest,80.0,kgs,6,,,,""
2023-08-10,Dipy,Chest,0.0,kgs,8,,,,""
2023-08-10,Dipy,Chest,0.0,kgs,8,,,,""
2023-08-10,Dipy,Chest,0.0,kgs,8,,,,""
2023-08-10,Dipy,Chest,0.0,kgs,8,,,,""
2023-08-10,Dipy,Chest,0.0,kgs,8,,,,""
2023-08-10,Wyciskanie na barki hantlami siedząc,Shoulders,22.0,kgs,7,,,,""
2023-08-10,Wyciskanie na barki hantlami siedząc,Shoulders,22.0,kgs,8,,,,""
2023-08-10,Wyciskanie na barki hantlami siedząc,Shoulders,22.0,kgs,8,,,,""
2023-08-10,Wyciskanie na barki hantlami siedząc,Shoulders,22.0,kgs,8,,,,""
2023-08-10,Wyciskanie na barki hantlami siedząc,Shoulders,22.0,kgs,8,,,,""
2023-08-10,Fly Pec,Chest,73.0,kgs,8,,,,""
2023-08-10,Fly Pec,Chest,73.0,kgs,8,,,,""
2023-08-10,Fly Pec,Chest,73.0,kgs,8,,,,""
2023-08-10,Rope pulldown,Triceps,18.0,kgs,8,,,,""
2023-08-10,Rope pulldown,Triceps,18.0,kgs,8,,,,""
2023-08-10,Rope pulldown,Triceps,18.0,kgs,8,,,,""
2023-08-10,Allahy,Abs,27.0,kgs,8,,,,""
2023-08-10,Allahy,Abs,27.0,kgs,8,,,,""
2023-08-10,Allahy,Abs,36.0,kgs,8,,,,""
2023-08-14,PullUp - Weighted,Back,22.0,kgs,5,,,,""
2023-08-14,PullUp - Weighted,Back,22.0,kgs,5,,,,""
2023-08-14,PullUp - Weighted,Back,22.0,kgs,5,,,,""
2023-08-14,PullUp - Weighted,Back,22.0,kgs,5,,,,""
2023-08-14,PullUp - Weighted,Back,22.0,kgs,5,,,,""
2023-08-14,Przysiad ze sztangą,Back,70.0,kgs,10,,,,""
2023-08-14,Przysiad ze sztangą,Back,70.0,kgs,10,,,,""
2023-08-14,Przysiad ze sztangą,Back,70.0,kgs,10,,,,""
2023-08-14,Przysiad ze sztangą,Back,70.0,kgs,10,,,,""
2023-08-14,Przysiad ze sztangą,Back,70.0,kgs,10,,,,""
2023-08-14,Diverging seated row,Back,52.0,kgs,8,,,,""
2023-08-14,Diverging seated row,Back,52.0,kgs,8,,,,""
2023-08-14,Diverging seated row,Back,59.0,kgs,8,,,,""
2023-08-14,Diverging seated row,Back,59.0,kgs,8,,,,""
2023-08-14,Diverging seated row,Back,59.0,kgs,8,,,,""
2023-08-14,Rear delt,Shoulders,52.0,kgs,8,,,,""
2023-08-14,Rear delt,Shoulders,59.0,kgs,10,,,,""
2023-08-14,Rear delt,Shoulders,59.0,kgs,7,,,,""
2023-08-14,Hammer curl,Biceps,14.0,kgs,10,,,,""
2023-08-16,RDL,Back,72.0,kgs,8,,,,""
2023-08-16,RDL,Back,72.0,kgs,8,,,,""
2023-08-16,RDL,Back,72.0,kgs,8,,,,""
2023-08-16,RDL,Back,72.0,kgs,8,,,,""
2023-08-16,Hantle na ławce skośnej,Biceps,16.0,kgs,8,,,,""
2023-08-16,Hantle na ławce skośnej,Biceps,28.0,kgs,8,,,,""
2023-08-16,Hantle na ławce skośnej,Biceps,28.0,kgs,8,,,,""
2023-08-16,Hantle na ławce skośnej,Biceps,28.0,kgs,8,,,,""
2023-08-16,Hantle na ławce skośnej,Biceps,28.0,kgs,8,,,,""
2023-08-16,Hantle na ławce skośnej,Biceps,28.0,kgs,8,,,,""
2023-08-16,Leg press (one leg),Legs,60.0,kgs,8,,,,""
2023-08-16,Leg press (one leg),Legs,60.0,kgs,8,,,,""
2023-08-16,Leg press (one leg),Legs,60.0,kgs,8,,,,""
2023-08-16,Leg press (one leg),Legs,60.0,kgs,8,,,,""
2023-08-16,Leg press (one leg),Legs,60.0,kgs,8,,,,""
2023-08-16,Facepull,Shoulders,41.0,kgs,8,,,,""
2023-08-16,Facepull,Shoulders,41.0,kgs,8,,,,""
2023-08-16,Facepull,Shoulders,41.0,kgs,8,,,,""
2023-08-16,Facepull,Shoulders,41.0,kgs,8,,,,""
2023-08-16,Sztanga wąski chwyt,Triceps,55.0,kgs,10,,,,""
2023-08-16,Sztanga wąski chwyt,Triceps,55.0,kgs,10,,,,""
2023-08-16,Sztanga wąski chwyt,Triceps,55.0,kgs,8,,,,""
2023-08-16,Biceps hantlami stojąc,Biceps,16.0,kgs,8,,,,""
2023-08-16,Biceps hantlami stojąc,Biceps,16.0,kgs,8,,,,""
2023-08-16,Biceps hantlami stojąc,Biceps,16.0,kgs,6,,,,""
2023-08-16,Wznosy hantli bokiem,Shoulders,9.0,kgs,8,,,,""
2023-08-16,Allahy,Abs,23.0,kgs,10,,,,""
2023-08-16,Allahy,Abs,27.0,kgs,10,,,,""
2023-08-18,Wyciskanie na płaskiej,Chest,20.0,kgs,12,,,,""
2023-08-18,Wyciskanie na płaskiej,Chest,60.0,kgs,8,,,,""
2023-08-18,Wyciskanie na płaskiej,Chest,80.0,kgs,8,,,,""
2023-08-18,Wyciskanie na płaskiej,Chest,90.0,kgs,4,,,,""
2023-08-18,Wyciskanie na płaskiej,Chest,90.0,kgs,3,,,,""
2023-08-18,Wyciskanie na płaskiej,Chest,90.0,kgs,3,,,,""
2023-08-18,Wyciskanie na płaskiej,Chest,80.0,kgs,6,,,,""
2023-08-18,Dips - Weighted,Chest,10.0,kgs,6,,,,""
2023-08-18,Dips - Weighted,Chest,10.0,kgs,6,,,,""
2023-08-18,Dips - Weighted,Chest,10.0,kgs,6,,,,""
2023-08-18,Dips - Weighted,Chest,10.0,kgs,6,,,,""
2023-08-18,Dips - Weighted,Chest,10.0,kgs,6,,,,""
2023-08-18,Wyciskanie na barki hantlami siedząc,Shoulders,26.0,kgs,6,,,,""
2023-08-18,Wyciskanie na barki hantlami siedząc,Shoulders,26.0,kgs,7,,,,""
2023-08-18,Wyciskanie na barki hantlami siedząc,Shoulders,26.0,kgs,6,,,,""
2023-08-18,Wyciskanie na barki hantlami siedząc,Shoulders,26.0,kgs,6,,,,""
2023-08-18,Wznosy hantli bokiem,Shoulders,8.0,kgs,12,,,,""
2023-08-18,Wznosy hantli bokiem,Shoulders,8.0,kgs,10,,,,""
2023-08-18,Wznosy hantli bokiem,Shoulders,8.0,kgs,10,,,,""
2023-08-18,Fly Pec,Chest,73.0,kgs,10,,,,""
2023-08-18,Fly Pec,Chest,73.0,kgs,10,,,,""
2023-08-18,Fly Pec,Chest,79.0,kgs,8,,,,""
2023-08-18,Fly Pec,Chest,79.0,kgs,8,,,,""
2023-08-20,PullUp - Weighted,Back,24.0,kgs,5,,,,""
2023-08-20,PullUp - Weighted,Back,24.0,kgs,4,,,,""
2023-08-20,PullUp - Weighted,Back,25.0,kgs,4,,,,""
2023-08-20,PullUp - Weighted,Back,25.0,kgs,4,,,,""
2023-08-20,PullUp - Weighted,Back,25.0,kgs,3,,,,""
2023-08-20,Leg extension,Legs,73.0,kgs,10,,,,""
2023-08-20,Leg extension,Legs,79.0,kgs,10,,,,""
2023-08-20,Leg extension,Legs,79.0,kgs,10,,,,""
2023-08-20,Leg extension,Legs,79.0,kgs,10,,,,""
2023-08-20,Tył nóg na maszynie,Legs,53.0,kgs,8,,,,""
2023-08-20,Tył nóg na maszynie,Legs,53.0,kgs,8,,,,""
2023-08-20,Tył nóg na maszynie,Legs,66.0,kgs,8,,,,""
2023-08-20,Tył nóg na maszynie,Legs,66.0,kgs,8,,,,""
2023-08-20,Tył nóg na maszynie,Legs,66.0,kgs,8,,,,""
2023-08-20,Modlitewnik sztanga,Biceps,25.0,kgs,8,,,,""
2023-08-20,Modlitewnik sztanga,Biceps,25.0,kgs,6,,,,""
2023-08-20,Modlitewnik sztanga,Biceps,25.0,kgs,9,,,,""
2023-08-20,Modlitewnik sztanga,Biceps,25.0,kgs,8,,,,""
2023-08-20,Hammer curl,Biceps,14.0,kgs,8,,,,""
2023-08-20,Hammer curl,Biceps,14.0,kgs,8,,,,""
2023-08-20,Hammer curl,Biceps,14.0,kgs,8,,,,""
2023-08-20,Allahy,Abs,32.0,kgs,8,,,,""
2023-08-20,Allahy,Abs,32.0,kgs,10,,,,""
2023-08-20,Allahy,Abs,32.0,kgs,10,,,,""
2023-08-22,RDL,Back,72.0,kgs,8,,,,""
2023-08-22,RDL,Back,72.0,kgs,8,,,,""
2023-08-22,RDL,Back,72.0,kgs,8,,,,""
2023-08-22,RDL,Back,72.0,kgs,8,,,,""
2023-08-22,RDL,Back,72.0,kgs,8,,,,""
2023-08-22,Hantle na ławce skośnej,Biceps,22.0,kgs,8,,,,""
2023-08-22,Hantle na ławce skośnej,Biceps,30.0,kgs,8,,,,""
2023-08-22,Hantle na ławce skośnej,Biceps,30.0,kgs,8,,,,""
2023-08-22,Hantle na ławce skośnej,Biceps,30.0,kgs,8,,,,""
2023-08-22,Hantle na ławce skośnej,Biceps,30.0,kgs,8,,,,""
2023-08-22,Leg press (one leg),Legs,65.0,kgs,8,,,,""
2023-08-22,Leg press (one leg),Legs,65.0,kgs,7,,,,""
2023-08-22,Leg press (one leg),Legs,65.0,kgs,5,,,,""
2023-08-22,Facepull,Shoulders,41.0,kgs,8,,,,""
2023-08-22,Facepull,Shoulders,41.0,kgs,8,,,,""
2023-08-22,Facepull,Shoulders,41.0,kgs,8,,,,""
2023-08-22,Long head ławka,Biceps,12.0,kgs,8,,,,""
2023-08-22,Long head ławka,Biceps,14.0,kgs,8,,,,""
2023-08-22,Long head ławka,Biceps,14.0,kgs,6,,,,""
2023-08-22,Sztanga wąski chwyt,Triceps,55.0,kgs,8,,,,""
2023-08-22,Sztanga wąski chwyt,Triceps,55.0,kgs,8,,,,""
2023-08-22,Sztanga wąski chwyt,Triceps,55.0,kgs,8,,,,""
2023-08-24,Wyciskanie na płaskiej,Chest,20.0,kgs,8,,,,""
2023-08-24,Wyciskanie na płaskiej,Chest,60.0,kgs,8,,,,""
2023-08-24,Wyciskanie na płaskiej,Chest,90.0,kgs,5,,,,""
2023-08-24,Wyciskanie na płaskiej,Chest,90.0,kgs,5,,,,""
2023-08-24,Wyciskanie na płaskiej,Chest,90.0,kgs,4,,,,""
2023-08-24,Wyciskanie na płaskiej,Chest,90.0,kgs,3,,,,""
2023-08-24,Wyciskanie na płaskiej,Chest,90.0,kgs,4,,,,""
2023-08-24,Wyciskanie na barki hantlami siedząc,Shoulders,26.0,kgs,8,,,,""
2023-08-24,Wyciskanie na barki hantlami siedząc,Shoulders,26.0,kgs,7,,,,""
2023-08-24,Wyciskanie na barki hantlami siedząc,Shoulders,26.0,kgs,6,,,,""
2023-08-24,Wyciskanie na barki hantlami siedząc,Shoulders,26.0,kgs,8,,,,""
2023-08-24,Wyciskanie na barki hantlami siedząc,Shoulders,26.0,kgs,6,,,,""
2023-08-24,Dips - Weighted,Chest,20.0,kgs,8,,,,""
2023-08-24,Dips - Weighted,Chest,20.0,kgs,8,,,,""
2023-08-24,Dips - Weighted,Chest,20.0,kgs,8,,,,""
2023-08-24,Dips - Weighted,Chest,20.0,kgs,8,,,,""
2023-08-24,Dips - Weighted,Chest,20.0,kgs,0,,,,""
2023-08-24,Fly Pec,Chest,79.0,kgs,8,,,,""
2023-08-24,Fly Pec,Chest,86.0,kgs,8,,,,""
2023-08-24,Fly Pec,Chest,86.0,kgs,8,,,,""
2023-08-24,Wznosy hantli bokiem,Shoulders,8.0,kgs,10,,,,""
2023-08-24,Wznosy hantli bokiem,Shoulders,8.0,kgs,10,,,,""
2023-08-24,Wznosy hantli bokiem,Shoulders,8.0,kgs,10,,,,""
2023-08-24,Skull crushers hantlami leżac,Triceps,10.0,kgs,8,,,,""
2023-08-24,Skull crushers hantlami leżac,Triceps,10.0,kgs,9,,,,""
2023-08-24,Skull crushers hantlami leżac,Triceps,10.0,kgs,10,,,,""
2023-08-24,Allahy,Abs,27.0,kgs,10,,,,""
2023-08-27,PullUp - Weighted,Back,25.0,kgs,5,,,,""
2023-08-27,PullUp - Weighted,Back,25.0,kgs,5,,,,""
2023-08-27,PullUp - Weighted,Back,25.0,kgs,5,,,,""
2023-08-27,PullUp - Weighted,Back,25.0,kgs,5,,,,""
2023-08-27,PullUp - Weighted,Back,25.0,kgs,5,,,,""
2023-08-27,Przysiad ze sztangą,Back,40.0,kgs,8,,,,""
2023-08-27,Przysiad ze sztangą,Back,70.0,kgs,8,,,,""
2023-08-27,Przysiad ze sztangą,Back,70.0,kgs,10,,,,""
2023-08-27,Przysiad ze sztangą,Back,70.0,kgs,10,,,,""
2023-08-27,Przysiad ze sztangą,Back,70.0,kgs,10,,,,""
2023-08-27,Diverging seated row,Back,52.0,kgs,8,,,,""
2023-08-27,Diverging seated row,Back,59.0,kgs,8,,,,""
2023-08-27,Diverging seated row,Back,59.0,kgs,8,,,,""
2023-08-27,Long head ławka,Biceps,14.0,kgs,10,,,,""
2023-08-27,Long head ławka,Biceps,14.0,kgs,6,,,,""
2023-08-27,Long head ławka,Biceps,14.0,kgs,6,,,,""
2023-08-27,Modlitewnik sztanga,Biceps,25.0,kgs,6,,,,""
2023-08-27,Modlitewnik sztanga,Biceps,25.0,kgs,8,,,,""
2023-08-27,Modlitewnik sztanga,Biceps,25.0,kgs,8,,,,""
2023-08-27,Allahy,Abs,36.0,kgs,10,,,,""
2023-08-27,Wznosy hantli bokiem,Shoulders,8.0,kgs,12,,,,""
2023-08-30,Hantle na ławce płaskiej,Chest,22.0,kgs,8,,,,""
2023-08-30,Hantle na ławce płaskiej,Chest,32.0,kgs,8,,,,""
2023-08-30,Hantle na ławce płaskiej,Chest,36.0,kgs,5,,,,""
2023-08-30,Hantle na ławce płaskiej,Chest,36.0,kgs,5,,,,""
2023-08-30,Hantle na ławce płaskiej,Chest,36.0,kgs,4,,,,""
2023-08-30,Hantle na ławce płaskiej,Chest,32.0,kgs,7,,,,""
2023-08-30,Wyciskanie na barki hantlami siedząc,Shoulders,24.0,kgs,6,,,,""
2023-08-30,Wyciskanie na barki hantlami siedząc,Shoulders,24.0,kgs,8,,,,""
2023-08-30,Wyciskanie na barki hantlami siedząc,Shoulders,26.0,kgs,8,,,,""
2023-08-30,Wyciskanie na barki hantlami siedząc,Shoulders,26.0,kgs,5,,,,""
2023-08-30,Wyciskanie na barki hantlami siedząc,Shoulders,26.0,kgs,4,,,,""
2023-08-30,Dół klaty na bramie,Chest,18.0,kgs,10,,,,""
2023-08-30,Dół klaty na bramie,Chest,18.0,kgs,10,,,,""
2023-08-30,Dół klaty na bramie,Chest,18.0,kgs,8,,,,""
2023-08-30,Dół klaty na bramie,Chest,18.0,kgs,8,,,,""
2023-08-30,Fly Pec,Chest,79.0,kgs,8,,,,""
2023-08-30,Fly Pec,Chest,79.0,kgs,8,,,,""
2023-08-30,Fly Pec,Chest,79.0,kgs,8,,,,""
2023-08-30,Fly Pec,Chest,79.0,kgs,8,,,,""
2023-08-30,Modlitewnik sztanga,Biceps,22.5,kgs,8,,,,""
2023-08-30,Modlitewnik sztanga,Biceps,25.0,kgs,8,,,,""
2023-09-01,RDL,Back,72.0,kgs,8,,,,""
2023-09-01,RDL,Back,72.0,kgs,8,,,,""
2023-09-01,RDL,Back,72.0,kgs,8,,,,""
2023-09-01,RDL,Back,72.0,kgs,8,,,,""
2023-09-01,RDL,Back,72.0,kgs,8,,,,""
2023-09-01,Hantle na ławce skośnej,Biceps,20.0,kgs,8,,,,""
2023-09-01,Hantle na ławce skośnej,Biceps,28.0,kgs,8,,,,""
2023-09-01,Hantle na ławce skośnej,Biceps,28.0,kgs,8,,,,""
2023-09-01,Hantle na ławce skośnej,Biceps,28.0,kgs,6,,,,""
2023-09-01,Hantle na ławce skośnej,Biceps,28.0,kgs,8,,,,""
2023-09-01,Leg press (one leg),Legs,70.0,kgs,8,,,,""
2023-09-01,Leg press (one leg),Legs,70.0,kgs,8,,,,""
2023-09-01,Leg press (one leg),Legs,70.0,kgs,8,,,,""
2023-09-01,Leg press (one leg),Legs,70.0,kgs,8,,,,""
2023-09-01,Leg press (one leg),Legs,70.0,kgs,8,,,,""
2023-09-01,łydki konik,Legs,70.0,kgs,8,,,,""
2023-09-01,łydki konik,Legs,80.0,kgs,10,,,,""
2023-09-01,łydki konik,Legs,80.0,kgs,10,,,,""
2023-09-01,Biceps na bramie sznur dół,Biceps,41.0,kgs,8,,,,""
2023-09-01,Biceps na bramie sznur dół,Biceps,41.0,kgs,8,,,,""
2023-09-01,Biceps na bramie sznur dół,Biceps,41.0,kgs,8,,,,""
2023-09-01,Rear delt,Shoulders,32.0,kgs,8,,,,""
2023-09-01,Rear delt,Shoulders,52.0,kgs,8,,,,""
2023-09-01,Rear delt,Shoulders,52.0,kgs,8,,,,""
2023-09-01,Rope pulldown,Triceps,23.0,kgs,8,,,,""
2023-09-01,Rope pulldown,Triceps,23.0,kgs,8,,,,""
2023-09-01,Rope pulldown,Triceps,23.0,kgs,8,,,,""
2023-09-03,PullUp - Weighted,Back,25.0,kgs,6,,,,""
2023-09-03,PullUp - Weighted,Back,25.0,kgs,6,,,,""
2023-09-03,PullUp - Weighted,Back,25.0,kgs,4,,,,""
2023-09-03,PullUp - Weighted,Back,25.0,kgs,4,,,,""
2023-09-03,PullUp - Weighted,Back,25.0,kgs,2,,,,""
2023-09-03,Przysiad ze sztangą,Back,15.0,kgs,10,,,,""
2023-09-03,Przysiad ze sztangą,Back,75.0,kgs,10,,,,""
2023-09-03,Przysiad ze sztangą,Back,75.0,kgs,8,,,,""
2023-09-03,Przysiad ze sztangą,Back,75.0,kgs,8,,,,""
2023-09-03,Przysiad ze sztangą,Back,75.0,kgs,8,,,,""
2023-09-03,Przysiad ze sztangą,Back,75.0,kgs,8,,,,""
2023-09-03,Diverging seated row,Back,59.0,kgs,8,,,,""
2023-09-03,Diverging seated row,Back,59.0,kgs,8,,,,""
2023-09-03,Diverging seated row,Back,59.0,kgs,8,,,,""
2023-09-03,Poziome wiosłownie siedząc,Back,59.0,kgs,8,,,,""
2023-09-03,Poziome wiosłownie siedząc,Back,59.0,kgs,8,,,,""
2023-09-03,Poziome wiosłownie siedząc,Back,59.0,kgs,8,,,,""
2023-09-03,Sztana łamana stojac,Biceps,25.0,kgs,8,,,,""
2023-09-03,Sztana łamana stojac,Biceps,25.0,kgs,8,,,,""
2023-09-03,Sztana łamana stojac,Biceps,25.0,kgs,8,,,,""
2023-09-03,Wznosy hantli bokiem,Shoulders,8.0,kgs,10,,,,""
2023-09-03,Wznosy hantli bokiem,Shoulders,8.0,kgs,10,,,,""
2023-09-03,Wznosy hantli bokiem,Shoulders,8.0,kgs,8,,,,""
2023-09-03,Hammer curl,Biceps,14.0,kgs,10,,,,""
2023-09-03,Hammer curl,Biceps,14.0,kgs,10,,,,""
2023-09-03,Hammer curl,Biceps,14.0,kgs,10,,,,""
2023-09-03,Allahy,Abs,36.0,kgs,12,,,,""
2023-09-03,Allahy,Abs,36.0,kgs,12,,,,""
2023-09-05,Wyciskanie na płaskiej,Chest,20.0,kgs,10,,,,""
2023-09-05,Wyciskanie na płaskiej,Chest,50.0,kgs,8,,,,""
2023-09-05,Wyciskanie na płaskiej,Chest,90.0,kgs,5,,,,""
2023-09-05,Wyciskanie na płaskiej,Chest,90.0,kgs,3,,,,""
2023-09-05,Wyciskanie na płaskiej,Chest,80.0,kgs,4,,,,""
2023-09-05,Wyciskanie na barki hantlami siedząc,Shoulders,18.0,kgs,8,,,,""
2023-09-05,Wyciskanie na barki hantlami siedząc,Shoulders,26.0,kgs,6,,,,""
2023-09-05,Wyciskanie na barki hantlami siedząc,Shoulders,26.0,kgs,8,,,,""
2023-09-05,Wyciskanie na barki hantlami siedząc,Shoulders,26.0,kgs,4,,,,""
2023-09-05,Dipy,Chest,0.0,kgs,12,,,,""
2023-09-05,Dipy,Chest,0.0,kgs,8,,,,""
2023-09-05,Dipy,Chest,0.0,kgs,8,,,,""
2023-09-05,Dipy,Chest,0.0,kgs,8,,,,""
2023-09-05,Fly Pec,Chest,79.0,kgs,8,,,,""
2023-09-05,Fly Pec,Chest,79.0,kgs,8,,,,""
2023-09-05,Fly Pec,Chest,79.0,kgs,8,,,,""
2023-09-05,Fly Pec,Chest,79.0,kgs,8,,,,""
2023-09-05,Fly Pec,Chest,79.0,kgs,8,,,,""
2023-09-05,Rope pulldown,Triceps,18.0,kgs,12,,,,""
2023-09-05,Rope pulldown,Triceps,18.0,kgs,12,,,,""
2023-09-05,Rope pulldown,Triceps,18.0,kgs,12,,,,""
2023-09-06,RDL,Back,68.0,kgs,8,,,,""
2023-09-06,RDL,Back,68.0,kgs,8,,,,""
2023-09-06,RDL,Back,68.0,kgs,8,,,,""
2023-09-06,RDL,Back,68.0,kgs,8,,,,""
2023-09-06,RDL,Back,68.0,kgs,8,,,,""
2023-09-06,Hantle na ławce skośnej,Biceps,18.0,kgs,8,,,,""
2023-09-06,Hantle na ławce skośnej,Biceps,30.0,kgs,8,,,,""
2023-09-06,Hantle na ławce skośnej,Biceps,30.0,kgs,8,,,,""
2023-09-06,Hantle na ławce skośnej,Biceps,30.0,kgs,8,,,,""
2023-09-06,Hantle na ławce skośnej,Biceps,30.0,kgs,8,,,,""
2023-09-06,Hantle na ławce skośnej,Biceps,30.0,kgs,8,,,,""
2023-09-06,Leg press (one leg),Legs,65.0,kgs,8,,,,""
2023-09-06,Leg press (one leg),Legs,65.0,kgs,8,,,,""
2023-09-06,Leg press (one leg),Legs,65.0,kgs,8,,,,""
2023-09-06,Leg press (one leg),Legs,65.0,kgs,8,,,,""
2023-09-06,Leg press (one leg),Legs,65.0,kgs,8,,,,""
2023-09-06,łydki konik,Legs,75.0,kgs,8,,,,""
2023-09-06,łydki konik,Legs,75.0,kgs,8,,,,""
2023-09-06,łydki konik,Legs,75.0,kgs,8,,,,""
2023-09-06,Rear delt,Shoulders,59.0,kgs,12,,,,""
2023-09-06,Rear delt,Shoulders,59.0,kgs,10,,,,""
2023-09-06,Rear delt,Shoulders,59.0,kgs,12,,,,""
2023-09-06,Rear delt,Shoulders,59.0,kgs,12,,,,""
2023-09-06,Rope pulldown,Triceps,23.0,kgs,10,,,,""
2023-09-06,Rope pulldown,Triceps,23.0,kgs,10,,,,""
2023-09-06,Rope pulldown,Triceps,23.0,kgs,6,,,,""
2023-09-06,Modlitewnik maszyna,Biceps,45.0,kgs,8,,,,""
2023-09-06,Modlitewnik maszyna,Biceps,54.0,kgs,10,,,,""
2023-09-06,Modlitewnik maszyna,Biceps,54.0,kgs,8,,,,""
2023-09-14,Hantle na ławce skośnej,Biceps,22.0,kgs,12,,,,""
2023-09-14,Hantle na ławce skośnej,Biceps,34.0,kgs,5,,,,""
2023-09-14,Hantle na ławce skośnej,Biceps,34.0,kgs,6,,,,""
2023-09-14,Hantle na ławce skośnej,Biceps,34.0,kgs,7,,,,""
2023-09-14,Hantle na ławce skośnej,Biceps,34.0,kgs,5,,,,""
2023-09-14,Hantle na ławce skośnej,Biceps,34.0,kgs,5,,,,""
2023-09-14,Wyciskanie na barki hantlami siedząc,Shoulders,24.0,kgs,8,,,,""
2023-09-14,Wyciskanie na barki hantlami siedząc,Shoulders,24.0,kgs,8,,,,""
2023-09-14,Wyciskanie na barki hantlami siedząc,Shoulders,24.0,kgs,7,,,,""
2023-09-14,Wyciskanie na barki hantlami siedząc,Shoulders,24.0,kgs,8,,,,""
2023-09-14,Wyciskanie na barki hantlami siedząc,Shoulders,24.0,kgs,5,,,,""
2023-09-14,Dips - Weighted,Chest,10.0,kgs,8,,,,""
2023-09-14,Dips - Weighted,Chest,10.0,kgs,8,,,,""
2023-09-14,Dips - Weighted,Chest,10.0,kgs,8,,,,""
2023-09-14,Dips - Weighted,Chest,10.0,kgs,8,,,,""
2023-09-14,Dips - Weighted,Chest,10.0,kgs,8,,,,""
2023-09-14,Wznosy hantli bokiem,Shoulders,8.0,kgs,10,,,,""
2023-09-14,Wznosy hantli bokiem,Shoulders,8.0,kgs,10,,,,""
2023-09-14,Wznosy hantli bokiem,Shoulders,8.0,kgs,10,,,,""
2023-09-16,PullUp - Weighted,Back,15.0,kgs,8,,,,""
2023-09-16,PullUp - Weighted,Back,15.0,kgs,8,,,,""
2023-09-16,PullUp - Weighted,Back,15.0,kgs,6,,,,""
2023-09-16,PullUp - Weighted,Back,15.0,kgs,5,,,,""
2023-09-16,PullUp - Weighted,Back,15.0,kgs,5,,,,""
2023-09-16,Przysiad ze sztangą,Back,35.0,kgs,10,,,,""
2023-09-16,Przysiad ze sztangą,Back,65.0,kgs,8,,,,""
2023-09-16,Przysiad ze sztangą,Back,85.0,kgs,6,,,,""
2023-09-16,Przysiad ze sztangą,Back,85.0,kgs,6,,,,""
2023-09-16,Przysiad ze sztangą,Back,85.0,kgs,6,,,,""
2023-09-16,Przysiad ze sztangą,Back,85.0,kgs,5,,,,""
2023-09-16,Poziome wiosłownie siedząc,Back,59.0,kgs,8,,,,""
2023-09-16,Poziome wiosłownie siedząc,Back,66.0,kgs,8,,,,""
2023-09-16,Poziome wiosłownie siedząc,Back,73.0,kgs,8,,,,""
2023-09-16,Diverging seated row,Back,59.0,kgs,8,,,,""
2023-09-16,Diverging seated row,Back,59.0,kgs,8,,,,""
2023-09-16,Diverging seated row,Back,59.0,kgs,8,,,,""
2023-09-16,Modlitewnik sztanga,Biceps,22.5,kgs,8,,,,""
2023-09-18,RDL,Back,68.0,kgs,8,,,,""
2023-09-18,RDL,Back,68.0,kgs,8,,,,""
2023-09-18,RDL,Back,68.0,kgs,8,,,,""
2023-09-18,RDL,Back,68.0,kgs,8,,,,""
2023-09-18,RDL,Back,68.0,kgs,5,,,,""
2023-09-18,Hantle na ławce skośnej,Biceps,24.0,kgs,8,,,,""
2023-09-18,Hantle na ławce skośnej,Biceps,34.0,kgs,5,,,,""
2023-09-18,Hantle na ławce skośnej,Biceps,34.0,kgs,5,,,,""
2023-09-18,Hantle na ławce skośnej,Biceps,34.0,kgs,5,,,,""
2023-09-18,Hantle na ławce skośnej,Biceps,34.0,kgs,5,,,,""
2023-09-18,Hantle na ławce skośnej,Biceps,34.0,kgs,5,,,,""
2023-09-18,Lat Pull,Back,59.0,kgs,10,,,,""
2023-09-18,Lat Pull,Back,66.0,kgs,8,,,,""
2023-09-18,Lat Pull,Back,66.0,kgs,8,,,,""
2023-09-18,Calf raises na maszynie,Legs,149.0,kgs,12,,,,""
2023-09-18,Calf raises na maszynie,Legs,149.0,kgs,12,,,,""
2023-09-18,Calf raises na maszynie,Legs,149.0,kgs,12,,,,""
2023-09-18,Leg press (one leg),Legs,40.0,kgs,10,,,,""
2023-09-18,Leg press (one leg),Legs,40.0,kgs,10,,,,""
2023-09-18,Leg press (one leg),Legs,40.0,kgs,10,,,,""
2023-09-21,Hantle na ławce płaskiej,Chest,16.0,kgs,10,,,,""
2023-09-21,Hantle na ławce płaskiej,Chest,32.0,kgs,8,,,,""
2023-09-21,Hantle na ławce płaskiej,Chest,32.0,kgs,6,,,,""
2023-09-21,Hantle na ławce płaskiej,Chest,32.0,kgs,8,,,,""
2023-09-21,Hantle na ławce płaskiej,Chest,32.0,kgs,8,,,,""
2023-09-21,Hantle na ławce płaskiej,Chest,32.0,kgs,8,,,,""
2023-09-21,Wyciskanie na barki hantlami siedząc,Shoulders,26.0,kgs,8,,,,""
2023-09-21,Wyciskanie na barki hantlami siedząc,Shoulders,26.0,kgs,8,,,,""
2023-09-21,Wyciskanie na barki hantlami siedząc,Shoulders,26.0,kgs,8,,,,""
2023-09-21,Wyciskanie na barki hantlami siedząc,Shoulders,26.0,kgs,6,,,,""
2023-09-21,Wyciskanie na barki hantlami siedząc,Shoulders,26.0,kgs,8,,,,""
2023-09-21,Fly Pec,Chest,79.0,kgs,8,,,,""
2023-09-21,Fly Pec,Chest,79.0,kgs,10,,,,""
2023-09-21,Fly Pec,Chest,79.0,kgs,8,,,,""
2023-09-21,Sztanga wąski chwyt,Triceps,45.0,kgs,8,,,,""
2023-09-21,Sztanga wąski chwyt,Triceps,45.0,kgs,6,,,,""
2023-09-21,Sztanga wąski chwyt,Triceps,45.0,kgs,6,,,,""
2023-09-21,Rope pulldown,Triceps,25.0,kgs,8,,,,""
2023-09-21,Rope pulldown,Triceps,25.0,kgs,8,,,,""
2023-09-21,Rope pulldown,Triceps,25.0,kgs,8,,,,""
2023-09-21,Wznosy hantli bokiem,Shoulders,9.0,kgs,12,,,,""
2023-09-21,Wznosy hantli bokiem,Shoulders,9.0,kgs,10,,,,""
2023-09-23,PullUp - Weighted,Back,25.0,kgs,6,,,,""
2023-09-23,PullUp - Weighted,Back,25.0,kgs,6,,,,""
2023-09-23,PullUp - Weighted,Back,25.0,kgs,5,,,,""
2023-09-23,PullUp - Weighted,Back,25.0,kgs,4,,,,""
2023-09-23,PullUp - Weighted,Back,15.0,kgs,8,,,,""
2023-09-23,Leg extension,Legs,79.0,kgs,10,,,,""
2023-09-23,Leg extension,Legs,79.0,kgs,10,,,,""
2023-09-23,Leg extension,Legs,79.0,kgs,12,,,,""
2023-09-23,Leg extension,Legs,79.0,kgs,12,,,,""
2023-09-23,Leg curl,Legs,44.0,kgs,8,,,,""
2023-09-23,Leg curl,Legs,44.0,kgs,8,,,,""
2023-09-23,Leg curl,Legs,44.0,kgs,8,,,,""
2023-09-25,RDL,Back,72.0,kgs,8,,,,""
2023-09-25,RDL,Back,72.0,kgs,8,,,,""
2023-09-25,RDL,Back,72.0,kgs,8,,,,""
2023-09-25,RDL,Back,72.0,kgs,8,,,,""
2023-09-25,RDL,Back,72.0,kgs,6,,,,""
2023-09-25,Hantle na ławce skośnej,Biceps,24.0,kgs,8,,,,""
2023-09-25,Hantle na ławce skośnej,Biceps,34.0,kgs,5,,,,""
2023-09-25,Hantle na ławce skośnej,Biceps,34.0,kgs,6,,,,""
2023-09-25,Hantle na ławce skośnej,Biceps,36.0,kgs,5,,,,""
2023-09-25,Hantle na ławce skośnej,Biceps,34.0,kgs,4,,,,""
2023-09-25,Tył nóg na maszynie,Legs,54.0,kgs,12,,,,""
2023-09-25,Tył nóg na maszynie,Legs,54.0,kgs,12,,,,""
2023-09-25,Tył nóg na maszynie,Legs,54.0,kgs,12,,,,""
2023-09-25,Leg extension,Legs,79.0,kgs,10,,,,""
2023-09-25,Leg extension,Legs,79.0,kgs,12,,,,""
2023-09-25,Leg extension,Legs,79.0,kgs,12,,,,""
2023-09-25,Facepull,Shoulders,41.0,kgs,8,,,,""
2023-09-25,Facepull,Shoulders,41.0,kgs,8,,,,""
2023-09-25,Facepull,Shoulders,41.0,kgs,8,,,,""
2023-09-25,Modlitewnik sztanga,Biceps,25.0,kgs,8,,,,""
2023-09-25,Modlitewnik sztanga,Biceps,25.0,kgs,8,,,,""
2023-09-25,Modlitewnik sztanga,Biceps,25.0,kgs,7,,,,""
2023-09-27,Hantle na ławce płaskiej,Chest,22.0,kgs,8,,,,""
2023-09-27,Hantle na ławce płaskiej,Chest,36.0,kgs,5,,,,""
2023-09-27,Hantle na ławce płaskiej,Chest,36.0,kgs,7,,,,""
2023-09-27,Hantle na ławce płaskiej,Chest,36.0,kgs,7,,,,""
2023-09-27,Hantle na ławce płaskiej,Chest,36.0,kgs,5,,,,""
2023-09-27,Hantle na ławce płaskiej,Chest,36.0,kgs,5,,,,""
2023-09-27,Wyciskanie na barki hantlami siedząc,Shoulders,26.0,kgs,9,,,,""
2023-09-27,Wyciskanie na barki hantlami siedząc,Shoulders,26.0,kgs,7,,,,""
2023-09-27,Wyciskanie na barki hantlami siedząc,Shoulders,26.0,kgs,8,,,,""
2023-09-27,Wyciskanie na barki hantlami siedząc,Shoulders,26.0,kgs,5,,,,""
2023-09-27,Wyciskanie na barki hantlami siedząc,Shoulders,26.0,kgs,5,,,,""
2023-09-27,Dół klaty na bramie,Chest,14.0,kgs,8,,,,""
2023-09-27,Dół klaty na bramie,Chest,14.0,kgs,8,,,,""
2023-09-27,Dół klaty na bramie,Chest,14.0,kgs,8,,,,""
2023-09-27,Wznosy hantli bokiem,Shoulders,9.0,kgs,10,,,,""
2023-09-27,Wznosy hantli bokiem,Shoulders,9.0,kgs,10,,,,""
2023-09-27,Wznosy hantli bokiem,Shoulders,9.0,kgs,10,,,,""
2023-09-27,Sztanga wąski chwyt,Triceps,25.0,kgs,8,,,,""
2023-09-27,Fly Pec,Chest,86.0,kgs,10,,,,""
2023-09-27,Fly Pec,Chest,86.0,kgs,8,,,,""
2023-09-29,PullUp - Weighted,Back,25.0,kgs,6,,,,""
2023-09-29,PullUp - Weighted,Back,25.0,kgs,6,,,,""
2023-09-29,PullUp - Weighted,Back,25.0,kgs,5,,,,""
2023-09-29,PullUp - Weighted,Back,25.0,kgs,3,,,,""
2023-09-29,Leg extension,Legs,66.0,kgs,8,,,,""
2023-09-29,Leg extension,Legs,86.0,kgs,10,,,,""
2023-09-29,Leg extension,Legs,86.0,kgs,12,,,,""
2023-09-29,Leg extension,Legs,86.0,kgs,12,,,,""
2023-09-29,Leg extension,Legs,86.0,kgs,12,,,,""
2023-09-29,Poziome wiosłownie siedząc,Back,66.0,kgs,8,,,,""
2023-09-29,Poziome wiosłownie siedząc,Back,66.0,kgs,8,,,,""
2023-09-29,Poziome wiosłownie siedząc,Back,66.0,kgs,8,,,,""
2023-09-29,Diverging seated row,Back,66.0,kgs,5,,,,""
2023-09-29,Diverging seated row,Back,66.0,kgs,6,,,,""
2023-09-29,Diverging seated row,Back,66.0,kgs,6,,,,""
2023-09-29,Long head ławka,Biceps,14.0,kgs,8,,,,""
2023-09-29,Long head ławka,Biceps,14.0,kgs,12,,,,""
2023-09-29,Long head ławka,Biceps,14.0,kgs,8,,,,""
2023-09-29,Long head ławka,Biceps,14.0,kgs,8,,,,""
2023-09-29,Hammer curl,Biceps,12.0,kgs,10,,,,""
2023-09-29,Hammer curl,Biceps,14.0,kgs,9,,,,""
2023-09-29,Hammer curl,Biceps,14.0,kgs,9,,,,""
2023-09-29,Hammer curl,Biceps,14.0,kgs,8,,,,""
2023-10-01,RDL,Back,72.0,kgs,8,,,,""
2023-10-01,RDL,Back,72.0,kgs,8,,,,""
2023-10-01,RDL,Back,72.0,kgs,8,,,,""
2023-10-01,RDL,Back,72.0,kgs,8,,,,""
2023-10-01,Hantle na ławce skośnej,Biceps,24.0,kgs,8,,,,""
2023-10-01,Hantle na ławce skośnej,Biceps,30.0,kgs,8,,,,""
2023-10-01,Hantle na ławce skośnej,Biceps,34.0,kgs,7,,,,""
2023-10-01,Hantle na ławce skośnej,Biceps,34.0,kgs,6,,,,""
2023-10-01,Hantle na ławce skośnej,Biceps,34.0,kgs,8,,,,""
2023-10-01,Facepull,Shoulders,41.0,kgs,8,,,,""
2023-10-01,Facepull,Shoulders,41.0,kgs,8,,,,""
2023-10-01,Facepull,Shoulders,41.0,kgs,8,,,,""
2023-10-01,Leg press (one leg),Legs,65.0,kgs,8,,,,""
2023-10-01,Calf raises na maszynie,Legs,149.0,kgs,12,,,,""
2023-10-01,Calf raises na maszynie,Legs,149.0,kgs,12,,,,""
2023-10-01,Calf raises na maszynie,Legs,149.0,kgs,12,,,,""
2023-10-01,Leg press (one leg),Legs,65.0,kgs,8,,,,""
2023-10-01,Leg press (one leg),Legs,65.0,kgs,8,,,,""
2023-10-03,Wyciskanie na płaskiej,Chest,25.0,kgs,8,,,,""
2023-10-03,Wyciskanie na płaskiej,Chest,80.0,kgs,8,,,,""
2023-10-03,Wyciskanie na płaskiej,Chest,85.0,kgs,6,,,,""
2023-10-03,Wyciskanie na płaskiej,Chest,90.0,kgs,5,,,,""
2023-10-03,Wyciskanie na płaskiej,Chest,90.0,kgs,4,,,,""
2023-10-03,Wyciskanie na płaskiej,Chest,90.0,kgs,3,,,,""
2023-10-03,Wyciskanie na barki hantlami siedząc,Shoulders,26.0,kgs,7,,,,""
2023-10-03,Wyciskanie na barki hantlami siedząc,Shoulders,26.0,kgs,8,,,,""
2023-10-03,Wyciskanie na barki hantlami siedząc,Shoulders,26.0,kgs,8,,,,""
2023-10-03,Wyciskanie na barki hantlami siedząc,Shoulders,26.0,kgs,6,,,,""
2023-10-03,Wyciskanie na barki hantlami siedząc,Shoulders,26.0,kgs,7,,,,""
2023-10-03,Fly Pec,Chest,86.0,kgs,8,,,,""
2023-10-03,Fly Pec,Chest,86.0,kgs,8,,,,""
2023-10-03,Fly Pec,Chest,86.0,kgs,8,,,,""
2023-10-03,Dół klaty na bramie,Chest,18.0,kgs,8,,,,""
2023-10-03,Dół klaty na bramie,Chest,18.0,kgs,7,,,,""
2023-10-03,Dół klaty na bramie,Chest,18.0,kgs,8,,,,""
2023-10-03,Dół klaty na bramie,Chest,18.0,kgs,8,,,,""
2023-10-03,Rope pulldown,Triceps,23.0,kgs,8,,,,""
2023-10-03,Rope pulldown,Triceps,23.0,kgs,8,,,,""
2023-10-03,Rope pulldown,Triceps,23.0,kgs,8,,,,""
2023-10-04,PullUp,Back,,,10,,,,""
2023-10-04,PullUp,Back,,,10,,,,""
2023-10-04,PullUp,Back,,,10,,,,""
2023-10-04,PullUp,Back,,,10,,,,""
2023-10-04,PullUp,Back,,,10,,,,""
2023-10-04,Poziome wiosłownie siedząc,Back,66.0,kgs,8,,,,""
2023-10-04,Poziome wiosłownie siedząc,Back,66.0,kgs,8,,,,""
2023-10-04,Poziome wiosłownie siedząc,Back,66.0,kgs,8,,,,""
2023-10-04,Wznosy hantli bokiem,Shoulders,9.0,kgs,12,,,,""
2023-10-04,Wznosy hantli bokiem,Shoulders,9.0,kgs,12,,,,""
2023-10-04,Wznosy hantli bokiem,Shoulders,9.0,kgs,12,,,,""
2023-10-04,Diverging seated row,Back,66.0,kgs,8,,,,""
2023-10-04,Diverging seated row,Back,66.0,kgs,8,,,,""
2023-10-04,Diverging seated row,Back,66.0,kgs,8,,,,""
2023-10-04,Long head ławka,Biceps,14.0,kgs,7,,,,""
2023-10-04,Long head ławka,Biceps,14.0,kgs,8,,,,""
2023-10-04,Long head ławka,Biceps,14.0,kgs,12,,,,""
2023-10-04,Long head ławka,Biceps,14.0,kgs,10,,,,""
2023-10-04,Hammer curl,Biceps,12.0,kgs,12,,,,""
2023-10-04,Hammer curl,Biceps,12.0,kgs,12,,,,""
2023-10-04,Hammer curl,Biceps,12.0,kgs,12,,,,""
2023-10-04,Allahy,Abs,41.0,kgs,12,,,,""
2023-10-04,Allahy,Abs,41.0,kgs,12,,,,""
2023-10-07,RDL,Back,72.0,kgs,8,,,,""
2023-10-07,RDL,Back,72.0,kgs,8,,,,""
2023-10-07,RDL,Back,72.0,kgs,8,,,,""
2023-10-07,RDL,Back,72.0,kgs,8,,,,""
2023-10-07,Hantle na ławce skośnej,Biceps,18.0,kgs,8,,,,""
2023-10-07,Hantle na ławce skośnej,Biceps,36.0,kgs,6,,,,""
2023-10-07,Hantle na ławce skośnej,Biceps,36.0,kgs,5,,,,""
2023-10-07,Hantle na ławce skośnej,Biceps,36.0,kgs,6,,,,""
2023-10-07,Hantle na ławce skośnej,Biceps,36.0,kgs,5,,,,""
2023-10-07,Hantle na ławce skośnej,Biceps,36.0,kgs,4,,,,""
2023-10-07,Leg extension,Legs,86.0,kgs,10,,,,""
2023-10-07,Leg extension,Legs,93.0,kgs,10,,,,""
2023-10-07,Leg extension,Legs,93.0,kgs,10,,,,""
2023-10-07,Modlitewnik sztanga,Biceps,25.0,kgs,8,,,,""
2023-10-07,Modlitewnik sztanga,Biceps,25.0,kgs,8,,,,""
2023-10-07,Modlitewnik sztanga,Biceps,25.0,kgs,8,,,,""
2023-10-09,Hantle na ławce płaskiej,Chest,20.0,kgs,8,,,,""
2023-10-09,Hantle na ławce płaskiej,Chest,36.0,kgs,8,,,,""
2023-10-09,Hantle na ławce płaskiej,Chest,40.0,kgs,3,,,,""
2023-10-09,Hantle na ławce płaskiej,Chest,38.0,kgs,5,,,,""
2023-10-09,Hantle na ławce płaskiej,Chest,38.0,kgs,5,,,,""
2023-10-09,Hantle na ławce płaskiej,Chest,38.0,kgs,5,,,,""
2023-10-09,Wyciskanie na barki hantlami siedząc,Shoulders,24.0,kgs,9,,,,""
2023-10-09,Wyciskanie na barki hantlami siedząc,Shoulders,26.0,kgs,7,,,,""
2023-10-09,Wyciskanie na barki hantlami siedząc,Shoulders,26.0,kgs,5,,,,""
2023-10-09,Wyciskanie na barki hantlami siedząc,Shoulders,26.0,kgs,5,,,,""
2023-10-09,Wyciskanie na barki hantlami siedząc,Shoulders,26.0,kgs,5,,,,""
2023-10-09,Dipy,Chest,0.0,kgs,12,,,,""
2023-10-09,Dipy,Chest,0.0,kgs,12,,,,""
2023-10-09,Dipy,Chest,0.0,kgs,8,,,,""
2023-10-09,Dipy,Chest,0.0,kgs,8,,,,""
2023-10-09,Dipy,Chest,0.0,kgs,8,,,,""
2023-10-09,Fly Pec,Chest,93.0,kgs,8,,,,""
2023-10-09,Fly Pec,Chest,93.0,kgs,8,,,,""
2023-10-09,Rope pulldown,Triceps,23.0,kgs,8,,,,""
2023-10-12,PullUp - Weighted,Back,25.0,kgs,6,,,,""
2023-10-12,PullUp - Weighted,Back,25.0,kgs,5,,,,""
2023-10-12,PullUp - Weighted,Back,25.0,kgs,5,,,,""
2023-10-12,PullUp - Weighted,Back,25.0,kgs,5,,,,""
2023-10-12,PullUp - Weighted,Back,15.0,kgs,8,,,,""
2023-10-12,Przysiad ze sztangą,Back,20.0,kgs,8,,,,""
2023-10-12,Przysiad ze sztangą,Back,40.0,kgs,8,,,,""
2023-10-12,Przysiad ze sztangą,Back,80.0,kgs,8,,,,""
2023-10-12,Przysiad ze sztangą,Back,80.0,kgs,8,,,,""
2023-10-12,Przysiad ze sztangą,Back,80.0,kgs,8,,,,""
2023-10-12,Poziome wiosłownie siedząc,Back,66.0,kgs,8,,,,""
2023-10-12,Poziome wiosłownie siedząc,Back,66.0,kgs,8,,,,""
2023-10-12,Poziome wiosłownie siedząc,Back,66.0,kgs,8,,,,""
2023-10-12,Modlitewnik sztanga,Biceps,30.0,kgs,6,,,,""
2023-10-12,Modlitewnik sztanga,Biceps,30.0,kgs,6,,,,""
2023-10-12,Modlitewnik sztanga,Biceps,30.0,kgs,6,,,,""
2023-10-12,Diverging seated row,Back,45.0,kgs,8,,,,""
2023-10-12,Diverging seated row,Back,45.0,kgs,8,,,,""
2023-10-12,Diverging seated row,Back,45.0,kgs,8,,,,""
2023-10-12,Hammer curl,Biceps,12.0,kgs,11,,,,""
2023-10-14,RDL,Back,72.0,kgs,10,,,,""
2023-10-14,RDL,Back,72.0,kgs,10,,,,""
2023-10-14,RDL,Back,72.0,kgs,7,,,,""
2023-10-14,RDL,Back,72.0,kgs,8,,,,""
2023-10-14,RDL,Back,72.0,kgs,8,,,,""
2023-10-14,Hantle na ławce skośnej,Biceps,20.0,kgs,8,,,,""
2023-10-14,Hantle na ławce skośnej,Biceps,36.0,kgs,6,,,,""
2023-10-14,Hantle na ławce skośnej,Biceps,36.0,kgs,7,,,,""
2023-10-14,Hantle na ławce skośnej,Biceps,36.0,kgs,5,,,,""
2023-10-14,Hantle na ławce skośnej,Biceps,36.0,kgs,6,,,,""
2023-10-14,Hantle na ławce skośnej,Biceps,36.0,kgs,6,,,,""
2023-10-14,Leg press (one leg),Legs,45.0,kgs,8,,,,""
2023-10-14,Leg press (one leg),Legs,60.0,kgs,10,,,,""
2023-10-14,Leg press (one leg),Legs,60.0,kgs,10,,,,""
2023-10-14,Rear delt,Shoulders,73.0,kgs,8,,,,""
2023-10-14,Rear delt,Shoulders,73.0,kgs,8,,,,""
2023-10-14,Rear delt,Shoulders,73.0,kgs,8,,,,""
2023-10-14,Biceps sztanga stojąc,Biceps,30.0,kgs,8,,,,""
2023-10-14,Biceps sztanga stojąc,Biceps,30.0,kgs,8,,,,""
2023-10-14,Biceps sztanga stojąc,Biceps,30.0,kgs,8,,,,""
2023-10-14,Rope pulldown,Triceps,23.0,kgs,8,,,,""
2023-10-14,Rope pulldown,Triceps,23.0,kgs,8,,,,""
2023-10-14,Rope pulldown,Triceps,23.0,kgs,8,,,,""
2023-10-16,Wyciskanie na płaskiej,Chest,20.0,kgs,12,,,,""
2023-10-16,Wyciskanie na płaskiej,Chest,70.0,kgs,8,,,,""
2023-10-16,Wyciskanie na płaskiej,Chest,85.0,kgs,8,,,,""
2023-10-16,Wyciskanie na płaskiej,Chest,85.0,kgs,6,,,,""
2023-10-16,Wyciskanie na płaskiej,Chest,85.0,kgs,6,,,,""
2023-10-16,Wyciskanie na barki hantlami siedząc,Shoulders,26.0,kgs,7,,,,""
2023-10-16,Wyciskanie na barki hantlami siedząc,Shoulders,26.0,kgs,8,,,,""
2023-10-16,Wyciskanie na barki hantlami siedząc,Shoulders,26.0,kgs,6,,,,""
2023-10-16,Wyciskanie na barki hantlami siedząc,Shoulders,26.0,kgs,6,,,,""
2023-10-16,Fly Pec,Chest,86.0,kgs,8,,,,""
2023-10-16,Fly Pec,Chest,86.0,kgs,8,,,,""
2023-10-16,Fly Pec,Chest,86.0,kgs,8,,,,""
2023-10-16,Dipy,Chest,0.0,kgs,8,,,,""
2023-10-16,Dipy,Chest,0.0,kgs,8,,,,""
2023-10-16,Dipy,Chest,0.0,kgs,8,,,,""
2023-10-16,Rope pulldown,Triceps,18.0,kgs,15,,,,""
2023-10-16,Rope pulldown,Triceps,18.0,kgs,15,,,,""
2023-10-16,Rope pulldown,Triceps,18.0,kgs,10,,,,""
2023-10-16,Allahy,Abs,41.0,kgs,12,,,,""
2023-10-24,RDL,Back,72.0,kgs,8,,,,""
2023-10-24,RDL,Back,72.0,kgs,8,,,,""
2023-10-24,RDL,Back,72.0,kgs,8,,,,""
2023-10-24,Hantle na ławce skośnej,Biceps,24.0,kgs,8,,,,""
2023-10-24,Hantle na ławce skośnej,Biceps,32.0,kgs,8,,,,""
2023-10-24,Hantle na ławce skośnej,Biceps,32.0,kgs,6,,,,""
2023-10-24,Hantle na ławce skośnej,Biceps,32.0,kgs,6,,,,""
2023-10-24,Calf raises na maszynie,Legs,149.0,kgs,8,,,,""
2023-10-24,Calf raises na maszynie,Legs,149.0,kgs,8,,,,""
2023-10-24,Calf raises na maszynie,Legs,149.0,kgs,8,,,,""
2023-10-24,Rope pulldown,Triceps,23.0,kgs,8,,,,""
2023-10-24,Rope pulldown,Triceps,23.0,kgs,8,,,,""
2023-10-24,Rope pulldown,Triceps,23.0,kgs,8,,,,""
2023-10-24,Long head ławka,Biceps,14.0,kgs,7,,,,""
2023-10-24,Long head ławka,Biceps,14.0,kgs,7,,,,""
2023-10-24,Long head ławka,Biceps,14.0,kgs,7,,,,""
2023-10-24,Rear delt,Shoulders,66.0,kgs,8,,,,""
2023-10-24,Rear delt,Shoulders,66.0,kgs,8,,,,""
2023-10-24,Rear delt,Shoulders,66.0,kgs,8,,,,""
2023-10-26,Hantle na ławce płaskiej,Chest,22.0,kgs,8,,,,""
2023-10-26,Hantle na ławce płaskiej,Chest,36.0,kgs,8,,,,""
2023-10-26,Hantle na ławce płaskiej,Chest,36.0,kgs,7,,,,""
2023-10-26,Hantle na ławce płaskiej,Chest,36.0,kgs,6,,,,""
2023-10-26,Hantle na ławce płaskiej,Chest,36.0,kgs,8,,,,""
2023-10-26,Hantle na ławce płaskiej,Chest,36.0,kgs,7,,,,""
2023-10-26,Wyciskanie na barki hantlami siedząc,Shoulders,26.0,kgs,8,,,,""
2023-10-26,Wznosy hantli bokiem,Shoulders,9.0,kgs,8,,,,""
2023-10-29,PullUp - Weighted,Back,20.0,kgs,5,,,,""
2023-10-29,PullUp - Weighted,Back,20.0,kgs,5,,,,""
2023-10-29,PullUp - Weighted,Back,20.0,kgs,5,,,,""
2023-10-29,PullUp - Weighted,Back,20.0,kgs,5,,,,""
2023-10-29,Leg curl,Legs,45.0,kgs,8,,,,""
2023-10-29,Leg extension,Legs,86.0,kgs,10,,,,""
2023-10-29,Leg extension,Legs,86.0,kgs,10,,,,""
2023-10-29,Leg curl,Legs,52.0,kgs,8,,,,""
2023-10-29,Leg curl,Legs,52.0,kgs,8,,,,""
2023-10-29,Leg extension,Legs,86.0,kgs,10,,,,""
2023-10-29,Diverging seated row,Back,59.0,kgs,8,,,,""
2023-10-29,Diverging seated row,Back,59.0,kgs,8,,,,""
2023-10-29,Diverging seated row,Back,59.0,kgs,8,,,,""
2023-10-29,Poziome wiosłownie siedząc,Back,66.0,kgs,8,,,,""
2023-10-29,Poziome wiosłownie siedząc,Back,66.0,kgs,8,,,,""
2023-10-29,Poziome wiosłownie siedząc,Back,66.0,kgs,8,,,,""
2023-10-29,Modlitewnik sztanga,Biceps,30.0,kgs,8,,,,""
2023-10-29,Modlitewnik sztanga,Biceps,30.0,kgs,8,,,,""
2023-10-30,Leg press (one leg),Legs,65.0,kgs,8,,,,""
2023-10-30,Leg press (one leg),Legs,65.0,kgs,8,,,,""
2023-10-30,Leg press (one leg),Legs,65.0,kgs,8,,,,""
2023-10-30,RDL,Back,72.0,kgs,8,,,,""
2023-10-30,RDL,Back,72.0,kgs,8,,,,""
2023-10-30,RDL,Back,72.0,kgs,8,,,,""
2023-10-30,RDL,Back,72.0,kgs,8,,,,""
2023-10-30,RDL,Back,72.0,kgs,8,,,,""
2023-10-30,Wyciskanie sztanga dodatnia,Chest,20.0,kgs,8,,,,""
2023-10-30,Wyciskanie sztanga dodatnia,Chest,60.0,kgs,8,,,,""
2023-10-30,Wyciskanie sztanga dodatnia,Chest,80.0,kgs,7,,,,""
2023-10-30,Wyciskanie sztanga dodatnia,Chest,80.0,kgs,7,,,,""
2023-10-30,Wyciskanie sztanga dodatnia,Chest,80.0,kgs,5,,,,""
2023-10-30,Wyciskanie sztanga dodatnia,Chest,80.0,kgs,4,,,,""
2023-10-30,Triceps extension,Triceps,59.0,kgs,12,,,,""
2023-10-30,Triceps extension,Triceps,59.0,kgs,12,,,,""
2023-10-30,Triceps extension,Triceps,59.0,kgs,12,,,,""
2023-10-30,Modlitewnik maszyna,Biceps,45.0,kgs,8,,,,""
2023-10-30,Modlitewnik maszyna,Biceps,45.0,kgs,8,,,,""
2023-10-30,Modlitewnik maszyna,Biceps,45.0,kgs,8,,,,""
2023-10-30,Kółko do jezdzenia,Abs,,,8,,,,""
2023-10-30,Kółko do jezdzenia,Abs,,,8,,,,""
2023-10-30,Kółko do jezdzenia,Abs,,,8,,,,""
2023-11-02,Hantle na ławce płaskiej,Chest,20.0,kgs,8,,,,""
2023-11-02,Hantle na ławce płaskiej,Chest,34.0,kgs,8,,,,""
2023-11-02,Hantle na ławce płaskiej,Chest,40.0,kgs,5,,,,""
2023-11-02,Hantle na ławce płaskiej,Chest,40.0,kgs,5,,,,""
2023-11-02,Hantle na ławce płaskiej,Chest,40.0,kgs,5,,,,""
2023-11-02,Hantle na ławce płaskiej,Chest,40.0,kgs,5,,,,""
2023-11-02,Wyciskanie na barki hantlami siedząc,Shoulders,24.0,kgs,8,,,,""
2023-11-02,Wyciskanie na barki hantlami siedząc,Shoulders,26.0,kgs,8,,,,""
2023-11-02,Wyciskanie na barki hantlami siedząc,Shoulders,26.0,kgs,8,,,,""
2023-11-02,Wyciskanie na barki hantlami siedząc,Shoulders,26.0,kgs,8,,,,""
2023-11-02,Wyciskanie na barki hantlami siedząc,Shoulders,26.0,kgs,6,,,,""
2023-11-06,PullUp - Weighted,Back,0.0,kgs,8,,,,""
2023-11-06,PullUp - Weighted,Back,20.0,kgs,5,,,,""
2023-11-06,PullUp - Weighted,Back,20.0,kgs,5,,,,""
2023-11-06,PullUp - Weighted,Back,20.0,kgs,4,,,,""
2023-11-06,PullUp - Weighted,Back,0.0,kgs,5,,,,""
2023-11-06,Przysiad ze sztangą,Back,20.0,kgs,8,,,,""
2023-11-06,Przysiad ze sztangą,Back,70.0,kgs,8,,,,""
2023-11-06,Przysiad ze sztangą,Back,80.0,kgs,5,,,,""
2023-11-06,Przysiad ze sztangą,Back,80.0,kgs,6,,,,""
2023-11-06,Przysiad ze sztangą,Back,80.0,kgs,6,,,,""
2023-11-06,Przysiad ze sztangą,Back,80.0,kgs,6,,,,""
2023-11-06,Diverging seated row,Back,66.0,kgs,8,,,,""
2023-11-06,Diverging seated row,Back,66.0,kgs,8,,,,""
2023-11-06,Diverging seated row,Back,66.0,kgs,8,,,,""
2023-11-06,Modlitewnik sztanga,Biceps,30.0,kgs,6,,,,""
2023-11-06,Modlitewnik sztanga,Biceps,30.0,kgs,8,,,,""
2023-11-06,Modlitewnik sztanga,Biceps,30.0,kgs,8,,,,""
2023-11-06,Hammer curl,Biceps,14.0,kgs,8,,,,""
2023-11-06,Hammer curl,Biceps,14.0,kgs,9,,,,""
2023-11-06,Hammer curl,Biceps,14.0,kgs,8,,,,""
2023-11-09,RDL,Back,72.0,kgs,8,,,,""
2023-11-09,RDL,Back,72.0,kgs,8,,,,""
2023-11-09,RDL,Back,72.0,kgs,8,,,,""
2023-11-09,Hantle na ławce skośnej,Biceps,26.0,kgs,8,,,,""
2023-11-09,Hantle na ławce skośnej,Biceps,32.0,kgs,8,,,,""
2023-11-09,Hantle na ławce skośnej,Biceps,32.0,kgs,8,,,,""
2023-11-09,Hantle na ławce skośnej,Biceps,32.0,kgs,8,,,,""
2023-11-09,Facepull,Shoulders,35.0,kgs,8,,,,""
2023-11-09,Facepull,Shoulders,41.0,kgs,12,,,,""
2023-11-09,Facepull,Shoulders,41.0,kgs,8,,,,""
2023-11-09,Facepull,Shoulders,41.0,kgs,8,,,,""
2023-11-09,Leg press (one leg),Legs,65.0,kgs,8,,,,""
2023-11-09,Leg press (one leg),Legs,65.0,kgs,8,,,,""
2023-11-09,Leg press (one leg),Legs,65.0,kgs,8,,,,""
2023-11-09,łydki konik,Legs,50.0,kgs,12,,,,""
2023-11-09,łydki konik,Legs,70.0,kgs,8,,,,""
2023-11-09,łydki konik,Legs,70.0,kgs,10,,,,""
2023-11-11,Wyciskanie na płaskiej,Chest,20.0,kgs,16,,,,""
2023-11-11,Wyciskanie na płaskiej,Chest,50.0,kgs,8,,,,""
2023-11-11,Wyciskanie na płaskiej,Chest,90.0,kgs,6,,,,""
2023-11-11,Wyciskanie na płaskiej,Chest,95.0,kgs,4,,,,""
2023-11-11,Wyciskanie na płaskiej,Chest,95.0,kgs,3,,,,""
2023-11-11,Wyciskanie na płaskiej,Chest,90.0,kgs,3,,,,""
2023-11-11,Wyciskanie na płaskiej,Chest,85.0,kgs,4,,,,""
2023-11-11,Wyciskanie na barki hantlami siedząc,Shoulders,20.0,kgs,8,,,,""
2023-11-11,Wyciskanie na barki hantlami siedząc,Shoulders,26.0,kgs,5,,,,""
2023-11-11,Wyciskanie na barki hantlami siedząc,Shoulders,26.0,kgs,6,,,,""
2023-11-11,Wyciskanie na barki hantlami siedząc,Shoulders,26.0,kgs,8,,,,""
2023-11-11,Wyciskanie na barki hantlami siedząc,Shoulders,26.0,kgs,8,,,,""
2023-11-11,Wznosy hantli bokiem,Shoulders,9.0,kgs,8,,,,""
2023-11-11,Wznosy hantli bokiem,Shoulders,9.0,kgs,8,,,,""
2023-11-11,Wznosy hantli bokiem,Shoulders,9.0,kgs,8,,,,""
2023-11-11,Fly Pec,Chest,86.0,kgs,8,,,,""
2023-11-11,Fly Pec,Chest,86.0,kgs,8,,,,""
2023-11-11,Fly Pec,Chest,86.0,kgs,8,,,,""
2023-11-11,Dipy,Chest,0.0,kgs,8,,,,""
2023-11-11,Dipy,Chest,0.0,kgs,8,,,,""
2023-11-11,Dipy,Chest,0.0,kgs,8,,,,""
2023-11-11,Rope pulldown,Triceps,23.0,kgs,8,,,,""
2023-11-11,Rope pulldown,Triceps,23.0,kgs,8,,,,""
2023-11-11,Rope pulldown,Triceps,23.0,kgs,8,,,,""
2023-11-13,PullUp - Weighted,Back,0.0,kgs,10,,,,""
2023-11-13,PullUp - Weighted,Back,15.0,kgs,5,,,,""
2023-11-13,PullUp - Weighted,Back,15.0,kgs,5,,,,""
2023-11-13,PullUp - Weighted,Back,15.0,kgs,5,,,,""
2023-11-13,PullUp - Weighted,Back,0.0,kgs,8,,,,""
2023-11-13,Przysiad ze sztangą,Back,45.0,kgs,8,,,,""
2023-11-13,Przysiad ze sztangą,Back,85.0,kgs,5,,,,""
2023-11-13,Przysiad ze sztangą,Back,85.0,kgs,8,,,,""
2023-11-13,Przysiad ze sztangą,Back,85.0,kgs,8,,,,""
2023-11-13,Przysiad ze sztangą,Back,85.0,kgs,8,,,,""
2023-11-13,Poziome wiosłownie siedząc,Back,66.0,kgs,8,,,,""
2023-11-13,Poziome wiosłownie siedząc,Back,66.0,kgs,8,,,,""
2023-11-13,Poziome wiosłownie siedząc,Back,66.0,kgs,8,,,,""
2023-11-13,Diverging seated row,Back,59.0,kgs,8,,,,""
2023-11-13,Diverging seated row,Back,59.0,kgs,8,,,,""
2023-11-13,Diverging seated row,Back,59.0,kgs,8,,,,""
2023-11-15,Wyciskanie sztanga dodatnia,Chest,20.0,kgs,8,,,,""
2023-11-15,Wyciskanie sztanga dodatnia,Chest,60.0,kgs,8,,,,""
2023-11-15,Wyciskanie sztanga dodatnia,Chest,80.0,kgs,7,,,,""
2023-11-15,Wyciskanie sztanga dodatnia,Chest,80.0,kgs,5,,,,""
2023-11-15,Wyciskanie sztanga dodatnia,Chest,80.0,kgs,5,,,,""
2023-11-15,Wyciskanie sztanga dodatnia,Chest,80.0,kgs,5,,,,""
2023-11-15,Trapbar deadlift,Back,10.0,kgs,8,,,,""
2023-11-15,Trapbar deadlift,Back,20.0,kgs,8,,,,""
2023-11-15,Trapbar deadlift,Back,20.0,kgs,8,,,,""
2023-11-15,Trapbar deadlift,Back,20.0,kgs,8,,,,""
2023-11-15,Facepull,Shoulders,45.0,kgs,8,,,,""
2023-11-15,Facepull,Shoulders,45.0,kgs,12,,,,""
2023-11-15,Facepull,Shoulders,45.0,kgs,12,,,,""
2023-11-15,Leg press (one leg),Legs,65.0,kgs,8,,,,""
2023-11-15,Leg press (one leg),Legs,65.0,kgs,8,,,,""
2023-11-15,Leg press (one leg),Legs,65.0,kgs,8,,,,""
2023-11-15,Biceps hantlami stojąc,Biceps,16.0,kgs,10,,,,""
2023-11-15,Biceps hantlami stojąc,Biceps,16.0,kgs,8,,,,""
2023-11-15,Biceps hantlami stojąc,Biceps,16.0,kgs,8,,,,""
2023-11-15,Triceps Sam Sulek,Triceps,32.0,kgs,8,,,,""
2023-11-15,Triceps Sam Sulek,Triceps,32.0,kgs,8,,,,""
2023-11-17,Hantle na ławce płaskiej,Chest,24.0,kgs,8,,,,""
2023-11-17,Hantle na ławce płaskiej,Chest,34.0,kgs,8,,,,""
2023-11-17,Hantle na ławce płaskiej,Chest,36.0,kgs,8,,,,""
2023-11-17,Hantle na ławce płaskiej,Chest,36.0,kgs,8,,,,""
2023-11-17,Hantle na ławce płaskiej,Chest,36.0,kgs,7,,,,""
2023-11-17,Wyciskanie na barki hantlami siedząc,Shoulders,26.0,kgs,6,,,,""
2023-11-17,Wyciskanie na barki hantlami siedząc,Shoulders,26.0,kgs,8,,,,""
2023-11-17,Wyciskanie na barki hantlami siedząc,Shoulders,26.0,kgs,8,,,,""
2023-11-17,Fly Pec,Chest,86.0,kgs,8,,,,""
2023-11-17,Fly Pec,Chest,86.0,kgs,8,,,,""
2023-11-17,Fly Pec,Chest,86.0,kgs,8,,,,""
2023-11-17,Rope pulldown,Triceps,18.0,kgs,8,,,,""
2023-11-17,Rope pulldown,Triceps,23.0,kgs,10,,,,""
2023-11-17,Rope pulldown,Triceps,23.0,kgs,8,,,,""
2023-11-17,Wznosy hantli bokiem,Shoulders,9.0,kgs,8,,,,""
2023-11-17,Wznosy hantli bokiem,Shoulders,9.0,kgs,8,,,,""
2023-11-17,Wznosy hantli bokiem,Shoulders,9.0,kgs,8,,,,""
2023-11-17,Allahy,Abs,41.0,kgs,8,,,,""
2023-11-17,Allahy,Abs,41.0,kgs,8,,,,""
2023-11-17,Allahy,Abs,41.0,kgs,8,,,,""
2023-11-20,PullUp - Weighted,Back,15.0,kgs,6,,,,""
2023-11-20,PullUp - Weighted,Back,15.0,kgs,6,,,,""
2023-11-20,PullUp - Weighted,Back,15.0,kgs,6,,,,""
2023-11-20,PullUp - Weighted,Back,15.0,kgs,6,,,,""
2023-11-20,PullUp - Weighted,Back,15.0,kgs,4,,,,""
2023-11-20,Przysiad ze sztangą,Back,70.0,kgs,5,,,,""
2023-11-20,Przysiad ze sztangą,Back,90.0,kgs,6,,,,""
2023-11-20,Przysiad ze sztangą,Back,90.0,kgs,6,,,,""
2023-11-20,Przysiad ze sztangą,Back,90.0,kgs,6,,,,""
2023-11-20,Przysiad ze sztangą,Back,90.0,kgs,6,,,,""
2023-11-20,Diverging seated row,Back,66.0,kgs,8,,,,""
2023-11-20,Diverging seated row,Back,66.0,kgs,8,,,,""
2023-11-20,Diverging seated row,Back,66.0,kgs,8,,,,""
2023-11-20,Poziome wiosłownie siedząc,Back,59.0,kgs,8,,,,""
2023-11-20,Poziome wiosłownie siedząc,Back,66.0,kgs,8,,,,""
2023-11-20,Poziome wiosłownie siedząc,Back,66.0,kgs,8,,,,""
2023-11-20,Modlitewnik sztanga,Biceps,30.0,kgs,6,,,,""
2023-11-20,Modlitewnik sztanga,Biceps,30.0,kgs,6,,,,""
2023-11-20,Modlitewnik sztanga,Biceps,30.0,kgs,6,,,,""
2023-11-24,RDL,Back,76.0,kgs,8,,,,""
2023-11-24,RDL,Back,76.0,kgs,8,,,,""
2023-11-24,RDL,Back,76.0,kgs,8,,,,""
2023-11-24,RDL,Back,76.0,kgs,5,,,,""
2023-11-24,RDL,Back,76.0,kgs,8,,,,""
2023-11-24,Hantle na ławce skośnej,Biceps,24.0,kgs,8,,,,""
2023-11-24,Hantle na ławce skośnej,Biceps,34.0,kgs,8,,,,""
2023-11-24,Hantle na ławce skośnej,Biceps,34.0,kgs,8,,,,""
2023-11-24,Hantle na ławce skośnej,Biceps,34.0,kgs,8,,,,""
2023-11-24,Hantle na ławce skośnej,Biceps,30.0,kgs,8,,,,""
2023-11-24,Leg press (one leg),Legs,75.0,kgs,8,,,,""
2023-11-24,Leg press (one leg),Legs,75.0,kgs,8,,,,""
2023-11-24,Leg press (one leg),Legs,85.0,kgs,8,,,,""
2023-11-24,Lat Pull,Back,59.0,kgs,8,,,,""
2023-11-24,Lat Pull,Back,59.0,kgs,8,,,,""
2023-11-24,Lat Pull,Back,59.0,kgs,8,,,,""
2023-11-24,Rope pulldown,Triceps,23.0,kgs,8,,,,""
2023-11-24,Rope pulldown,Triceps,23.0,kgs,8,,,,""
2023-11-24,Rope pulldown,Triceps,23.0,kgs,8,,,,""
2023-11-25,Wyciskanie na płaskiej,Chest,20.0,kgs,10,,,,""
2023-11-25,Wyciskanie na płaskiej,Chest,80.0,kgs,6,,,,""
2023-11-25,Wyciskanie na płaskiej,Chest,100.0,kgs,3,,,,""
2023-11-25,Wyciskanie na płaskiej,Chest,100.0,kgs,2,,,,""
2023-11-25,Wyciskanie na płaskiej,Chest,90.0,kgs,5,,,,""
2023-11-25,Wyciskanie na barki hantlami siedząc,Shoulders,26.0,kgs,6,,,,""
2023-11-25,Wyciskanie na barki hantlami siedząc,Shoulders,26.0,kgs,8,,,,""
2023-11-25,Wyciskanie na barki hantlami siedząc,Shoulders,26.0,kgs,8,,,,""
2023-11-25,Wyciskanie na barki hantlami siedząc,Shoulders,26.0,kgs,8,,,,""
2023-11-25,Wyciskanie na barki hantlami siedząc,Shoulders,26.0,kgs,8,,,,""
2023-11-25,Wznosy hantli bokiem,Shoulders,9.0,kgs,6,,,,""
2023-11-25,Wznosy hantli bokiem,Shoulders,9.0,kgs,8,,,,""
2023-11-28,PullUp - Weighted,Back,10.0,kgs,10,,,,""
2023-11-28,PullUp - Weighted,Back,10.0,kgs,8,,,,""
2023-11-28,PullUp - Weighted,Back,10.0,kgs,8,,,,""
2023-11-28,PullUp - Weighted,Back,0.0,kgs,6,,,,""
2023-11-28,Leg extension,Legs,79.0,kgs,8,,,,""
2023-11-28,Leg extension,Legs,86.0,kgs,8,,,,""
2023-11-28,Leg extension,Legs,86.0,kgs,8,,,,""
2023-11-28,Leg curl,Legs,50.0,kgs,8,,,,""
2023-11-28,Leg curl,Legs,50.0,kgs,8,,,,""
2023-11-28,Leg curl,Legs,50.0,kgs,8,,,,""
2023-11-28,Diverging seated row,Back,66.0,kgs,8,,,,""
2023-11-28,Diverging seated row,Back,66.0,kgs,8,,,,""
2023-11-28,Diverging seated row,Back,66.0,kgs,8,,,,""
2023-11-28,Long head ławka,Biceps,16.0,kgs,8,,,,""
2023-11-28,Long head ławka,Biceps,16.0,kgs,6,,,,""
2023-11-28,Long head ławka,Biceps,16.0,kgs,6,,,,""
2023-11-28,Hammer curl,Biceps,16.0,kgs,6,,,,""
2023-11-28,Hammer curl,Biceps,12.0,kgs,7,,,,""
2023-11-28,Allahy,Abs,41.0,kgs,8,,,,""
2023-11-29,Trapbar deadlift,Back,40.0,kgs,8,,,,""
2023-11-29,Trapbar deadlift,Back,80.0,kgs,3,,,,""
2023-11-29,Trapbar deadlift,Back,60.0,kgs,8,,,,""
2023-11-29,Trapbar deadlift,Back,60.0,kgs,10,,,,""
2023-11-29,Trapbar deadlift,Back,60.0,kgs,8,,,,""
2023-11-29,Hantle na ławce skośnej,Biceps,24.0,kgs,8,,,,""
2023-11-29,Hantle na ławce skośnej,Biceps,36.0,kgs,8,,,,""
2023-11-29,Hantle na ławce skośnej,Biceps,36.0,kgs,6,,,,""
2023-11-29,Hantle na ławce skośnej,Biceps,36.0,kgs,6,,,,""
2023-11-29,Skull crushers hantlami leżac,Triceps,10.0,kgs,14,,,,""
2023-11-29,Skull crushers hantlami leżac,Triceps,10.0,kgs,14,,,,""
2023-12-02,Wyciskanie na płaskiej,Chest,20.0,kgs,10,,,,""
2023-12-02,Wyciskanie na płaskiej,Chest,70.0,kgs,7,,,,""
2023-12-02,Wyciskanie na płaskiej,Chest,90.0,kgs,5,,,,""
2023-12-02,Wyciskanie na płaskiej,Chest,100.0,kgs,2,,,,""
2023-12-02,Wyciskanie na płaskiej,Chest,90.0,kgs,5,,,,""
2023-12-02,Wyciskanie na płaskiej,Chest,90.0,kgs,5,,,,""
2023-12-05,PullUp - Weighted,Back,15.0,kgs,6,,,,""
2023-12-05,PullUp - Weighted,Back,15.0,kgs,5,,,,""
2023-12-05,PullUp - Weighted,Back,15.0,kgs,5,,,,""
2023-12-05,PullUp - Weighted,Back,15.0,kgs,5,,,,""
2023-12-05,PullUp - Weighted,Back,15.0,kgs,0,,,,""
2023-12-05,Przysiad ze sztangą,Back,60.0,kgs,8,,,,""
2023-12-05,Przysiad ze sztangą,Back,95.0,kgs,8,,,,""
2023-12-05,Przysiad ze sztangą,Back,95.0,kgs,8,,,,""
2023-12-05,Przysiad ze sztangą,Back,95.0,kgs,5,,,,""
2023-12-05,Przysiad ze sztangą,Back,95.0,kgs,3,,,,""
2023-12-05,Diverging seated row,Back,66.0,kgs,8,,,,""
2023-12-05,Diverging seated row,Back,66.0,kgs,8,,,,""
2023-12-05,Diverging seated row,Back,66.0,kgs,8,,,,""
2023-12-05,Poziome wiosłownie siedząc,Back,66.0,kgs,8,,,,""
2023-12-05,Poziome wiosłownie siedząc,Back,66.0,kgs,8,,,,""
2023-12-05,Poziome wiosłownie siedząc,Back,66.0,kgs,8,,,,""
2023-12-05,Hammer curl,Biceps,14.0,kgs,9,,,,""
2023-12-05,Long head ławka,Biceps,14.0,kgs,8,,,,""
2023-12-05,Long head ławka,Biceps,14.0,kgs,8,,,,""
2023-12-05,Long head ławka,Biceps,14.0,kgs,8,,,,""
2023-12-05,Hammer curl,Biceps,14.0,kgs,10,,,,""
2023-12-05,Hammer curl,Biceps,14.0,kgs,10,,,,""
2023-12-08,RDL,Back,76.0,kgs,8,,,,""
2023-12-08,RDL,Back,76.0,kgs,8,,,,""
2023-12-08,RDL,Back,76.0,kgs,8,,,,""
2023-12-08,RDL,Back,76.0,kgs,8,,,,""
2023-12-08,Hantle na ławce skośnej,Biceps,18.0,kgs,8,,,,""
2023-12-08,Hantle na ławce skośnej,Biceps,34.0,kgs,6,,,,""
2023-12-08,Hantle na ławce skośnej,Biceps,34.0,kgs,7,,,,""
2023-12-08,Hantle na ławce skośnej,Biceps,34.0,kgs,5,,,,""
2023-12-08,Calf raises na maszynie,Legs,149.0,kgs,10,,,,""
2023-12-08,Calf raises na maszynie,Legs,149.0,kgs,10,,,,""
2023-12-08,Calf raises na maszynie,Legs,149.0,kgs,10,,,,""
2023-12-08,Rear delt,Shoulders,66.0,kgs,10,,,,""
2023-12-08,Rear delt,Shoulders,66.0,kgs,10,,,,""
2023-12-11,Hantle na ławce płaskiej,Chest,22.0,kgs,8,,,,""
2023-12-11,Hantle na ławce płaskiej,Chest,36.0,kgs,7,,,,""
2023-12-11,Hantle na ławce płaskiej,Chest,40.0,kgs,5,,,,""
2023-12-11,Hantle na ławce płaskiej,Chest,40.0,kgs,5,,,,""
2023-12-11,Hantle na ławce płaskiej,Chest,40.0,kgs,5,,,,""
2023-12-11,Dips - Weighted,Chest,10.0,kgs,5,,,,""
2023-12-11,Dips - Weighted,Chest,10.0,kgs,5,,,,""
2023-12-11,Dips - Weighted,Chest,0.0,kgs,8,,,,""
2023-12-11,Wyciskanie na barki hantlami siedząc,Shoulders,26.0,kgs,5,,,,""
2023-12-11,Wyciskanie na barki hantlami siedząc,Shoulders,26.0,kgs,8,,,,""
2023-12-11,Wyciskanie na barki hantlami siedząc,Shoulders,26.0,kgs,5,,,,""
2023-12-11,Wyciskanie na barki hantlami siedząc,Shoulders,24.0,kgs,8,,,,""
2023-12-11,Wznosy hantli bokiem,Shoulders,9.0,kgs,8,,,,""
2023-12-11,Wznosy hantli bokiem,Shoulders,9.0,kgs,8,,,,""
2023-12-11,Wznosy hantli bokiem,Shoulders,9.0,kgs,8,,,,""
2023-12-14,PullUp - Weighted,Back,15.0,kgs,8,,,,""
2023-12-14,PullUp - Weighted,Back,15.0,kgs,6,,,,""
2023-12-14,PullUp - Weighted,Back,15.0,kgs,6,,,,""
2023-12-14,PullUp - Weighted,Back,15.0,kgs,6,,,,""
2023-12-14,PullUp - Weighted,Back,0.0,kgs,10,,,,""
2023-12-14,Leg extension,Legs,79.0,kgs,8,,,,""
2023-12-14,Leg extension,Legs,86.0,kgs,8,,,,""
2023-12-14,Leg extension,Legs,86.0,kgs,8,,,,""
2023-12-14,Leg extension,Legs,86.0,kgs,8,,,,""
2023-12-14,Leg extension,Legs,86.0,kgs,8,,,,""
2023-12-14,Poziome wiosłownie siedząc,Back,68.3,kgs,8,,,,""
2023-12-14,Poziome wiosłownie siedząc,Back,68.3,kgs,8,,,,""
2023-12-14,Poziome wiosłownie siedząc,Back,68.3,kgs,8,,,,""
2023-12-14,Diverging seated row,Back,66.0,kgs,8,,,,""
2023-12-14,Diverging seated row,Back,66.0,kgs,8,,,,""
2023-12-14,Diverging seated row,Back,66.0,kgs,8,,,,""
2023-12-14,Long head ławka,Biceps,14.0,kgs,8,,,,""
2023-12-14,Long head ławka,Biceps,14.0,kgs,8,,,,""
2023-12-14,Long head ławka,Biceps,14.0,kgs,8,,,,""
2023-12-14,Hammer curl,Biceps,14.0,kgs,8,,,,""
2023-12-14,Hammer curl,Biceps,14.0,kgs,8,,,,""
2023-12-14,Hammer curl,Biceps,14.0,kgs,8,,,,""
2023-12-17,Trapbar deadlift,Back,40.0,kgs,8,,,,""
2023-12-17,Trapbar deadlift,Back,70.0,kgs,8,,,,""
2023-12-17,Trapbar deadlift,Back,70.0,kgs,8,,,,""
2023-12-17,Trapbar deadlift,Back,70.0,kgs,8,,,,""
2023-12-17,Trapbar deadlift,Back,70.0,kgs,8,,,,""
2023-12-17,Hantle na ławce skośnej,Biceps,26.0,kgs,8,,,,""
2023-12-17,Hantle na ławce skośnej,Biceps,34.0,kgs,8,,,,""
2023-12-17,Hantle na ławce skośnej,Biceps,38.0,kgs,4,,,,""
2023-12-17,Hantle na ławce skośnej,Biceps,38.0,kgs,5,,,,""
2023-12-17,Hantle na ławce skośnej,Biceps,36.0,kgs,5,,,,""
2023-12-17,Hantle na ławce skośnej,Biceps,36.0,kgs,6,,,,""
2023-12-17,Kółko do jezdzenia,Abs,,,8,,,,""
2023-12-17,Kółko do jezdzenia,Abs,,,8,,,,""
2023-12-17,Kółko do jezdzenia,Abs,,,8,,,,""
2023-12-17,Lat Pull,Back,66.0,kgs,8,,,,""
2023-12-17,Lat Pull,Back,66.0,kgs,8,,,,""
2023-12-17,Lat Pull,Back,66.0,kgs,8,,,,""
2023-12-17,Biceps hantlami stojąc,Biceps,16.0,kgs,8,,,,""
2023-12-17,Biceps hantlami stojąc,Biceps,16.0,kgs,8,,,,""
2023-12-17,Biceps hantlami stojąc,Biceps,16.0,kgs,8,,,,""
2023-12-20,Wyciskanie na płaskiej,Chest,20.0,kgs,8,,,,""
2023-12-20,Wyciskanie na płaskiej,Chest,60.0,kgs,8,,,,""
2023-12-20,Wyciskanie na płaskiej,Chest,90.0,kgs,7,,,,""
2023-12-20,Wyciskanie na płaskiej,Chest,105.0,kgs,1,,,,""
2023-12-20,Wyciskanie na płaskiej,Chest,100.0,kgs,3,,,,""
2023-12-20,Wyciskanie na płaskiej,Chest,90.0,kgs,4,,,,""
2023-12-20,Dipy,Chest,0.0,kgs,12,,,,""
2023-12-20,Dipy,Chest,0.0,kgs,10,,,,""
2023-12-20,Dipy,Chest,0.0,kgs,8,,,,""
2023-12-20,Dipy,Chest,0.0,kgs,6,,,,""
2023-12-20,Dipy,Chest,0.0,kgs,6,,,,""
2023-12-22,PullUp - Weighted,Back,17.5,kgs,6,,,,""
2023-12-22,PullUp - Weighted,Back,17.5,kgs,7,,,,""
2023-12-22,PullUp - Weighted,Back,17.5,kgs,5,,,,""
2023-12-22,Lat Pull,Back,66.0,kgs,8,,,,""
2023-12-22,Leg extension,Legs,86.0,kgs,8,,,,""
2023-12-22,Leg extension,Legs,86.0,kgs,10,,,,""
2023-12-22,Leg extension,Legs,86.0,kgs,10,,,,""
2023-12-22,Diverging seated row,Back,66.0,kgs,8,,,,""
2023-12-22,Diverging seated row,Back,66.0,kgs,8,,,,""
2023-12-22,Diverging seated row,Back,66.0,kgs,8,,,,""
2023-12-22,Kółko do jezdzenia,Abs,,,8,,,,""
2023-12-22,Kółko do jezdzenia,Abs,,,8,,,,""
2023-12-22,Kółko do jezdzenia,Abs,,,8,,,,""
2023-12-22,Biceps sztanga stojąc,Biceps,20.0,kgs,14,,,,""
2023-12-24,Trapbar deadlift,Back,20.0,kgs,8,,,,""
2023-12-24,Trapbar deadlift,Back,50.0,kgs,8,,,,""
2023-12-24,Trapbar deadlift,Back,50.0,kgs,8,,,,""
2023-12-24,Trapbar deadlift,Back,50.0,kgs,6,,,,""
2023-12-24,Trapbar deadlift,Back,50.0,kgs,6,,,,""
2023-12-24,Smith dodatni,Chest,70.0,kgs,7,,,,""
2023-12-24,Smith dodatni,Chest,80.0,kgs,10,,,,""
2023-12-24,Smith dodatni,Chest,80.0,kgs,5,,,,""
2023-12-24,Smith dodatni,Chest,80.0,kgs,5,,,,""
2023-12-27,PullUp - Weighted,Back,10.0,kgs,8,,,,""
2023-12-27,PullUp - Weighted,Back,10.0,kgs,7,,,,""
2023-12-27,PullUp - Weighted,Back,10.0,kgs,7,,,,""
2023-12-27,PullUp - Weighted,Back,10.0,kgs,7,,,,""
2023-12-27,PullUp - Weighted,Back,10.0,kgs,0,,,,""
2023-12-27,Leg extension,Legs,93.0,kgs,12,,,,""
2023-12-27,Leg extension,Legs,93.0,kgs,10,,,,""
2023-12-27,Leg extension,Legs,93.0,kgs,10,,,,""
2023-12-27,Poziome wiosłownie siedząc,Back,59.0,kgs,8,,,,""
2023-12-27,Poziome wiosłownie siedząc,Back,59.0,kgs,8,,,,""
2023-12-27,Poziome wiosłownie siedząc,Back,59.0,kgs,8,,,,""
2023-12-27,Biceps hantlami stojąc,Biceps,14.0,kgs,6,,,,""
2023-12-30,Wyciskanie na płaskiej,Chest,20.0,kgs,8,,,,""
2023-12-30,Wyciskanie na płaskiej,Chest,50.0,kgs,5,,,,""
2023-12-30,Wyciskanie na płaskiej,Chest,80.0,kgs,3,,,,""
2023-12-30,Wyciskanie na płaskiej,Chest,100.0,kgs,1,,,,""
2023-12-30,Wyciskanie na płaskiej,Chest,115.0,kgs,0,,,,""
2023-12-30,Wyciskanie na płaskiej,Chest,115.0,kgs,0,,,,""
2023-12-30,Wyciskanie na płaskiej,Chest,112.5,kgs,0,,,,""
2023-12-30,Wyciskanie na płaskiej,Chest,112.5,kgs,1,,,,""
2024-01-02,Trapbar deadlift,Back,50.0,kgs,10,,,,""
2024-01-02,Trapbar deadlift,Back,50.0,kgs,10,,,,""
2024-01-02,Trapbar deadlift,Back,50.0,kgs,10,,,,""
2024-01-02,Trapbar deadlift,Back,50.0,kgs,10,,,,""
2024-01-02,Lat Pull,Back,66.0,kgs,8,,,,""
2024-01-02,Lat Pull,Back,66.0,kgs,8,,,,""
2024-01-02,Lat Pull,Back,66.0,kgs,8,,,,""
2024-01-02,Calf raises na maszynie,Legs,149.0,kgs,10,,,,""
2024-01-02,Calf raises na maszynie,Legs,149.0,kgs,10,,,,""
2024-01-02,Calf raises na maszynie,Legs,149.0,kgs,10,,,,""
2024-01-02,Hantle na ławce skośnej,Biceps,18.0,kgs,10,,,,""
2024-01-02,Hantle na ławce skośnej,Biceps,32.0,kgs,8,,,,""
2024-01-02,Hantle na ławce skośnej,Biceps,32.0,kgs,8,,,,""
2024-01-02,Hantle na ławce skośnej,Biceps,32.0,kgs,8,,,,""
2024-01-02,Wznosy hantli bokiem,Shoulders,9.0,kgs,8,,,,""
2024-01-06,PullUp - Weighted,Back,0.0,kgs,8,,,,""
2024-01-06,PullUp - Weighted,Back,12.0,kgs,7,,,,""
2024-01-06,PullUp - Weighted,Back,12.0,kgs,7,,,,""
2024-01-06,PullUp - Weighted,Back,12.0,kgs,7,,,,""
2024-01-06,PullUp - Weighted,Back,12.0,kgs,0,,,,""
2024-01-06,Leg extension,Legs,86.0,kgs,10,,,,""
2024-01-06,Leg extension,Legs,86.0,kgs,10,,,,""
2024-01-06,Leg extension,Legs,86.0,kgs,10,,,,""
2024-01-06,Diverging seated row,Back,56.0,kgs,8,,,,""
2024-01-06,Diverging seated row,Back,56.0,kgs,8,,,,""
2024-01-06,Diverging seated row,Back,56.0,kgs,8,,,,""
2024-01-06,Long head ławka,Biceps,16.0,kgs,5,,,,""
2024-01-06,Long head ławka,Biceps,14.0,kgs,7,,,,""
2024-01-08,Wyciskanie na płaskiej,Chest,20.0,kgs,8,,,,""
2024-01-08,Wyciskanie na płaskiej,Chest,60.0,kgs,8,,,,""
2024-01-08,Wyciskanie na płaskiej,Chest,80.0,kgs,7,,,,""
2024-01-08,Wyciskanie na płaskiej,Chest,90.0,kgs,4,,,,""
2024-01-08,Wyciskanie na płaskiej,Chest,90.0,kgs,6,,,,""
2024-01-08,Dipy,Chest,0.0,kgs,8,,,,""
2024-01-08,Dipy,Chest,0.0,kgs,8,,,,""
2024-01-08,Dipy,Chest,0.0,kgs,10,,,,""
2024-01-11,Trapbar deadlift,Back,30.0,kgs,8,,,,""
2024-01-11,Trapbar deadlift,Back,70.0,kgs,8,,,,""
2024-01-11,Trapbar deadlift,Back,70.0,kgs,8,,,,""
2024-01-11,Trapbar deadlift,Back,70.0,kgs,8,,,,""
2024-01-11,Trapbar deadlift,Back,70.0,kgs,8,,,,""
2024-01-13,Wyciskanie na płaskiej,Chest,20.0,kgs,8,,,,""
2024-01-13,Wyciskanie na płaskiej,Chest,60.0,kgs,8,,,,""
2024-01-13,Wyciskanie na płaskiej,Chest,80.0,kgs,8,,,,""
2024-01-13,Wyciskanie na płaskiej,Chest,90.0,kgs,5,,,,""
2024-01-13,Wyciskanie na płaskiej,Chest,90.0,kgs,5,,,,""
2024-01-13,Wyciskanie na płaskiej,Chest,90.0,kgs,1,,,,""
2024-01-13,Wyciskanie na barki hantlami siedząc,Shoulders,22.0,kgs,8,,,,""
2024-01-13,Wyciskanie na barki hantlami siedząc,Shoulders,26.0,kgs,5,,,,""
2024-01-13,Wyciskanie na barki hantlami siedząc,Shoulders,26.0,kgs,5,,,,""
2024-01-13,Wyciskanie na barki hantlami siedząc,Shoulders,26.0,kgs,5,,,,""
2024-01-13,Fly Pec,Chest,86.0,kgs,8,,,,""
2024-01-16,PullUp - Weighted,Back,0.0,kgs,8,,,,""
2024-01-16,PullUp - Weighted,Back,15.0,kgs,6,,,,""
2024-01-16,PullUp - Weighted,Back,15.0,kgs,8,,,,""
2024-01-16,PullUp - Weighted,Back,15.0,kgs,7,,,,""
2024-01-16,PullUp - Weighted,Back,0.0,kgs,7,,,,""
2024-01-16,Przysiad ze sztangą,Back,20.0,kgs,8,,,,""
2024-01-16,Przysiad ze sztangą,Back,60.0,kgs,8,,,,""
2024-01-16,Przysiad ze sztangą,Back,80.0,kgs,8,,,,""
2024-01-16,Przysiad ze sztangą,Back,80.0,kgs,8,,,,""
2024-01-18,Trapbar deadlift,Back,60.0,kgs,8,,,,""
2024-01-18,Trapbar deadlift,Back,60.0,kgs,8,,,,""
2024-01-18,Trapbar deadlift,Back,60.0,kgs,8,,,,""
2024-01-18,Trapbar deadlift,Back,60.0,kgs,8,,,,""
2024-01-18,Wyciskanie sztanga dodatnia,Chest,15.0,kgs,8,,,,""
2024-01-18,Wyciskanie sztanga dodatnia,Chest,55.0,kgs,8,,,,""
2024-01-18,Wyciskanie sztanga dodatnia,Chest,65.0,kgs,8,,,,""
2024-01-18,Wyciskanie sztanga dodatnia,Chest,70.0,kgs,8,,,,""
2024-01-21,Hantle na ławce płaskiej,Chest,20.0,kgs,8,,,,""
2024-01-21,Hantle na ławce płaskiej,Chest,36.0,kgs,8,,,,""
2024-01-21,Hantle na ławce płaskiej,Chest,36.0,kgs,8,,,,""
2024-01-21,Hantle na ławce płaskiej,Chest,36.0,kgs,7,,,,""
2024-01-21,Hantle na ławce płaskiej,Chest,36.0,kgs,7,,,,""
2024-01-21,Hantle na ławce płaskiej,Chest,34.0,kgs,7,,,,""
2024-01-21,Wyciskanie na barki hantlami siedząc,Shoulders,26.0,kgs,8,,,,""
2024-01-21,Wyciskanie na barki hantlami siedząc,Shoulders,26.0,kgs,8,,,,""
2024-01-21,Wyciskanie na barki hantlami siedząc,Shoulders,26.0,kgs,8,,,,""
2024-01-21,Wyciskanie na barki hantlami siedząc,Shoulders,26.0,kgs,8,,,,""
2024-01-21,Wyciskanie na barki hantlami siedząc,Shoulders,26.0,kgs,7,,,,""
2024-01-26,Trapbar deadlift,Back,30.0,kgs,8,,,,""
2024-01-26,Trapbar deadlift,Back,70.0,kgs,8,,,,""
2024-01-26,Trapbar deadlift,Back,70.0,kgs,8,,,,""
2024-01-26,Trapbar deadlift,Back,70.0,kgs,8,,,,""
2024-01-26,Trapbar deadlift,Back,70.0,kgs,8,,,,""
2024-01-26,Wyciskanie sztanga dodatnia,Chest,25.0,kgs,8,,,,""
2024-01-26,Wyciskanie sztanga dodatnia,Chest,55.0,kgs,8,,,,""
2024-01-26,Wyciskanie sztanga dodatnia,Chest,70.0,kgs,8,,,,""
2024-01-26,Wyciskanie sztanga dodatnia,Chest,75.0,kgs,8,,,,""
2024-01-29,Hantle na ławce płaskiej,Chest,26.0,kgs,12,,,,""
2024-01-29,Hantle na ławce płaskiej,Chest,32.0,kgs,10,,,,""
2024-01-29,Hantle na ławce płaskiej,Chest,36.0,kgs,8,,,,""
2024-01-29,Hantle na ławce płaskiej,Chest,36.0,kgs,7,,,,""
2024-01-29,Hantle na ławce płaskiej,Chest,36.0,kgs,7,,,,""
2024-01-29,Hantle na ławce płaskiej,Chest,34.0,kgs,8,,,,""
2024-01-29,Wyciskanie na barki hantlami siedząc,Shoulders,24.0,kgs,8,,,,""
2024-01-29,Wyciskanie na barki hantlami siedząc,Shoulders,24.0,kgs,8,,,,""
2024-01-29,Wyciskanie na barki hantlami siedząc,Shoulders,24.0,kgs,8,,,,""
2024-01-29,Wyciskanie na barki hantlami siedząc,Shoulders,24.0,kgs,8,,,,""
2024-01-29,Wyciskanie na barki hantlami siedząc,Shoulders,24.0,kgs,8,,,,""
2024-01-29,Wznosy hantli bokiem,Shoulders,9.0,kgs,8,,,,""
2024-01-29,Wznosy hantli bokiem,Shoulders,9.0,kgs,8,,,,""
2024-11-04,Deadlift,Back,25.0,kgs,8,,,,""
2024-11-04,Deadlift,Back,45.0,kgs,10,,,,""
2024-11-04,Deadlift,Back,65.0,kgs,8,,,,""
2024-11-04,Deadlift,Back,65.0,kgs,8,,,,""
2024-11-04,Wiosłowanie stojąc,Back,25.0,kgs,8,,,,""
2024-11-04,Wiosłowanie stojąc,Back,35.0,kgs,8,,,,""
2024-11-04,Wiosłowanie stojąc,Back,35.0,kgs,8,,,,""
2024-11-04,Wiosłowanie stojąc,Back,35.0,kgs,8,,,,""
2024-11-04,Hantle na ławce skośnej,Biceps,16.0,kgs,8,,,,""
2024-11-04,Hantle na ławce skośnej,Biceps,24.0,kgs,8,,,,""
2024-11-04,Hantle na ławce skośnej,Biceps,28.0,kgs,8,,,,""
2024-11-04,Wykroki z hantlami,Legs,16.0,kgs,8,,,,""
2024-11-04,Wykroki z hantlami,Legs,24.0,kgs,10,,,,""
2024-11-04,Wykroki z hantlami,Legs,24.0,kgs,10,,,,""
2024-11-04,Wykroki z hantlami,Legs,24.0,kgs,10,,,,""
2024-11-07,Front Squad,Back,15.0,kgs,8,,,,""
2024-11-07,Front Squad,Back,25.0,kgs,6,,,,""
2024-11-07,Front Squad,Back,25.0,kgs,6,,,,""
2024-11-07,Front Squad,Back,25.0,kgs,8,,,,""
2024-11-07,Pull Up (nadchwyt),Back,0.0,kgs,5,,,,""
2024-11-07,Pull Up (nadchwyt),Back,0.0,kgs,5,,,,""
2024-11-07,Pull Up (nadchwyt),Back,0.0,kgs,5,,,,""
2024-11-07,Pull Up (nadchwyt),Back,0.0,kgs,5,,,,""
2024-11-07,Pull Up (nadchwyt),Back,0.0,kgs,5,,,,""
2024-11-07,Sztanga wąski chwyt,Triceps,15.0,kgs,8,,,,""
2024-11-07,Sztanga wąski chwyt,Triceps,25.0,kgs,8,,,,""
2024-11-07,Sztanga wąski chwyt,Triceps,25.0,kgs,8,,,,""
2024-11-07,Sztanga wąski chwyt,Triceps,25.0,kgs,8,,,,""
2024-11-07,Good morning,Abs,10.0,kgs,8,,,,""
2024-11-07,Good morning,Abs,24.0,kgs,8,,,,""
2024-11-07,Good morning,Abs,24.0,kgs,8,,,,""
2024-11-07,Good morning,Abs,24.0,kgs,8,,,,""
2024-11-12,Wyciskanie na płaskiej,Chest,15.0,kgs,8,,,,""
2024-11-12,Wyciskanie na płaskiej,Chest,50.0,kgs,12,,,,""
2024-11-12,Wyciskanie na płaskiej,Chest,80.0,kgs,6,,,,""
2024-11-12,Wyciskanie na płaskiej,Chest,80.0,kgs,6,,,,""
2024-11-12,Przysiad ze sztangą,Back,20.0,kgs,8,,,,""
2024-11-12,Przysiad ze sztangą,Back,40.0,kgs,8,,,,""
2024-11-15,Deadlift,Back,65.0,kgs,8,,,,""
2024-11-15,Deadlift,Back,65.0,kgs,8,,,,""
2024-11-15,Deadlift,Back,65.0,kgs,8,,,,""
2024-11-15,Deadlift,Back,65.0,kgs,8,,,,""
2024-11-15,Deadlift,Back,65.0,kgs,8,,,,""
2024-11-15,Leg press,Legs,90.0,kgs,12,,,,""
2024-11-15,Leg press,Legs,90.0,kgs,12,,,,""
2024-11-15,Leg press,Legs,90.0,kgs,12,,,,""
2024-11-22,Pull Up (nadchwyt),Back,0.0,kgs,5,,,,""
2024-11-22,Pull Up (nadchwyt),Back,0.0,kgs,5,,,,""
2024-11-22,Pull Up (nadchwyt),Back,0.0,kgs,5,,,,""
2024-11-22,Pull Up (nadchwyt),Back,0.0,kgs,8,,,,""
2024-11-22,Front Squad,Back,20.0,kgs,8,,,,""
2024-11-22,Front Squad,Back,30.0,kgs,3,,,,""
2024-11-27,Wyciskanie na Smith'a,Chest,50.0,kgs,12,,,,""
2024-11-27,Wyciskanie na Smith'a,Chest,70.0,kgs,8,,,,""
2024-11-27,Wyciskanie na Smith'a,Chest,70.0,kgs,8,,,,""
2024-11-27,Wyciskanie na Smith'a,Chest,72.5,kgs,8,,,,""
2025-09-20,Wyciskanie na płaskiej,Chest,15.0,kgs,8,,,,""
2025-09-20,Wyciskanie na płaskiej,Chest,35.0,kgs,8,,,,""
2025-09-20,Wyciskanie na płaskiej,Chest,65.0,kgs,8,,,,""
2025-09-20,Wyciskanie na płaskiej,Chest,75.0,kgs,8,,,,""
2025-09-20,Wyciskanie na płaskiej,Chest,80.0,kgs,6,,,,""
2025-09-20,Wyciskanie na płaskiej,Chest,76.0,kgs,8,,,,""
2025-09-20,Lat Pull,Back,52.0,kgs,8,,,,""
2025-09-20,Lat Pull,Back,52.0,kgs,8,,,,""
2025-09-20,Lat Pull,Back,52.0,kgs,8,,,,""
2025-09-20,Dipy,Chest,0.0,kgs,8,,,,""
2025-09-20,Dipy,Chest,0.0,kgs,8,,,,""
2025-09-20,Dipy,Chest,0.0,kgs,8,,,,""
2025-09-20,Biceps na bramie sznur dół,Biceps,41.0,kgs,8,,,,""
2025-09-20,Biceps na bramie sznur dół,Biceps,41.0,kgs,8,,,,""
2025-09-20,Biceps na bramie sznur dół,Biceps,41.0,kgs,8,,,,""
2025-09-20,Rope pulldown,Triceps,18.0,kgs,8,,,,""
2025-09-20,Rope pulldown,Triceps,18.0,kgs,12,,,,""
2025-09-27,Wyciskanie na płaskiej,Chest,50.0,kgs,8,,,,""
2025-09-27,Wyciskanie na płaskiej,Chest,75.0,kgs,8,,,,""
2025-09-27,Wyciskanie na płaskiej,Chest,85.0,kgs,8,,,,""
2025-09-27,Wyciskanie na płaskiej,Chest,85.0,kgs,7,,,,""
2025-09-27,Wyciskanie na płaskiej,Chest,85.0,kgs,6,,,,""
2025-09-27,Dipy,Chest,0.0,kgs,8,,,,""
2025-09-27,Dipy,Chest,5.0,kgs,5,,,,""
2025-09-27,Dipy,Chest,5.0,kgs,5,,,,""
2025-10-01,Lat Pull,Back,45.0,kgs,8,,,,""
2025-10-01,Lat Pull,Back,73.0,kgs,8,,,,""
2025-10-01,Lat Pull,Back,73.0,kgs,5,,,,""
2025-10-01,Lat Pull,Back,59.0,kgs,8,,,,""
2025-10-01,Lat Pull,Back,59.0,kgs,8,,,,""
2025-10-01,Leg extension,Legs,79.0,kgs,8,,,,""
2025-10-01,Leg extension,Legs,79.0,kgs,8,,,,""
2025-10-01,Leg extension,Legs,73.0,kgs,10,,,,""
2025-10-01,Leg extension,Legs,73.0,kgs,10,,,,""
2025-10-01,OHP,Shoulders,15.0,kgs,10,,,,""
2025-10-01,OHP,Shoulders,25.0,kgs,8,,,,""
2025-10-01,OHP,Shoulders,27.5,kgs,8,,,,""
2025-10-01,OHP,Shoulders,27.5,kgs,7,,,,""
2025-10-01,Converging chest press (maszyna),Chest,39.0,kgs,8,,,,""
2025-10-01,Converging chest press (maszyna),Chest,45.0,kgs,10,,,,""
2025-10-01,Converging chest press (maszyna),Chest,45.0,kgs,12,,,,""
2025-10-01,Converging chest press (maszyna),Chest,45.0,kgs,12,,,,""
2025-10-01,Modlitewnik sztanga,Biceps,20.0,kgs,8,,,,""
2025-10-01,Modlitewnik sztanga,Biceps,20.0,kgs,8,,,,""
2025-10-01,Modlitewnik sztanga,Biceps,20.0,kgs,8,,,,""
2025-10-03,Hantle skośna ławka,Chest,14.0,kgs,8,,,,""
2025-10-03,Hantle skośna ławka,Chest,26.0,kgs,8,,,,""
2025-10-03,Hantle skośna ławka,Chest,26.0,kgs,8,,,,""
2025-10-03,Hantle skośna ławka,Chest,26.0,kgs,8,,,,""
2025-10-03,Hantle skośna ławka,Chest,26.0,kgs,8,,,,""
2025-10-03,Hantle skośna ławka,Chest,26.0,kgs,8,,,,""
2025-10-03,Dipy,Chest,0.0,kgs,8,,,,""
2025-10-03,Dipy,Chest,5.0,kgs,8,,,,""
2025-10-03,Dipy,Chest,5.0,kgs,8,,,,""
2025-10-03,Dipy,Chest,5.0,kgs,8,,,,""
2025-10-03,Dipy,Chest,5.0,kgs,8,,,,""
2025-10-03,OHP,Shoulders,15.0,kgs,8,,,,""
2025-10-03,OHP,Shoulders,20.0,kgs,8,,,,""
2025-10-03,OHP,Shoulders,20.0,kgs,8,,,,""
2025-10-03,OHP,Shoulders,20.0,kgs,8,,,,""
2025-10-03,OHP,Shoulders,20.0,kgs,8,,,,""
2025-10-03,Leg press,Legs,100.0,kgs,7,,,,""
2025-10-03,Leg press,Legs,100.0,kgs,8,,,,""
2025-10-03,Leg press,Legs,100.0,kgs,8,,,,""
2025-10-06,PullUp - Weighted,Back,10.0,kgs,6,,,,""
2025-10-06,PullUp - Weighted,Back,10.0,kgs,7,,,,""
2025-10-06,PullUp - Weighted,Back,10.0,kgs,7,,,,""
2025-10-06,PullUp - Weighted,Back,10.0,kgs,5,,,,""
2025-10-10,Wyciskanie na płaskiej,Chest,20.0,kgs,8,,,,""
2025-10-10,Wyciskanie na płaskiej,Chest,40.0,kgs,8,,,,""
2025-10-10,Wyciskanie na płaskiej,Chest,60.0,kgs,8,,,,""
2025-10-10,Wyciskanie na płaskiej,Chest,80.0,kgs,8,,,,""
2025-10-10,Wyciskanie na płaskiej,Chest,85.0,kgs,8,,,,""
2025-10-10,Wyciskanie na płaskiej,Chest,85.0,kgs,8,,,,""
2025-10-10,Wyciskanie na płaskiej,Chest,80.0,kgs,8,,,,""
2025-10-10,Wyciskanie na barki hantlami siedząc,Shoulders,20.0,kgs,8,,,,""
2025-10-10,Wyciskanie na barki hantlami siedząc,Shoulders,20.0,kgs,8,,,,""
2025-10-10,Wyciskanie na barki hantlami siedząc,Shoulders,20.0,kgs,8,,,,""