Date,Workout Name,Duration,Exercise Name,Set Order,Weight,Reps,Distance,Seconds,RPE
2022-09-12 18:00:00,Imported workout,3600,Bench Press (Barbell),1,35.0,5.0,,,
2022-09-12 18:00:00,Imported workout,3600,Bench Press (Barbell),Rest Timer,,,,90.0,
2022-09-12 18:00:00,Imported workout,3600,Bench Press (Barbell),5,35.0,5.0,,,
2022-09-12 18:00:00,Imported workout,3600,Bench Press (Barbell),Rest Timer,,,,90.0,
2022-09-12 18:00:00,Imported workout,3600,Bench Press (Barbell),4,35.0,5.0,,,
2022-09-12 18:00:00,Imported workout,3600,Bench Press (Barbell),Rest Timer,,,,90.0,
2022-09-12 18:00:00,Imported workout,3600,Bench Press (Barbell),3,35.0,5.0,,,
2022-09-12 18:00:00,Imported workout,3600,Bench Press (Barbell),Rest Timer,,,,90.0,
2022-09-12 18:00:00,Imported workout,3600,Bench Press (Barbell),2,35.0,5.0,,,
2022-09-12 18:00:00,Imported workout,3600,Bench Press (Barbell),Rest Timer,,,,90.0,
2022-09-12 18:00:00,Imported workout,3600,Seated Overhead Press (Dumbbell),2,8.0,5.0,,,
2022-09-12 18:00:00,Imported workout,3600,Seated Overhead Press (Dumbbell),Rest Timer,,,,90.0,
2022-09-12 18:00:00,Imported workout,3600,Seated Overhead Press (Dumbbell),1,8.0,5.0,,,
2022-09-12 18:00:00,Imported workout,3600,Seated Overhead Press (Dumbbell),Rest Timer,,,,90.0,
2022-09-12 18:00:00,Imported workout,3600,Seated Overhead Press (Dumbbell),3,8.0,5.0,,,
2022-09-12 18:00:00,Imported workout,3600,Seated Overhead Press (Dumbbell),Rest Timer,,,,90.0,
2022-09-12 18:00:00,Imported workout,3600,Lateral Raise (Dumbbell),3,4.0,8.0,,,
2022-09-12 18:00:00,Imported workout,3600,Lateral Raise (Dumbbell),Rest Timer,,,,90.0,
2022-09-12 18:00:00,Imported workout,3600,Lateral Raise (Dumbbell),2,4.0,8.0,,,
2022-09-12 18:00:00,Imported workout,3600,Lateral Raise (Dumbbell),Rest Timer,,,,90.0,
2022-09-12 18:00:00,Imported workout,3600,Lateral Raise (Dumbbell),1,4.0,8.0,,,
2022-09-12 18:00:00,Imported workout,3600,Lateral Raise (Dumbbell),Rest Timer,,,,90.0,
2022-09-12 18:00:00,Imported workout,3600,Triceps Pushdown (Cable - Straight Bar),5,9.0,8.0,,,
2022-09-12 18:00:00,Imported workout,3600,Triceps Pushdown (Cable - Straight Bar),Rest Timer,,,,90.0,
2022-09-12 18:00:00,Imported workout,3600,Triceps Pushdown (Cable - Straight Bar),4,9.0,8.0,,,
2022-09-12 18:00:00,Imported workout,3600,Triceps Pushdown (Cable - Straight Bar),Rest Timer,,,,90.0,
2022-09-12 18:00:00,Imported workout,3600,Triceps Pushdown (Cable - Straight Bar),3,9.0,8.0,,,
2022-09-12 18:00:00,Imported workout,3600,Triceps Pushdown (Cable - Straight Bar),Rest Timer,,,,90.0,
2022-09-12 18:00:00,Imported workout,3600,Triceps Pushdown (Cable - Straight Bar),2,9.0,8.0,,,
2022-09-12 18:00:00,Imported workout,3600,Triceps Pushdown (Cable - Straight Bar),Rest Timer,,,,90.0,
2022-09-12 18:00:00,Imported workout,3600,Triceps Pushdown (Cable - Straight Bar),1,9.0,8.0,,,
2022-09-12 18:00:00,Imported workout,3600,Triceps Pushdown (Cable - Straight Bar),Rest Timer,,,,90.0,
2022-09-13 18:00:00,Imported workout,3600,Overhead Press (Barbell),4,25.0,10.0,,,
2022-09-13 18:00:00,Imported workout,3600,Overhead Press (Barbell),Rest Timer,,,,90.0,
2022-09-13 18:00:00,Imported workout,3600,Overhead Press (Barbell),3,25.0,10.0,,,
2022-09-13 18:00:00,Imported workout,3600,Overhead Press (Barbell),Rest Timer,,,,90.0,
2022-09-13 18:00:00,Imported workout,3600,Overhead Press (Barbell),2,25.0,10.0,,,
2022-09-13 18:00:00,Imported workout,3600,Overhead Press (Barbell),Rest Timer,,,,90.0,
2022-09-13 18:00:00,Imported workout,3600,Overhead Press (Barbell),1,25.0,10.0,,,
2022-09-13 18:00:00,Imported workout,3600,Overhead Press (Barbell),Rest Timer,,,,90.0,
2022-09-13 18:00:00,Imported workout,3600,Pull Up,7,,1.0,,,
2022-09-13 18:00:00,Imported workout,3600,Pull Up,Rest Timer,,,,90.0,
2022-09-13 18:00:00,Imported workout,3600,Pull Up,6,,1.0,,,
2022-09-13 18:00:00,Imported workout,3600,Pull Up,Rest Timer,,,,90.0,
2022-09-13 18:00:00,Imported workout,3600,Pull Up,5,,1.0,,,
2022-09-13 18:00:00,Imported workout,3600,Pull Up,Rest Timer,,,,90.0,
2022-09-13 18:00:00,Imported workout,3600,Pull Up,8,,3.0,,,
2022-09-13 18:00:00,Imported workout,3600,Pull Up,Rest Timer,,,,90.0,
2022-09-13 18:00:00,Imported workout,3600,Pull Up,4,,3.0,,,
2022-09-13 18:00:00,Imported workout,3600,Pull Up,Rest Timer,,,,90.0,
2022-09-13 18:00:00,Imported workout,3600,Pull Up,1,,3.0,,,
2022-09-13 18:00:00,Imported workout,3600,Pull Up,Rest Timer,,,,90.0,
2022-09-13 18:00:00,Imported workout,3600,Pull Up,3,,3.0,,,
2022-09-13 18:00:00,Imported workout,3600,Pull Up,Rest Timer,,,,90.0,
2022-09-13 18:00:00,Imported workout,3600,Pull Up,2,,3.0,,,
2022-09-13 18:00:00,Imported workout,3600,Pull Up,Rest Timer,,,,90.0,
2022-09-13 18:00:00,Imported workout,3600,Preacher Curl (Barbell),4,18.0,8.0,,,
2022-09-13 18:00:00,Imported workout,3600,Preacher Curl (Barbell),Rest Timer,,,,90.0,
2022-09-13 18:00:00,Imported workout,3600,Preacher Curl (Barbell),3,18.0,8.0,,,
2022-09-13 18:00:00,Imported workout,3600,Preacher Curl (Barbell),Rest Timer,,,,90.0,
2022-09-13 18:00:00,Imported workout,3600,Preacher Curl (Barbell),2,18.0,8.0,,,
2022-09-13 18:00:00,Imported workout,3600,Preacher Curl (Barbell),Rest Timer,,,,90.0,
2022-09-13 18:00:00,Imported workout,3600,Preacher Curl (Barbell),1,18.0,8.0,,,
2022-09-13 18:00:00,Imported workout,3600,Preacher Curl (Barbell),Rest Timer,,,,90.0,
2022-09-15 18:00:00,Imported workout,3600,Bulgarian Split Squat,1,16.0,8.0,,,
2022-09-15 18:00:00,Imported workout,3600,Bulgarian Split Squat,Rest Timer,,,,90.0,
2022-09-15 18:00:00,Imported workout,3600,Bulgarian Split Squat,2,16.0,8.0,,,
2022-09-15 18:00:00,Imported workout,3600,Bulgarian Split Squat,Rest Timer,,,,90.0,
2022-09-15 18:00:00,Imported workout,3600,Bulgarian Split Squat,5,16.0,8.0,,,
2022-09-15 18:00:00,Imported workout,3600,Bulgarian Split Squat,Rest Timer,,,,90.0,
2022-09-15 18:00:00,Imported workout,3600,Bulgarian Split Squat,3,16.0,8.0,,,
2022-09-15 18:00:00,Imported workout,3600,Bulgarian Split Squat,Rest Timer,,,,90.0,
2022-09-15 18:00:00,Imported workout,3600,Bulgarian Split Squat,4,16.0,8.0,,,
2022-09-15 18:00:00,Imported workout,3600,Bulgarian Split Squat,Rest Timer,,,,90.0,
2022-09-15 18:00:00,Imported workout,3600,Squat (Barbell),1,30.0,12.0,,,
2022-09-15 18:00:00,Imported workout,3600,Squat (Barbell),Rest Timer,,,,90.0,
2022-09-15 18:00:00,Imported workout,3600,Squat (Barbell),2,30.0,12.0,,,
2022-09-15 18:00:00,Imported workout,3600,Squat (Barbell),Rest Timer,,,,90.0,
2022-09-15 18:00:00,Imported workout,3600,Squat (Barbell),3,30.0,12.0,,,
2022-09-15 18:00:00,Imported workout,3600,Squat (Barbell),Rest Timer,,,,90.0,
2022-09-15 18:00:00,Imported workout,3600,Squat (Barbell),4,30.0,12.0,,,
2022-09-15 18:00:00,Imported workout,3600,Squat (Barbell),Rest Timer,,,,90.0,
2022-09-15 18:00:00,Imported workout,3600,Squat (Barbell),5,30.0,12.0,,,
2022-09-15 18:00:00,Imported workout,3600,Squat (Barbell),Rest Timer,,,,90.0,
2022-09-15 18:00:00,Imported workout,3600,Pull Up,3,,1.0,,,
2022-09-15 18:00:00,Imported workout,3600,Pull Up,Rest Timer,,,,90.0,
2022-09-15 18:00:00,Imported workout,3600,Pull Up,1,,1.0,,,
2022-09-15 18:00:00,Imported workout,3600,Pull Up,Rest Timer,,,,90.0,
2022-09-15 18:00:00,Imported workout,3600,Pull Up,2,,1.0,,,
2022-09-15 18:00:00,Imported workout,3600,Pull Up,Rest Timer,,,,90.0,
2022-09-15 18:00:00,Imported workout,3600,Leg Press,5,45.0,6.0,,,
2022-09-15 18:00:00,Imported workout,3600,Leg Press,Rest Timer,,,,90.0,
2022-09-15 18:00:00,Imported workout,3600,Leg Press,1,45.0,6.0,,,
2022-09-15 18:00:00,Imported workout,3600,Leg Press,Rest Timer,,,,90.0,
2022-09-15 18:00:00,Imported workout,3600,Leg Press,2,45.0,6.0,,,
2022-09-15 18:00:00,Imported workout,3600,Leg Press,Rest Timer,,,,90.0,
2022-09-15 18:00:00,Imported workout,3600,Leg Press,3,45.0,6.0,,,
2022-09-15 18:00:00,Imported workout,3600,Leg Press,Rest Timer,,,,90.0,
2022-09-15 18:00:00,Imported workout,3600,Leg Press,4,45.0,6.0,,,
2022-09-15 18:00:00,Imported workout,3600,Leg Press,Rest Timer,,,,90.0,
2022-09-15 18:00:00,Imported workout,3600,Standing Calf Raise (Machine),1,73.0,5.0,,,
2022-09-15 18:00:00,Imported workout,3600,Standing Calf Raise (Machine),Rest Timer,,,,90.0,
2022-09-15 18:00:00,Imported workout,3600,Standing Calf Raise (Machine),2,73.0,5.0,,,
2022-09-15 18:00:00,Imported workout,3600,Standing Calf Raise (Machine),Rest Timer,,,,90.0,
2022-09-15 18:00:00,Imported workout,3600,Standing Calf Raise (Machine),3,73.0,5.0,,,
2022-09-15 18:00:00,Imported workout,3600,Standing Calf Raise (Machine),Rest Timer,,,,90.0,
2022-09-15 18:00:00,Imported workout,3600,Leg Extension (Machine),2,45.0,12.0,,,
2022-09-15 18:00:00,Imported workout,3600,Leg Extension (Machine),Rest Timer,,,,90.0,
2022-09-15 18:00:00,Imported workout,3600,Leg Extension (Machine),3,45.0,12.0,,,
2022-09-15 18:00:00,Imported workout,3600,Leg Extension (Machine),Rest Timer,,,,90.0,
2022-09-15 18:00:00,Imported workout,3600,Leg Extension (Machine),1,45.0,12.0,,,
2022-09-15 18:00:00,Imported workout,3600,Leg Extension (Machine),Rest Timer,,,,90.0,
2022-09-15 18:00:00,Imported workout,3600,Leg Extension (Machine),4,45.0,12.0,,,
2022-09-15 18:00:00,Imported workout,3600,Leg Extension (Machine),Rest Timer,,,,90.0,
2022-09-15 18:00:00,Imported workout,3600,Leg Extension (Machine),5,45.0,12.0,,,
2022-09-15 18:00:00,Imported workout,3600,Leg Extension (Machine),Rest Timer,,,,90.0,
2022-09-16 18:00:00,Imported workout,3600,Bench Press (Barbell),1,37.5,5.0,,,
2022-09-16 18:00:00,Imported workout,3600,Bench Press (Barbell),Rest Timer,,,,90.0,
2022-09-16 18:00:00,Imported workout,3600,Bench Press (Barbell),2,37.5,5.0,,,
2022-09-16 18:00:00,Imported workout,3600,Bench Press (Barbell),Rest Timer,,,,90.0,
2022-09-16 18:00:00,Imported workout,3600,Bench Press (Barbell),3,37.5,5.0,,,
2022-09-16 18:00:00,Imported workout,3600,Bench Press (Barbell),Rest Timer,,,,90.0,
2022-09-16 18:00:00,Imported workout,3600,Bench Press (Barbell),4,37.5,5.0,,,
2022-09-16 18:00:00,Imported workout,3600,Bench Press (Barbell),Rest Timer,,,,90.0,
2022-09-16 18:00:00,Imported workout,3600,Bulgarian Split Squat,1,16.0,8.0,,,
2022-09-16 18:00:00,Imported workout,3600,Bulgarian Split Squat,Rest Timer,,,,90.0,
2022-09-16 18:00:00,Imported workout,3600,Bulgarian Split Squat,2,16.0,8.0,,,
2022-09-16 18:00:00,Imported workout,3600,Bulgarian Split Squat,Rest Timer,,,,90.0,
2022-09-16 18:00:00,Imported workout,3600,Bulgarian Split Squat,3,16.0,8.0,,,
2022-09-16 18:00:00,Imported workout,3600,Bulgarian Split Squat,Rest Timer,,,,90.0,
2022-09-16 18:00:00,Imported workout,3600,Bulgarian Split Squat,4,16.0,8.0,,,
2022-09-16 18:00:00,Imported workout,3600,Bulgarian Split Squat,Rest Timer,,,,90.0,
2022-09-16 18:00:00,Imported workout,3600,Seated Row (Cable),5,25.0,8.0,,,
2022-09-16 18:00:00,Imported workout,3600,Seated Row (Cable),Rest Timer,,,,90.0,
2022-09-16 18:00:00,Imported workout,3600,Seated Row (Cable),1,25.0,8.0,,,
2022-09-16 18:00:00,Imported workout,3600,Seated Row (Cable),Rest Timer,,,,90.0,
2022-09-16 18:00:00,Imported workout,3600,Seated Row (Cable),2,25.0,8.0,,,
2022-09-16 18:00:00,Imported workout,3600,Seated Row (Cable),Rest Timer,,,,90.0,
2022-09-16 18:00:00,Imported workout,3600,Seated Row (Cable),3,25.0,8.0,,,
2022-09-16 18:00:00,Imported workout,3600,Seated Row (Cable),Rest Timer,,,,90.0,
2022-09-16 18:00:00,Imported workout,3600,Seated Row (Cable),4,25.0,8.0,,,
2022-09-16 18:00:00,Imported workout,3600,Seated Row (Cable),Rest Timer,,,,90.0,
2022-09-16 18:00:00,Imported workout,3600,Bicep Curl (Dumbbell),4,8.0,6.0,,,
2022-09-16 18:00:00,Imported workout,3600,Bicep Curl (Dumbbell),Rest Timer,,,,90.0,
2022-09-16 18:00:00,Imported workout,3600,Bicep Curl (Dumbbell),5,8.0,6.0,,,
2022-09-16 18:00:00,Imported workout,3600,Bicep Curl (Dumbbell),Rest Timer,,,,90.0,
2022-09-16 18:00:00,Imported workout,3600,Bicep Curl (Dumbbell),2,8.0,6.0,,,
2022-09-16 18:00:00,Imported workout,3600,Bicep Curl (Dumbbell),Rest Timer,,,,90.0,
2022-09-16 18:00:00,Imported workout,3600,Bicep Curl (Dumbbell),3,8.0,6.0,,,
2022-09-16 18:00:00,Imported workout,3600,Bicep Curl (Dumbbell),Rest Timer,,,,90.0,
2022-09-16 18:00:00,Imported workout,3600,Bicep Curl (Dumbbell),1,8.0,6.0,,,
2022-09-16 18:00:00,Imported workout,3600,Bicep Curl (Dumbbell),Rest Timer,,,,90.0,
2022-09-16 18:00:00,Imported workout,3600,Triceps Pushdown (Cable - Straight Bar),2,14.0,8.0,,,
2022-09-16 18:00:00,Imported workout,3600,Triceps Pushdown (Cable - Straight Bar),Rest Timer,,,,90.0,
2022-09-16 18:00:00,Imported workout,3600,Triceps Pushdown (Cable - Straight Bar),1,14.0,8.0,,,
2022-09-16 18:00:00,Imported workout,3600,Triceps Pushdown (Cable - Straight Bar),Rest Timer,,,,90.0,
2022-09-16 18:00:00,Imported workout,3600,Triceps Pushdown (Cable - Straight Bar),3,14.0,8.0,,,
2022-09-16 18:00:00,Imported workout,3600,Triceps Pushdown (Cable - Straight Bar),Rest Timer,,,,90.0,
2022-09-16 18:00:00,Imported workout,3600,Leg Press,2,30.0,12.0,,,
2022-09-16 18:00:00,Imported workout,3600,Leg Press,Rest Timer,,,,90.0,
2022-09-16 18:00:00,Imported workout,3600,Leg Press,3,30.0,12.0,,,
2022-09-16 18:00:00,Imported workout,3600,Leg Press,Rest Timer,,,,90.0,
2022-09-16 18:00:00,Imported workout,3600,Leg Press,4,30.0,12.0,,,
2022-09-16 18:00:00,Imported workout,3600,Leg Press,Rest Timer,,,,90.0,
2022-09-16 18:00:00,Imported workout,3600,Leg Press,5,30.0,12.0,,,
2022-09-16 18:00:00,Imported workout,3600,Leg Press,Rest Timer,,,,90.0,
2022-09-16 18:00:00,Imported workout,3600,Leg Press,1,30.0,12.0,,,
2022-09-16 18:00:00,Imported workout,3600,Leg Press,Rest Timer,,,,90.0,
2022-09-16 18:00:00,Imported workout,3600,Lateral Raise (Dumbbell),1,5.0,6.0,,,
2022-09-16 18:00:00,Imported workout,3600,Lateral Raise (Dumbbell),Rest Timer,,,,90.0,
2022-09-16 18:00:00,Imported workout,3600,Lateral Raise (Dumbbell),3,5.0,6.0,,,
2022-09-16 18:00:00,Imported workout,3600,Lateral Raise (Dumbbell),Rest Timer,,,,90.0,
2022-09-16 18:00:00,Imported workout,3600,Lateral Raise (Dumbbell),2,5.0,6.0,,,
2022-09-16 18:00:00,Imported workout,3600,Lateral Raise (Dumbbell),Rest Timer,,,,90.0,
2022-09-16 18:00:00,Imported workout,3600,Knee Raise (Captain's Chair),2,,5.0,,,
2022-09-16 18:00:00,Imported workout,3600,Knee Raise (Captain's Chair),Rest Timer,,,,90.0,
2022-09-16 18:00:00,Imported workout,3600,Knee Raise (Captain's Chair),3,,5.0,,,
2022-09-16 18:00:00,Imported workout,3600,Knee Raise (Captain's Chair),Rest Timer,,,,90.0,
2022-09-16 18:00:00,Imported workout,3600,Knee Raise (Captain's Chair),4,,5.0,,,
2022-09-16 18:00:00,Imported workout,3600,Knee Raise (Captain's Chair),Rest Timer,,,,90.0,
2022-09-16 18:00:00,Imported workout,3600,Knee Raise (Captain's Chair),1,,5.0,,,
2022-09-16 18:00:00,Imported workout,3600,Knee Raise (Captain's Chair),Rest Timer,,,,90.0,
2022-09-16 18:00:00,Imported workout,3600,Knee Raise (Captain's Chair),5,,5.0,,,
2022-09-16 18:00:00,Imported workout,3600,Knee Raise (Captain's Chair),Rest Timer,,,,90.0,
2022-09-16 18:00:00,Imported workout,3600,Running (Treadmill),1,,,,,
2022-09-16 18:00:00,Imported workout,3600,Running (Treadmill),Rest Timer,,,,90.0,
2022-09-19 18:00:00,Imported workout,3600,Pull Up,1,,1.0,,,
2022-09-19 18:00:00,Imported workout,3600,Pull Up,Rest Timer,,,,90.0,
2022-09-19 18:00:00,Imported workout,3600,Pull Up,2,,1.0,,,
2022-09-19 18:00:00,Imported workout,3600,Pull Up,Rest Timer,,,,90.0,
2022-09-19 18:00:00,Imported workout,3600,Pull Up,9,,1.0,,,
2022-09-19 18:00:00,Imported workout,3600,Pull Up,Rest Timer,,,,90.0,
2022-09-19 18:00:00,Imported workout,3600,Pull Up,3,,1.0,,,
2022-09-19 18:00:00,Imported workout,3600,Pull Up,Rest Timer,,,,90.0,
2022-09-19 18:00:00,Imported workout,3600,Pull Up,4,,1.0,,,
2022-09-19 18:00:00,Imported workout,3600,Pull Up,Rest Timer,,,,90.0,
2022-09-19 18:00:00,Imported workout,3600,Pull Up,5,,1.0,,,
2022-09-19 18:00:00,Imported workout,3600,Pull Up,Rest Timer,,,,90.0,
2022-09-19 18:00:00,Imported workout,3600,Pull Up,6,,1.0,,,
2022-09-19 18:00:00,Imported workout,3600,Pull Up,Rest Timer,,,,90.0,
2022-09-19 18:00:00,Imported workout,3600,Pull Up,7,,1.0,,,
2022-09-19 18:00:00,Imported workout,3600,Pull Up,Rest Timer,,,,90.0,
2022-09-19 18:00:00,Imported workout,3600,Pull Up,8,,1.0,,,
2022-09-19 18:00:00,Imported workout,3600,Pull Up,Rest Timer,,,,90.0,
2022-09-19 18:00:00,Imported workout,3600,Seated Overhead Press (Dumbbell),1,8.0,8.0,,,
2022-09-19 18:00:00,Imported workout,3600,Seated Overhead Press (Dumbbell),Rest Timer,,,,90.0,
2022-09-19 18:00:00,Imported workout,3600,Seated Overhead Press (Dumbbell),3,8.0,8.0,,,
2022-09-19 18:00:00,Imported workout,3600,Seated Overhead Press (Dumbbell),Rest Timer,,,,90.0,
2022-09-19 18:00:00,Imported workout,3600,Seated Overhead Press (Dumbbell),2,8.0,8.0,,,
2022-09-19 18:00:00,Imported workout,3600,Seated Overhead Press (Dumbbell),Rest Timer,,,,90.0,
2022-09-19 18:00:00,Imported workout,3600,Seated Overhead Press (Dumbbell),5,8.0,8.0,,,
2022-09-19 18:00:00,Imported workout,3600,Seated Overhead Press (Dumbbell),Rest Timer,,,,90.0,
2022-09-19 18:00:00,Imported workout,3600,Seated Overhead Press (Dumbbell),4,8.0,8.0,,,
2022-09-19 18:00:00,Imported workout,3600,Seated Overhead Press (Dumbbell),Rest Timer,,,,90.0,
2022-09-19 18:00:00,Imported workout,3600,Lying Leg Curl (Machine),4,32.0,8.0,,,
2022-09-19 18:00:00,Imported workout,3600,Lying Leg Curl (Machine),Rest Timer,,,,90.0,
2022-09-19 18:00:00,Imported workout,3600,Lying Leg Curl (Machine),3,32.0,8.0,,,
2022-09-19 18:00:00,Imported workout,3600,Lying Leg Curl (Machine),Rest Timer,,,,90.0,
2022-09-19 18:00:00,Imported workout,3600,Lying Leg Curl (Machine),5,32.0,8.0,,,
2022-09-19 18:00:00,Imported workout,3600,Lying Leg Curl (Machine),Rest Timer,,,,90.0,
2022-09-19 18:00:00,Imported workout,3600,Lying Leg Curl (Machine),2,32.0,8.0,,,
2022-09-19 18:00:00,Imported workout,3600,Lying Leg Curl (Machine),Rest Timer,,,,90.0,
2022-09-19 18:00:00,Imported workout,3600,Lying Leg Curl (Machine),1,32.0,8.0,,,
2022-09-19 18:00:00,Imported workout,3600,Lying Leg Curl (Machine),Rest Timer,,,,90.0,
2022-09-19 18:00:00,Imported workout,3600,Bicep Curl (Dumbbell),3,8.0,8.0,,,
2022-09-19 18:00:00,Imported workout,3600,Bicep Curl (Dumbbell),Rest Timer,,,,90.0,
2022-09-19 18:00:00,Imported workout,3600,Bicep Curl (Dumbbell),2,8.0,8.0,,,
2022-09-19 18:00:00,Imported workout,3600,Bicep Curl (Dumbbell),Rest Timer,,,,90.0,
2022-09-19 18:00:00,Imported workout,3600,Bicep Curl (Dumbbell),1,8.0,8.0,,,
2022-09-19 18:00:00,Imported workout,3600,Bicep Curl (Dumbbell),Rest Timer,,,,90.0,
2022-09-19 18:00:00,Imported workout,3600,Standing Calf Raise (Machine),5,79.0,12.0,,,
2022-09-19 18:00:00,Imported workout,3600,Standing Calf Raise (Machine),Rest Timer,,,,90.0,
2022-09-19 18:00:00,Imported workout,3600,Standing Calf Raise (Machine),4,79.0,12.0,,,
2022-09-19 18:00:00,Imported workout,3600,Standing Calf Raise (Machine),Rest Timer,,,,90.0,
2022-09-19 18:00:00,Imported workout,3600,Standing Calf Raise (Machine),3,79.0,12.0,,,
2022-09-19 18:00:00,Imported workout,3600,Standing Calf Raise (Machine),Rest Timer,,,,90.0,
2022-09-19 18:00:00,Imported workout,3600,Standing Calf Raise (Machine),2,79.0,12.0,,,
2022-09-19 18:00:00,Imported workout,3600,Standing Calf Raise (Machine),Rest Timer,,,,90.0,
2022-09-19 18:00:00,Imported workout,3600,Standing Calf Raise (Machine),1,79.0,12.0,,,
2022-09-19 18:00:00,Imported workout,3600,Standing Calf Raise (Machine),Rest Timer,,,,90.0,
2022-09-19 18:00:00,Imported workout,3600,Leg Press,3,35.0,12.0,,,
2022-09-19 18:00:00,Imported workout,3600,Leg Press,Rest Timer,,,,90.0,
2022-09-19 18:00:00,Imported workout,3600,Leg Press,4,35.0,12.0,,,
2022-09-19 18:00:00,Imported workout,3600,Leg Press,Rest Timer,,,,90.0,
2022-09-19 18:00:00,Imported workout,3600,Leg Press,5,35.0,12.0,,,
2022-09-19 18:00:00,Imported workout,3600,Leg Press,Rest Timer,,,,90.0,
2022-09-19 18:00:00,Imported workout,3600,Leg Press,2,35.0,12.0,,,
2022-09-19 18:00:00,Imported workout,3600,Leg Press,Rest Timer,,,,90.0,
2022-09-19 18:00:00,Imported workout,3600,Leg Press,1,35.0,12.0,,,
2022-09-19 18:00:00,Imported workout,3600,Leg Press,Rest Timer,,,,90.0,
2022-09-19 18:00:00,Imported workout,3600,Lateral Raise (Dumbbell),2,6.0,8.0,,,
2022-09-19 18:00:00,Imported workout,3600,Lateral Raise (Dumbbell),Rest Timer,,,,90.0,
2022-09-19 18:00:00,Imported workout,3600,Lateral Raise (Dumbbell),1,6.0,8.0,,,
2022-09-19 18:00:00,Imported workout,3600,Lateral Raise (Dumbbell),Rest Timer,,,,90.0,
2022-09-19 18:00:00,Imported workout,3600,Lateral Raise (Dumbbell),3,6.0,8.0,,,
2022-09-19 18:00:00,Imported workout,3600,Lateral Raise (Dumbbell),Rest Timer,,,,90.0,
2022-09-19 18:00:00,Imported workout,3600,Lateral Raise (Dumbbell),4,6.0,8.0,,,
2022-09-19 18:00:00,Imported workout,3600,Lateral Raise (Dumbbell),Rest Timer,,,,90.0,
2022-09-19 18:00:00,Imported workout,3600,Lateral Raise (Dumbbell),5,6.0,8.0,,,
2022-09-19 18:00:00,Imported workout,3600,Lateral Raise (Dumbbell),Rest Timer,,,,90.0,
2022-09-19 18:00:00,Imported workout,3600,Knee Raise (Captain's Chair),2,,5.0,,,
2022-09-19 18:00:00,Imported workout,3600,Knee Raise (Captain's Chair),Rest Timer,,,,90.0,
2022-09-19 18:00:00,Imported workout,3600,Knee Raise (Captain's Chair),1,,5.0,,,
2022-09-19 18:00:00,Imported workout,3600,Knee Raise (Captain's Chair),Rest Timer,,,,90.0,
2022-09-19 18:00:00,Imported workout,3600,Knee Raise (Captain's Chair),3,,5.0,,,
2022-09-19 18:00:00,Imported workout,3600,Knee Raise (Captain's Chair),Rest Timer,,,,90.0,
2022-09-19 18:00:00,Imported workout,3600,Knee Raise (Captain's Chair),4,,5.0,,,
2022-09-19 18:00:00,Imported workout,3600,Knee Raise (Captain's Chair),Rest Timer,,,,90.0,
2022-09-19 18:00:00,Imported workout,3600,Knee Raise (Captain's Chair),5,,5.0,,,
2022-09-19 18:00:00,Imported workout,3600,Knee Raise (Captain's Chair),Rest Timer,,,,90.0,
2022-09-19 18:00:00,Imported workout,3600,Inverted Row (Bodyweight),1,,5.0,,,
2022-09-19 18:00:00,Imported workout,3600,Inverted Row (Bodyweight),Rest Timer,,,,90.0,
2022-09-19 18:00:00,Imported workout,3600,Inverted Row (Bodyweight),5,,5.0,,,
2022-09-19 18:00:00,Imported workout,3600,Inverted Row (Bodyweight),Rest Timer,,,,90.0,
2022-09-19 18:00:00,Imported workout,3600,Inverted Row (Bodyweight),2,,5.0,,,
2022-09-19 18:00:00,Imported workout,3600,Inverted Row (Bodyweight),Rest Timer,,,,90.0,
2022-09-19 18:00:00,Imported workout,3600,Inverted Row (Bodyweight),3,,5.0,,,
2022-09-19 18:00:00,Imported workout,3600,Inverted Row (Bodyweight),Rest Timer,,,,90.0,
2022-09-19 18:00:00,Imported workout,3600,Inverted Row (Bodyweight),4,,5.0,,,
2022-09-19 18:00:00,Imported workout,3600,Inverted Row (Bodyweight),Rest Timer,,,,90.0,
2022-09-19 18:00:00,Imported workout,3600,Running (Treadmill),1,,,,,
2022-09-19 18:00:00,Imported workout,3600,Running (Treadmill),Rest Timer,,,,90.0,
2022-09-20 18:00:00,Imported workout,3600,Bench Press (Barbell),5,40.0,5.0,,,
2022-09-20 18:00:00,Imported workout,3600,Bench Press (Barbell),Rest Timer,,,,90.0,
2022-09-20 18:00:00,Imported workout,3600,Bench Press (Barbell),1,40.0,5.0,,,
2022-09-20 18:00:00,Imported workout,3600,Bench Press (Barbell),Rest Timer,,,,90.0,
2022-09-20 18:00:00,Imported workout,3600,Bench Press (Barbell),2,40.0,5.0,,,
2022-09-20 18:00:00,Imported workout,3600,Bench Press (Barbell),Rest Timer,,,,90.0,
2022-09-20 18:00:00,Imported workout,3600,Bench Press (Barbell),3,40.0,5.0,,,
2022-09-20 18:00:00,Imported workout,3600,Bench Press (Barbell),Rest Timer,,,,90.0,
2022-09-20 18:00:00,Imported workout,3600,Bench Press (Barbell),4,40.0,5.0,,,
2022-09-20 18:00:00,Imported workout,3600,Bench Press (Barbell),Rest Timer,,,,90.0,
2022-09-20 18:00:00,Imported workout,3600,Bulgarian Split Squat,1,20.0,8.0,,,
2022-09-20 18:00:00,Imported workout,3600,Bulgarian Split Squat,Rest Timer,,,,90.0,
2022-09-20 18:00:00,Imported workout,3600,Bulgarian Split Squat,2,20.0,8.0,,,
2022-09-20 18:00:00,Imported workout,3600,Bulgarian Split Squat,Rest Timer,,,,90.0,
2022-09-20 18:00:00,Imported workout,3600,Bulgarian Split Squat,3,20.0,8.0,,,
2022-09-20 18:00:00,Imported workout,3600,Bulgarian Split Squat,Rest Timer,,,,90.0,
2022-09-20 18:00:00,Imported workout,3600,Bulgarian Split Squat,5,20.0,8.0,,,
2022-09-20 18:00:00,Imported workout,3600,Bulgarian Split Squat,Rest Timer,,,,90.0,
2022-09-20 18:00:00,Imported workout,3600,Bulgarian Split Squat,4,20.0,8.0,,,
2022-09-20 18:00:00,Imported workout,3600,Bulgarian Split Squat,Rest Timer,,,,90.0,
2022-09-20 18:00:00,Imported workout,3600,Seated Row (Cable),1,32.0,8.0,,,
2022-09-20 18:00:00,Imported workout,3600,Seated Row (Cable),Rest Timer,,,,90.0,
2022-09-20 18:00:00,Imported workout,3600,Seated Row (Cable),2,32.0,8.0,,,
2022-09-20 18:00:00,Imported workout,3600,Seated Row (Cable),Rest Timer,,,,90.0,
2022-09-20 18:00:00,Imported workout,3600,Seated Row (Cable),3,32.0,8.0,,,
2022-09-20 18:00:00,Imported workout,3600,Seated Row (Cable),Rest Timer,,,,90.0,
2022-09-20 18:00:00,Imported workout,3600,Seated Row (Cable),4,32.0,8.0,,,
2022-09-20 18:00:00,Imported workout,3600,Seated Row (Cable),Rest Timer,,,,90.0,
2022-09-20 18:00:00,Imported workout,3600,Seated Row (Cable),5,32.0,8.0,,,
2022-09-20 18:00:00,Imported workout,3600,Seated Row (Cable),Rest Timer,,,,90.0,
2022-09-20 18:00:00,Imported workout,3600,Bicep Curl (Dumbbell),3,10.0,6.0,,,
2022-09-20 18:00:00,Imported workout,3600,Bicep Curl (Dumbbell),Rest Timer,,,,90.0,
2022-09-20 18:00:00,Imported workout,3600,Bicep Curl (Dumbbell),1,10.0,6.0,,,
2022-09-20 18:00:00,Imported workout,3600,Bicep Curl (Dumbbell),Rest Timer,,,,90.0,
2022-09-20 18:00:00,Imported workout,3600,Bicep Curl (Dumbbell),2,10.0,6.0,,,
2022-09-20 18:00:00,Imported workout,3600,Bicep Curl (Dumbbell),Rest Timer,,,,90.0,
2022-09-20 18:00:00,Imported workout,3600,Triceps Pushdown (Cable - Straight Bar),3,10.0,8.0,,,
2022-09-20 18:00:00,Imported workout,3600,Triceps Pushdown (Cable - Straight Bar),Rest Timer,,,,90.0,
2022-09-20 18:00:00,Imported workout,3600,Triceps Pushdown (Cable - Straight Bar),2,10.0,8.0,,,
2022-09-20 18:00:00,Imported workout,3600,Triceps Pushdown (Cable - Straight Bar),Rest Timer,,,,90.0,
2022-09-20 18:00:00,Imported workout,3600,Triceps Pushdown (Cable - Straight Bar),1,10.0,8.0,,,
2022-09-20 18:00:00,Imported workout,3600,Triceps Pushdown (Cable - Straight Bar),Rest Timer,,,,90.0,
2022-09-20 18:00:00,Imported workout,3600,Leg Press,1,35.0,12.0,,,
2022-09-20 18:00:00,Imported workout,3600,Leg Press,Rest Timer,,,,90.0,
2022-09-20 18:00:00,Imported workout,3600,Leg Press,2,35.0,12.0,,,
2022-09-20 18:00:00,Imported workout,3600,Leg Press,Rest Timer,,,,90.0,
2022-09-20 18:00:00,Imported workout,3600,Leg Press,3,35.0,12.0,,,
2022-09-20 18:00:00,Imported workout,3600,Leg Press,Rest Timer,,,,90.0,
2022-09-20 18:00:00,Imported workout,3600,Leg Press,4,35.0,12.0,,,
2022-09-20 18:00:00,Imported workout,3600,Leg Press,Rest Timer,,,,90.0,
2022-09-20 18:00:00,Imported workout,3600,Lateral Raise (Dumbbell),1,7.0,8.0,,,
2022-09-20 18:00:00,Imported workout,3600,Lateral Raise (Dumbbell),Rest Timer,,,,90.0,
2022-09-20 18:00:00,Imported workout,3600,Lateral Raise (Dumbbell),2,7.0,8.0,,,
2022-09-20 18:00:00,Imported workout,3600,Lateral Raise (Dumbbell),Rest Timer,,,,90.0,
2022-09-20 18:00:00,Imported workout,3600,Lateral Raise (Dumbbell),3,7.0,8.0,,,
2022-09-20 18:00:00,Imported workout,3600,Lateral Raise (Dumbbell),Rest Timer,,,,90.0,
2022-09-20 18:00:00,Imported workout,3600,Knee Raise (Captain's Chair),2,,5.0,,,
2022-09-20 18:00:00,Imported workout,3600,Knee Raise (Captain's Chair),Rest Timer,,,,90.0,
2022-09-20 18:00:00,Imported workout,3600,Knee Raise (Captain's Chair),3,,5.0,,,
2022-09-20 18:00:00,Imported workout,3600,Knee Raise (Captain's Chair),Rest Timer,,,,90.0,
2022-09-20 18:00:00,Imported workout,3600,Knee Raise (Captain's Chair),4,,5.0,,,
2022-09-20 18:00:00,Imported workout,3600,Knee Raise (Captain's Chair),Rest Timer,,,,90.0,
2022-09-20 18:00:00,Imported workout,3600,Knee Raise (Captain's Chair),5,,5.0,,,
2022-09-20 18:00:00,Imported workout,3600,Knee Raise (Captain's Chair),Rest Timer,,,,90.0,
2022-09-20 18:00:00,Imported workout,3600,Knee Raise (Captain's Chair),1,,5.0,,,
2022-09-20 18:00:00,Imported workout,3600,Knee Raise (Captain's Chair),Rest Timer,,,,90.0,
2022-09-20 18:00:00,Imported workout,3600,Inverted Row (Bodyweight),1,,10.0,,,
2022-09-20 18:00:00,Imported workout,3600,Inverted Row (Bodyweight),Rest Timer,,,,90.0,
2022-09-20 18:00:00,Imported workout,3600,Running (Treadmill),1,,,,,
2022-09-20 18:00:00,Imported workout,3600,Running (Treadmill),Rest Timer,,,,90.0,
2022-09-22 18:00:00,Imported workout,3600,Pull Up,1,,1.0,,,
2022-09-22 18:00:00,Imported workout,3600,Pull Up,Rest Timer,,,,90.0,
2022-09-22 18:00:00,Imported workout,3600,Pull Up,2,,1.0,,,
2022-09-22 18:00:00,Imported workout,3600,Pull Up,Rest Timer,,,,90.0,
2022-09-22 18:00:00,Imported workout,3600,Pull Up,6,,1.0,,,
2022-09-22 18:00:00,Imported workout,3600,Pull Up,Rest Timer,,,,90.0,
2022-09-22 18:00:00,Imported workout,3600,Pull Up,3,,1.0,,,
2022-09-22 18:00:00,Imported workout,3600,Pull Up,Rest Timer,,,,90.0,
2022-09-22 18:00:00,Imported workout,3600,Pull Up,4,,1.0,,,
2022-09-22 18:00:00,Imported workout,3600,Pull Up,Rest Timer,,,,90.0,
2022-09-22 18:00:00,Imported workout,3600,Pull Up,5,,1.0,,,
2022-09-22 18:00:00,Imported workout,3600,Pull Up,Rest Timer,,,,90.0,
2022-09-22 18:00:00,Imported workout,3600,Seated Overhead Press (Dumbbell),1,9.5,6.0,,,
2022-09-22 18:00:00,Imported workout,3600,Seated Overhead Press (Dumbbell),Rest Timer,,,,90.0,
2022-09-22 18:00:00,Imported workout,3600,Seated Overhead Press (Dumbbell),5,9.5,6.0,,,
2022-09-22 18:00:00,Imported workout,3600,Seated Overhead Press (Dumbbell),Rest Timer,,,,90.0,
2022-09-22 18:00:00,Imported workout,3600,Seated Overhead Press (Dumbbell),2,9.5,6.0,,,
2022-09-22 18:00:00,Imported workout,3600,Seated Overhead Press (Dumbbell),Rest Timer,,,,90.0,
2022-09-22 18:00:00,Imported workout,3600,Seated Overhead Press (Dumbbell),3,9.5,6.0,,,
2022-09-22 18:00:00,Imported workout,3600,Seated Overhead Press (Dumbbell),Rest Timer,,,,90.0,
2022-09-22 18:00:00,Imported workout,3600,Seated Overhead Press (Dumbbell),4,9.5,6.0,,,
2022-09-22 18:00:00,Imported workout,3600,Seated Overhead Press (Dumbbell),Rest Timer,,,,90.0,
2022-09-22 18:00:00,Imported workout,3600,Lying Leg Curl (Machine),4,32.0,8.0,,,
2022-09-22 18:00:00,Imported workout,3600,Lying Leg Curl (Machine),Rest Timer,,,,90.0,
2022-09-22 18:00:00,Imported workout,3600,Lying Leg Curl (Machine),1,32.0,8.0,,,
2022-09-22 18:00:00,Imported workout,3600,Lying Leg Curl (Machine),Rest Timer,,,,90.0,
2022-09-22 18:00:00,Imported workout,3600,Lying Leg Curl (Machine),5,32.0,8.0,,,
2022-09-22 18:00:00,Imported workout,3600,Lying Leg Curl (Machine),Rest Timer,,,,90.0,
2022-09-22 18:00:00,Imported workout,3600,Lying Leg Curl (Machine),2,32.0,8.0,,,
2022-09-22 18:00:00,Imported workout,3600,Lying Leg Curl (Machine),Rest Timer,,,,90.0,
2022-09-22 18:00:00,Imported workout,3600,Lying Leg Curl (Machine),3,32.0,8.0,,,
2022-09-22 18:00:00,Imported workout,3600,Lying Leg Curl (Machine),Rest Timer,,,,90.0,
2022-09-22 18:00:00,Imported workout,3600,Bicep Curl (Dumbbell),2,10.0,8.0,,,
2022-09-22 18:00:00,Imported workout,3600,Bicep Curl (Dumbbell),Rest Timer,,,,90.0,
2022-09-22 18:00:00,Imported workout,3600,Bicep Curl (Dumbbell),1,10.0,8.0,,,
2022-09-22 18:00:00,Imported workout,3600,Bicep Curl (Dumbbell),Rest Timer,,,,90.0,
2022-09-22 18:00:00,Imported workout,3600,Standing Calf Raise (Machine),1,93.0,12.0,,,
2022-09-22 18:00:00,Imported workout,3600,Standing Calf Raise (Machine),Rest Timer,,,,90.0,
2022-09-22 18:00:00,Imported workout,3600,Standing Calf Raise (Machine),2,93.0,12.0,,,
2022-09-22 18:00:00,Imported workout,3600,Standing Calf Raise (Machine),Rest Timer,,,,90.0,
2022-09-22 18:00:00,Imported workout,3600,Standing Calf Raise (Machine),3,93.0,12.0,,,
2022-09-22 18:00:00,Imported workout,3600,Standing Calf Raise (Machine),Rest Timer,,,,90.0,
2022-09-22 18:00:00,Imported workout,3600,Standing Calf Raise (Machine),4,93.0,12.0,,,
2022-09-22 18:00:00,Imported workout,3600,Standing Calf Raise (Machine),Rest Timer,,,,90.0,
2022-09-22 18:00:00,Imported workout,3600,Standing Calf Raise (Machine),5,93.0,12.0,,,
2022-09-22 18:00:00,Imported workout,3600,Standing Calf Raise (Machine),Rest Timer,,,,90.0,
2022-09-22 18:00:00,Imported workout,3600,Leg Press,1,40.0,12.0,,,
2022-09-22 18:00:00,Imported workout,3600,Leg Press,Rest Timer,,,,90.0,
2022-09-22 18:00:00,Imported workout,3600,Lateral Raise (Dumbbell),1,7.0,8.0,,,
2022-09-22 18:00:00,Imported workout,3600,Lateral Raise (Dumbbell),Rest Timer,,,,90.0,
2022-09-22 18:00:00,Imported workout,3600,Lateral Raise (Dumbbell),3,7.0,8.0,,,
2022-09-22 18:00:00,Imported workout,3600,Lateral Raise (Dumbbell),Rest Timer,,,,90.0,
2022-09-22 18:00:00,Imported workout,3600,Lateral Raise (Dumbbell),2,7.0,8.0,,,
2022-09-22 18:00:00,Imported workout,3600,Lateral Raise (Dumbbell),Rest Timer,,,,90.0,
2022-09-22 18:00:00,Imported workout,3600,Knee Raise (Captain's Chair),2,,8.0,,,
2022-09-22 18:00:00,Imported workout,3600,Knee Raise (Captain's Chair),Rest Timer,,,,90.0,
2022-09-22 18:00:00,Imported workout,3600,Knee Raise (Captain's Chair),1,,8.0,,,
2022-09-22 18:00:00,Imported workout,3600,Knee Raise (Captain's Chair),Rest Timer,,,,90.0,
2022-09-22 18:00:00,Imported workout,3600,Inverted Row (Bodyweight),1,,10.0,,,
2022-09-22 18:00:00,Imported workout,3600,Inverted Row (Bodyweight),Rest Timer,,,,90.0,
2022-09-22 18:00:00,Imported workout,3600,Inverted Row (Bodyweight),2,,10.0,,,
2022-09-22 18:00:00,Imported workout,3600,Inverted Row (Bodyweight),Rest Timer,,,,90.0,
2022-09-22 18:00:00,Imported workout,3600,Running (Treadmill),1,,,,,
2022-09-22 18:00:00,Imported workout,3600,Running (Treadmill),Rest Timer,,,,90.0,
2022-09-24 18:00:00,Imported workout,3600,Bench Press (Barbell),1,45.0,4.0,,,
2022-09-24 18:00:00,Imported workout,3600,Bench Press (Barbell),Rest Timer,,,,90.0,
2022-09-24 18:00:00,Imported workout,3600,Bench Press (Barbell),5,45.0,4.0,,,
2022-09-24 18:00:00,Imported workout,3600,Bench Press (Barbell),Rest Timer,,,,90.0,
2022-09-24 18:00:00,Imported workout,3600,Bench Press (Barbell),2,45.0,4.0,,,
2022-09-24 18:00:00,Imported workout,3600,Bench Press (Barbell),Rest Timer,,,,90.0,
2022-09-24 18:00:00,Imported workout,3600,Bench Press (Barbell),3,45.0,4.0,,,
2022-09-24 18:00:00,Imported workout,3600,Bench Press (Barbell),Rest Timer,,,,90.0,
2022-09-24 18:00:00,Imported workout,3600,Bench Press (Barbell),4,45.0,4.0,,,
2022-09-24 18:00:00,Imported workout,3600,Bench Press (Barbell),Rest Timer,,,,90.0,
2022-09-24 18:00:00,Imported workout,3600,Bulgarian Split Squat,5,24.0,8.0,,,
2022-09-24 18:00:00,Imported workout,3600,Bulgarian Split Squat,Rest Timer,,,,90.0,
2022-09-24 18:00:00,Imported workout,3600,Bulgarian Split Squat,1,24.0,8.0,,,
2022-09-24 18:00:00,Imported workout,3600,Bulgarian Split Squat,Rest Timer,,,,90.0,
2022-09-24 18:00:00,Imported workout,3600,Bulgarian Split Squat,2,24.0,8.0,,,
2022-09-24 18:00:00,Imported workout,3600,Bulgarian Split Squat,Rest Timer,,,,90.0,
2022-09-24 18:00:00,Imported workout,3600,Bulgarian Split Squat,3,24.0,8.0,,,
2022-09-24 18:00:00,Imported workout,3600,Bulgarian Split Squat,Rest Timer,,,,90.0,
2022-09-24 18:00:00,Imported workout,3600,Bulgarian Split Squat,4,24.0,8.0,,,
2022-09-24 18:00:00,Imported workout,3600,Bulgarian Split Squat,Rest Timer,,,,90.0,
2022-09-24 18:00:00,Imported workout,3600,Triceps Pushdown (Cable - Straight Bar),4,9.0,8.0,,,
2022-09-24 18:00:00,Imported workout,3600,Triceps Pushdown (Cable - Straight Bar),Rest Timer,,,,90.0,
2022-09-24 18:00:00,Imported workout,3600,Triceps Pushdown (Cable - Straight Bar),5,9.0,8.0,,,
2022-09-24 18:00:00,Imported workout,3600,Triceps Pushdown (Cable - Straight Bar),Rest Timer,,,,90.0,
2022-09-24 18:00:00,Imported workout,3600,Triceps Pushdown (Cable - Straight Bar),3,9.0,8.0,,,
2022-09-24 18:00:00,Imported workout,3600,Triceps Pushdown (Cable - Straight Bar),Rest Timer,,,,90.0,
2022-09-24 18:00:00,Imported workout,3600,Triceps Pushdown (Cable - Straight Bar),2,9.0,8.0,,,
2022-09-24 18:00:00,Imported workout,3600,Triceps Pushdown (Cable - Straight Bar),Rest Timer,,,,90.0,
2022-09-24 18:00:00,Imported workout,3600,Triceps Pushdown (Cable - Straight Bar),1,9.0,8.0,,,
2022-09-24 18:00:00,Imported workout,3600,Triceps Pushdown (Cable - Straight Bar),Rest Timer,,,,90.0,
2022-09-24 18:00:00,Imported workout,3600,Bicep Curl (Dumbbell),1,10.0,8.0,,,
2022-09-24 18:00:00,Imported workout,3600,Bicep Curl (Dumbbell),Rest Timer,,,,90.0,
2022-09-24 18:00:00,Imported workout,3600,Bicep Curl (Dumbbell),2,10.0,8.0,,,
2022-09-24 18:00:00,Imported workout,3600,Bicep Curl (Dumbbell),Rest Timer,,,,90.0,
2022-09-24 18:00:00,Imported workout,3600,Bicep Curl (Dumbbell),3,10.0,8.0,,,
2022-09-24 18:00:00,Imported workout,3600,Bicep Curl (Dumbbell),Rest Timer,,,,90.0,
2022-09-24 18:00:00,Imported workout,3600,Leg Press,5,45.0,12.0,,,
2022-09-24 18:00:00,Imported workout,3600,Leg Press,Rest Timer,,,,90.0,
2022-09-24 18:00:00,Imported workout,3600,Leg Press,2,45.0,12.0,,,
2022-09-24 18:00:00,Imported workout,3600,Leg Press,Rest Timer,,,,90.0,
2022-09-24 18:00:00,Imported workout,3600,Leg Press,1,45.0,12.0,,,
2022-09-24 18:00:00,Imported workout,3600,Leg Press,Rest Timer,,,,90.0,
2022-09-24 18:00:00,Imported workout,3600,Leg Press,3,60.0,12.0,,,
2022-09-24 18:00:00,Imported workout,3600,Leg Press,Rest Timer,,,,90.0,
2022-09-24 18:00:00,Imported workout,3600,Leg Press,4,60.0,12.0,,,
2022-09-24 18:00:00,Imported workout,3600,Leg Press,Rest Timer,,,,90.0,
2022-09-24 18:00:00,Imported workout,3600,Running (Treadmill),1,,,,,
2022-09-24 18:00:00,Imported workout,3600,Running (Treadmill),Rest Timer,,,,90.0,
2022-09-26 18:00:00,Imported workout,3600,Pull Up,1,,2.0,,,
2022-09-26 18:00:00,Imported workout,3600,Pull Up,Rest Timer,,,,90.0,
2022-09-26 18:00:00,Imported workout,3600,Pull Up,2,,2.0,,,
2022-09-26 18:00:00,Imported workout,3600,Pull Up,Rest Timer,,,,90.0,
2022-09-26 18:00:00,Imported workout,3600,Pull Up,5,,2.0,,,
2022-09-26 18:00:00,Imported workout,3600,Pull Up,Rest Timer,,,,90.0,
2022-09-26 18:00:00,Imported workout,3600,Pull Up,3,,2.0,,,
2022-09-26 18:00:00,Imported workout,3600,Pull Up,Rest Timer,,,,90.0,
2022-09-26 18:00:00,Imported workout,3600,Pull Up,4,,2.0,,,
2022-09-26 18:00:00,Imported workout,3600,Pull Up,Rest Timer,,,,90.0,
2022-09-26 18:00:00,Imported workout,3600,Seated Overhead Press (Dumbbell),1,10.0,8.0,,,
2022-09-26 18:00:00,Imported workout,3600,Seated Overhead Press (Dumbbell),Rest Timer,,,,90.0,
2022-09-26 18:00:00,Imported workout,3600,Seated Overhead Press (Dumbbell),2,10.0,8.0,,,
2022-09-26 18:00:00,Imported workout,3600,Seated Overhead Press (Dumbbell),Rest Timer,,,,90.0,
2022-09-26 18:00:00,Imported workout,3600,Seated Overhead Press (Dumbbell),5,10.0,8.0,,,
2022-09-26 18:00:00,Imported workout,3600,Seated Overhead Press (Dumbbell),Rest Timer,,,,90.0,
2022-09-26 18:00:00,Imported workout,3600,Seated Overhead Press (Dumbbell),3,10.0,8.0,,,
2022-09-26 18:00:00,Imported workout,3600,Seated Overhead Press (Dumbbell),Rest Timer,,,,90.0,
2022-09-26 18:00:00,Imported workout,3600,Seated Overhead Press (Dumbbell),4,10.0,8.0,,,
2022-09-26 18:00:00,Imported workout,3600,Seated Overhead Press (Dumbbell),Rest Timer,,,,90.0,
2022-09-26 18:00:00,Imported workout,3600,Lying Leg Curl (Machine),1,41.0,8.0,,,
2022-09-26 18:00:00,Imported workout,3600,Lying Leg Curl (Machine),Rest Timer,,,,90.0,
2022-09-26 18:00:00,Imported workout,3600,Lying Leg Curl (Machine),2,41.0,8.0,,,
2022-09-26 18:00:00,Imported workout,3600,Lying Leg Curl (Machine),Rest Timer,,,,90.0,
2022-09-26 18:00:00,Imported workout,3600,Lying Leg Curl (Machine),3,41.0,8.0,,,
2022-09-26 18:00:00,Imported workout,3600,Lying Leg Curl (Machine),Rest Timer,,,,90.0,
2022-09-26 18:00:00,Imported workout,3600,Lying Leg Curl (Machine),4,41.0,8.0,,,
2022-09-26 18:00:00,Imported workout,3600,Lying Leg Curl (Machine),Rest Timer,,,,90.0,
2022-09-26 18:00:00,Imported workout,3600,Lying Leg Curl (Machine),5,41.0,8.0,,,
2022-09-26 18:00:00,Imported workout,3600,Lying Leg Curl (Machine),Rest Timer,,,,90.0,
2022-09-26 18:00:00,Imported workout,3600,Standing Calf Raise (Machine),3,100.0,12.0,,,
2022-09-26 18:00:00,Imported workout,3600,Standing Calf Raise (Machine),Rest Timer,,,,90.0,
2022-09-26 18:00:00,Imported workout,3600,Standing Calf Raise (Machine),4,100.0,12.0,,,
2022-09-26 18:00:00,Imported workout,3600,Standing Calf Raise (Machine),Rest Timer,,,,90.0,
2022-09-26 18:00:00,Imported workout,3600,Standing Calf Raise (Machine),2,100.0,12.0,,,
2022-09-26 18:00:00,Imported workout,3600,Standing Calf Raise (Machine),Rest Timer,,,,90.0,
2022-09-26 18:00:00,Imported workout,3600,Standing Calf Raise (Machine),1,100.0,12.0,,,
2022-09-26 18:00:00,Imported workout,3600,Standing Calf Raise (Machine),Rest Timer,,,,90.0,
2022-09-26 18:00:00,Imported workout,3600,Leg Press,1,75.0,12.0,,,
2022-09-26 18:00:00,Imported workout,3600,Leg Press,Rest Timer,,,,90.0,
2022-09-26 18:00:00,Imported workout,3600,Leg Press,2,75.0,12.0,,,
2022-09-26 18:00:00,Imported workout,3600,Leg Press,Rest Timer,,,,90.0,
2022-09-26 18:00:00,Imported workout,3600,Leg Press,3,75.0,12.0,,,
2022-09-26 18:00:00,Imported workout,3600,Leg Press,Rest Timer,,,,90.0,
2022-09-26 18:00:00,Imported workout,3600,Leg Press,4,75.0,12.0,,,
2022-09-26 18:00:00,Imported workout,3600,Leg Press,Rest Timer,,,,90.0,
2022-09-26 18:00:00,Imported workout,3600,Leg Press,5,75.0,12.0,,,
2022-09-26 18:00:00,Imported workout,3600,Leg Press,Rest Timer,,,,90.0,
2022-09-26 18:00:00,Imported workout,3600,Lateral Raise (Dumbbell),3,10.0,8.0,,,
2022-09-26 18:00:00,Imported workout,3600,Lateral Raise (Dumbbell),Rest Timer,,,,90.0,
2022-09-26 18:00:00,Imported workout,3600,Lateral Raise (Dumbbell),1,10.0,8.0,,,
2022-09-26 18:00:00,Imported workout,3600,Lateral Raise (Dumbbell),Rest Timer,,,,90.0,
2022-09-26 18:00:00,Imported workout,3600,Lateral Raise (Dumbbell),2,10.0,8.0,,,
2022-09-26 18:00:00,Imported workout,3600,Lateral Raise (Dumbbell),Rest Timer,,,,90.0,
2022-09-26 18:00:00,Imported workout,3600,Preacher Curl (Barbell),3,18.0,8.0,,,
2022-09-26 18:00:00,Imported workout,3600,Preacher Curl (Barbell),Rest Timer,,,,90.0,
2022-09-26 18:00:00,Imported workout,3600,Preacher Curl (Barbell),1,18.0,8.0,,,
2022-09-26 18:00:00,Imported workout,3600,Preacher Curl (Barbell),Rest Timer,,,,90.0,
2022-09-26 18:00:00,Imported workout,3600,Preacher Curl (Barbell),2,18.0,8.0,,,
2022-09-26 18:00:00,Imported workout,3600,Preacher Curl (Barbell),Rest Timer,,,,90.0,
2022-09-26 18:00:00,Imported workout,3600,Inverted Row (Bodyweight),2,,6.0,,,
2022-09-26 18:00:00,Imported workout,3600,Inverted Row (Bodyweight),Rest Timer,,,,90.0,
2022-09-26 18:00:00,Imported workout,3600,Inverted Row (Bodyweight),1,,6.0,,,
2022-09-26 18:00:00,Imported workout,3600,Inverted Row (Bodyweight),Rest Timer,,,,90.0,
2022-09-26 18:00:00,Imported workout,3600,Inverted Row (Bodyweight),3,,6.0,,,
2022-09-26 18:00:00,Imported workout,3600,Inverted Row (Bodyweight),Rest Timer,,,,90.0,
2022-09-26 18:00:00,Imported workout,3600,Inverted Row (Bodyweight),4,,6.0,,,
2022-09-26 18:00:00,Imported workout,3600,Inverted Row (Bodyweight),Rest Timer,,,,90.0,
2022-09-26 18:00:00,Imported workout,3600,Inverted Row (Bodyweight),5,,6.0,,,
2022-09-26 18:00:00,Imported workout,3600,Inverted Row (Bodyweight),Rest Timer,,,,90.0,
2022-09-27 18:00:00,Imported workout,3600,Bench Press (Smith Machine),5,35.0,6.0,,,
2022-09-27 18:00:00,Imported workout,3600,Bench Press (Smith Machine),Rest Timer,,,,90.0,
2022-09-27 18:00:00,Imported workout,3600,Bench Press (Smith Machine),4,35.0,6.0,,,
2022-09-27 18:00:00,Imported workout,3600,Bench Press (Smith Machine),Rest Timer,,,,90.0,
2022-09-27 18:00:00,Imported workout,3600,Bench Press (Smith Machine),3,35.0,6.0,,,
2022-09-27 18:00:00,Imported workout,3600,Bench Press (Smith Machine),Rest Timer,,,,90.0,
2022-09-27 18:00:00,Imported workout,3600,Bench Press (Smith Machine),2,35.0,6.0,,,
2022-09-27 18:00:00,Imported workout,3600,Bench Press (Smith Machine),Rest Timer,,,,90.0,
2022-09-27 18:00:00,Imported workout,3600,Bench Press (Smith Machine),1,35.0,6.0,,,
2022-09-27 18:00:00,Imported workout,3600,Bench Press (Smith Machine),Rest Timer,,,,90.0,
2022-09-27 18:00:00,Imported workout,3600,Squat (Barbell),4,20.0,12.0,,,
2022-09-27 18:00:00,Imported workout,3600,Squat (Barbell),Rest Timer,,,,90.0,
2022-09-27 18:00:00,Imported workout,3600,Squat (Barbell),3,20.0,12.0,,,
2022-09-27 18:00:00,Imported workout,3600,Squat (Barbell),Rest Timer,,,,90.0,
2022-09-27 18:00:00,Imported workout,3600,Squat (Barbell),2,20.0,12.0,,,
2022-09-27 18:00:00,Imported workout,3600,Squat (Barbell),Rest Timer,,,,90.0,
2022-09-27 18:00:00,Imported workout,3600,Squat (Barbell),1,20.0,12.0,,,
2022-09-27 18:00:00,Imported workout,3600,Squat (Barbell),Rest Timer,,,,90.0,
2022-09-27 18:00:00,Imported workout,3600,Squat (Barbell),5,20.0,12.0,,,
2022-09-27 18:00:00,Imported workout,3600,Squat (Barbell),Rest Timer,,,,90.0,
2022-09-27 18:00:00,Imported workout,3600,Seated Row (Cable),5,39.0,8.0,,,
2022-09-27 18:00:00,Imported workout,3600,Seated Row (Cable),Rest Timer,,,,90.0,
2022-09-27 18:00:00,Imported workout,3600,Seated Row (Cable),4,39.0,8.0,,,
2022-09-27 18:00:00,Imported workout,3600,Seated Row (Cable),Rest Timer,,,,90.0,
2022-09-27 18:00:00,Imported workout,3600,Seated Row (Cable),1,39.0,8.0,,,
2022-09-27 18:00:00,Imported workout,3600,Seated Row (Cable),Rest Timer,,,,90.0,
2022-09-27 18:00:00,Imported workout,3600,Seated Row (Cable),2,39.0,8.0,,,
2022-09-27 18:00:00,Imported workout,3600,Seated Row (Cable),Rest Timer,,,,90.0,
2022-09-27 18:00:00,Imported workout,3600,Seated Row (Cable),3,39.0,8.0,,,
2022-09-27 18:00:00,Imported workout,3600,Seated Row (Cable),Rest Timer,,,,90.0,
2022-09-27 18:00:00,Imported workout,3600,Leg Extension (Machine),5,59.0,8.0,,,
2022-09-27 18:00:00,Imported workout,3600,Leg Extension (Machine),Rest Timer,,,,90.0,
2022-09-27 18:00:00,Imported workout,3600,Leg Extension (Machine),2,59.0,8.0,,,
2022-09-27 18:00:00,Imported workout,3600,Leg Extension (Machine),Rest Timer,,,,90.0,
2022-09-27 18:00:00,Imported workout,3600,Leg Extension (Machine),3,59.0,8.0,,,
2022-09-27 18:00:00,Imported workout,3600,Leg Extension (Machine),Rest Timer,,,,90.0,
2022-09-27 18:00:00,Imported workout,3600,Leg Extension (Machine),1,59.0,8.0,,,
2022-09-27 18:00:00,Imported workout,3600,Leg Extension (Machine),Rest Timer,,,,90.0,
2022-09-27 18:00:00,Imported workout,3600,Leg Extension (Machine),4,59.0,8.0,,,
2022-09-27 18:00:00,Imported workout,3600,Leg Extension (Machine),Rest Timer,,,,90.0,
2022-09-29 18:00:00,Imported workout,3600,Bench Press (Barbell),5,50.0,4.0,,,
2022-09-29 18:00:00,Imported workout,3600,Bench Press (Barbell),Rest Timer,,,,90.0,
2022-09-29 18:00:00,Imported workout,3600,Bench Press (Barbell),4,50.0,4.0,,,
2022-09-29 18:00:00,Imported workout,3600,Bench Press (Barbell),Rest Timer,,,,90.0,
2022-09-29 18:00:00,Imported workout,3600,Bench Press (Barbell),3,50.0,4.0,,,
2022-09-29 18:00:00,Imported workout,3600,Bench Press (Barbell),Rest Timer,,,,90.0,
2022-09-29 18:00:00,Imported workout,3600,Bench Press (Barbell),2,50.0,4.0,,,
2022-09-29 18:00:00,Imported workout,3600,Bench Press (Barbell),Rest Timer,,,,90.0,
2022-09-29 18:00:00,Imported workout,3600,Bench Press (Barbell),1,50.0,4.0,,,
2022-09-29 18:00:00,Imported workout,3600,Bench Press (Barbell),Rest Timer,,,,90.0,
2022-09-29 18:00:00,Imported workout,3600,T Bar Row,5,30.0,8.0,,,
2022-09-29 18:00:00,Imported workout,3600,T Bar Row,Rest Timer,,,,90.0,
2022-09-29 18:00:00,Imported workout,3600,T Bar Row,3,30.0,8.0,,,
2022-09-29 18:00:00,Imported workout,3600,T Bar Row,Rest Timer,,,,90.0,
2022-09-29 18:00:00,Imported workout,3600,T Bar Row,4,30.0,8.0,,,
2022-09-29 18:00:00,Imported workout,3600,T Bar Row,Rest Timer,,,,90.0,
2022-09-29 18:00:00,Imported workout,3600,T Bar Row,1,30.0,8.0,,,
2022-09-29 18:00:00,Imported workout,3600,T Bar Row,Rest Timer,,,,90.0,
2022-09-29 18:00:00,Imported workout,3600,T Bar Row,2,30.0,8.0,,,
2022-09-29 18:00:00,Imported workout,3600,T Bar Row,Rest Timer,,,,90.0,
2022-09-29 18:00:00,Imported workout,3600,Lateral Raise (Dumbbell),3,7.0,7.0,,,
2022-09-29 18:00:00,Imported workout,3600,Lateral Raise (Dumbbell),Rest Timer,,,,90.0,
2022-09-29 18:00:00,Imported workout,3600,Lateral Raise (Dumbbell),2,7.0,7.0,,,
2022-09-29 18:00:00,Imported workout,3600,Lateral Raise (Dumbbell),Rest Timer,,,,90.0,
2022-09-29 18:00:00,Imported workout,3600,Lateral Raise (Dumbbell),1,7.0,7.0,,,
2022-09-29 18:00:00,Imported workout,3600,Lateral Raise (Dumbbell),Rest Timer,,,,90.0,
2022-10-01 18:00:00,Imported workout,3600,Pull Up,1,,2.0,,,
2022-10-01 18:00:00,Imported workout,3600,Pull Up,Rest Timer,,,,90.0,
2022-10-01 18:00:00,Imported workout,3600,Pull Up,2,,2.0,,,
2022-10-01 18:00:00,Imported workout,3600,Pull Up,Rest Timer,,,,90.0,
2022-10-01 18:00:00,Imported workout,3600,Pull Up,3,,2.0,,,
2022-10-01 18:00:00,Imported workout,3600,Pull Up,Rest Timer,,,,90.0,
2022-10-01 18:00:00,Imported workout,3600,Seated Overhead Press (Dumbbell),1,10.0,8.0,,,
2022-10-01 18:00:00,Imported workout,3600,Seated Overhead Press (Dumbbell),Rest Timer,,,,90.0,
2022-10-01 18:00:00,Imported workout,3600,Seated Overhead Press (Dumbbell),2,10.0,8.0,,,
2022-10-01 18:00:00,Imported workout,3600,Seated Overhead Press (Dumbbell),Rest Timer,,,,90.0,
2022-10-01 18:00:00,Imported workout,3600,Seated Overhead Press (Dumbbell),3,10.0,8.0,,,
2022-10-01 18:00:00,Imported workout,3600,Seated Overhead Press (Dumbbell),Rest Timer,,,,90.0,
2022-10-01 18:00:00,Imported workout,3600,Seated Overhead Press (Dumbbell),4,10.0,8.0,,,
2022-10-01 18:00:00,Imported workout,3600,Seated Overhead Press (Dumbbell),Rest Timer,,,,90.0,
2022-10-01 18:00:00,Imported workout,3600,Seated Overhead Press (Dumbbell),5,10.0,8.0,,,
2022-10-01 18:00:00,Imported workout,3600,Seated Overhead Press (Dumbbell),Rest Timer,,,,90.0,
2022-10-01 18:00:00,Imported workout,3600,Lying Leg Curl (Machine),5,42.0,8.0,,,
2022-10-01 18:00:00,Imported workout,3600,Lying Leg Curl (Machine),Rest Timer,,,,90.0,
2022-10-01 18:00:00,Imported workout,3600,Lying Leg Curl (Machine),1,42.0,8.0,,,
2022-10-01 18:00:00,Imported workout,3600,Lying Leg Curl (Machine),Rest Timer,,,,90.0,
2022-10-01 18:00:00,Imported workout,3600,Lying Leg Curl (Machine),2,42.0,8.0,,,
2022-10-01 18:00:00,Imported workout,3600,Lying Leg Curl (Machine),Rest Timer,,,,90.0,
2022-10-01 18:00:00,Imported workout,3600,Lying Leg Curl (Machine),3,42.0,8.0,,,
2022-10-01 18:00:00,Imported workout,3600,Lying Leg Curl (Machine),Rest Timer,,,,90.0,
2022-10-01 18:00:00,Imported workout,3600,Lying Leg Curl (Machine),4,42.0,8.0,,,
2022-10-01 18:00:00,Imported workout,3600,Lying Leg Curl (Machine),Rest Timer,,,,90.0,
2022-10-01 18:00:00,Imported workout,3600,Skullcrusher (Barbell),2,10.0,5.0,,,
2022-10-01 18:00:00,Imported workout,3600,Skullcrusher (Barbell),Rest Timer,,,,90.0,
2022-10-01 18:00:00,Imported workout,3600,Skullcrusher (Barbell),3,10.0,5.0,,,
2022-10-01 18:00:00,Imported workout,3600,Skullcrusher (Barbell),Rest Timer,,,,90.0,
2022-10-01 18:00:00,Imported workout,3600,Skullcrusher (Barbell),1,10.0,5.0,,,
2022-10-01 18:00:00,Imported workout,3600,Skullcrusher (Barbell),Rest Timer,,,,90.0,
2022-10-01 18:00:00,Imported workout,3600,Standing Calf Raise (Machine),5,104.6,12.0,,,
2022-10-01 18:00:00,Imported workout,3600,Standing Calf Raise (Machine),Rest Timer,,,,90.0,
2022-10-01 18:00:00,Imported workout,3600,Standing Calf Raise (Machine),3,104.6,12.0,,,
2022-10-01 18:00:00,Imported workout,3600,Standing Calf Raise (Machine),Rest Timer,,,,90.0,
2022-10-01 18:00:00,Imported workout,3600,Standing Calf Raise (Machine),2,104.6,12.0,,,
2022-10-01 18:00:00,Imported workout,3600,Standing Calf Raise (Machine),Rest Timer,,,,90.0,
2022-10-01 18:00:00,Imported workout,3600,Standing Calf Raise (Machine),1,104.6,12.0,,,
2022-10-01 18:00:00,Imported workout,3600,Standing Calf Raise (Machine),Rest Timer,,,,90.0,
2022-10-01 18:00:00,Imported workout,3600,Standing Calf Raise (Machine),4,104.6,12.0,,,
2022-10-01 18:00:00,Imported workout,3600,Standing Calf Raise (Machine),Rest Timer,,,,90.0,
2022-10-01 18:00:00,Imported workout,3600,Leg Press,1,80.0,12.0,,,
2022-10-01 18:00:00,Imported workout,3600,Leg Press,Rest Timer,,,,90.0,
2022-10-01 18:00:00,Imported workout,3600,Leg Press,2,80.0,12.0,,,
2022-10-01 18:00:00,Imported workout,3600,Leg Press,Rest Timer,,,,90.0,
2022-10-01 18:00:00,Imported workout,3600,Leg Press,3,80.0,12.0,,,
2022-10-01 18:00:00,Imported workout,3600,Leg Press,Rest Timer,,,,90.0,
2022-10-01 18:00:00,Imported workout,3600,Leg Press,4,80.0,12.0,,,
2022-10-01 18:00:00,Imported workout,3600,Leg Press,Rest Timer,,,,90.0,
2022-10-01 18:00:00,Imported workout,3600,Leg Press,5,80.0,12.0,,,
2022-10-01 18:00:00,Imported workout,3600,Leg Press,Rest Timer,,,,90.0,
2022-10-01 18:00:00,Imported workout,3600,Lateral Raise (Dumbbell),1,6.0,12.0,,,
2022-10-01 18:00:00,Imported workout,3600,Lateral Raise (Dumbbell),Rest Timer,,,,90.0,
2022-10-01 18:00:00,Imported workout,3600,Lateral Raise (Dumbbell),3,6.0,12.0,,,
2022-10-01 18:00:00,Imported workout,3600,Lateral Raise (Dumbbell),Rest Timer,,,,90.0,
2022-10-01 18:00:00,Imported workout,3600,Lateral Raise (Dumbbell),2,6.0,12.0,,,
2022-10-01 18:00:00,Imported workout,3600,Lateral Raise (Dumbbell),Rest Timer,,,,90.0,
2022-10-01 18:00:00,Imported workout,3600,Bicep Curl (Dumbbell),1,10.0,6.0,,,
2022-10-01 18:00:00,Imported workout,3600,Bicep Curl (Dumbbell),Rest Timer,,,,90.0,
2022-10-01 18:00:00,Imported workout,3600,Bicep Curl (Dumbbell),2,10.0,6.0,,,
2022-10-01 18:00:00,Imported workout,3600,Bicep Curl (Dumbbell),Rest Timer,,,,90.0,
2022-10-01 18:00:00,Imported workout,3600,Bicep Curl (Dumbbell),3,10.0,6.0,,,
2022-10-01 18:00:00,Imported workout,3600,Bicep Curl (Dumbbell),Rest Timer,,,,90.0,
2022-10-01 18:00:00,Imported workout,3600,Inverted Row (Bodyweight),1,,5.0,,,
2022-10-01 18:00:00,Imported workout,3600,Inverted Row (Bodyweight),Rest Timer,,,,90.0,
2022-10-01 18:00:00,Imported workout,3600,Inverted Row (Bodyweight),2,,5.0,,,
2022-10-01 18:00:00,Imported workout,3600,Inverted Row (Bodyweight),Rest Timer,,,,90.0,
2022-10-01 18:00:00,Imported workout,3600,Inverted Row (Bodyweight),3,,5.0,,,
2022-10-01 18:00:00,Imported workout,3600,Inverted Row (Bodyweight),Rest Timer,,,,90.0,
2022-10-02 18:00:00,Imported workout,3600,Bench Press (Barbell),1,48.0,8.0,,,
2022-10-02 18:00:00,Imported workout,3600,Bench Press (Barbell),Rest Timer,,,,90.0,
2022-10-02 18:00:00,Imported workout,3600,Bench Press (Barbell),2,48.0,8.0,,,
2022-10-02 18:00:00,Imported workout,3600,Bench Press (Barbell),Rest Timer,,,,90.0,
2022-10-02 18:00:00,Imported workout,3600,Bench Press (Barbell),3,48.0,8.0,,,
2022-10-02 18:00:00,Imported workout,3600,Bench Press (Barbell),Rest Timer,,,,90.0,
2022-10-02 18:00:00,Imported workout,3600,Bench Press (Barbell),4,48.0,8.0,,,
2022-10-02 18:00:00,Imported workout,3600,Bench Press (Barbell),Rest Timer,,,,90.0,
2022-10-02 18:00:00,Imported workout,3600,Bench Press (Barbell),5,48.0,8.0,,,
2022-10-02 18:00:00,Imported workout,3600,Bench Press (Barbell),Rest Timer,,,,90.0,
2022-10-02 18:00:00,Imported workout,3600,Bulgarian Split Squat,5,24.0,8.0,,,
2022-10-02 18:00:00,Imported workout,3600,Bulgarian Split Squat,Rest Timer,,,,90.0,
2022-10-02 18:00:00,Imported workout,3600,Bulgarian Split Squat,1,24.0,8.0,,,
2022-10-02 18:00:00,Imported workout,3600,Bulgarian Split Squat,Rest Timer,,,,90.0,
2022-10-02 18:00:00,Imported workout,3600,Bulgarian Split Squat,2,24.0,8.0,,,
2022-10-02 18:00:00,Imported workout,3600,Bulgarian Split Squat,Rest Timer,,,,90.0,
2022-10-02 18:00:00,Imported workout,3600,Bulgarian Split Squat,3,24.0,8.0,,,
2022-10-02 18:00:00,Imported workout,3600,Bulgarian Split Squat,Rest Timer,,,,90.0,
2022-10-02 18:00:00,Imported workout,3600,Bulgarian Split Squat,4,24.0,8.0,,,
2022-10-02 18:00:00,Imported workout,3600,Bulgarian Split Squat,Rest Timer,,,,90.0,
2022-10-02 18:00:00,Imported workout,3600,Seated Row (Cable),4,39.0,8.0,,,
2022-10-02 18:00:00,Imported workout,3600,Seated Row (Cable),Rest Timer,,,,90.0,
2022-10-02 18:00:00,Imported workout,3600,Seated Row (Cable),5,39.0,8.0,,,
2022-10-02 18:00:00,Imported workout,3600,Seated Row (Cable),Rest Timer,,,,90.0,
2022-10-02 18:00:00,Imported workout,3600,Seated Row (Cable),2,39.0,8.0,,,
2022-10-02 18:00:00,Imported workout,3600,Seated Row (Cable),Rest Timer,,,,90.0,
2022-10-02 18:00:00,Imported workout,3600,Seated Row (Cable),3,39.0,8.0,,,
2022-10-02 18:00:00,Imported workout,3600,Seated Row (Cable),Rest Timer,,,,90.0,
2022-10-02 18:00:00,Imported workout,3600,Seated Row (Cable),1,39.0,8.0,,,
2022-10-02 18:00:00,Imported workout,3600,Seated Row (Cable),Rest Timer,,,,90.0,
2022-10-02 18:00:00,Imported workout,3600,Skullcrusher (Barbell),3,8.0,8.0,,,
2022-10-02 18:00:00,Imported workout,3600,Skullcrusher (Barbell),Rest Timer,,,,90.0,
2022-10-02 18:00:00,Imported workout,3600,Skullcrusher (Barbell),1,8.0,8.0,,,
2022-10-02 18:00:00,Imported workout,3600,Skullcrusher (Barbell),Rest Timer,,,,90.0,
2022-10-02 18:00:00,Imported workout,3600,Skullcrusher (Barbell),2,8.0,8.0,,,
2022-10-02 18:00:00,Imported workout,3600,Skullcrusher (Barbell),Rest Timer,,,,90.0,
2022-10-02 18:00:00,Imported workout,3600,Leg Press,1,90.0,8.0,,,
2022-10-02 18:00:00,Imported workout,3600,Leg Press,Rest Timer,,,,90.0,
2022-10-02 18:00:00,Imported workout,3600,Leg Press,2,90.0,8.0,,,
2022-10-02 18:00:00,Imported workout,3600,Leg Press,Rest Timer,,,,90.0,
2022-10-02 18:00:00,Imported workout,3600,Leg Press,3,90.0,8.0,,,
2022-10-02 18:00:00,Imported workout,3600,Leg Press,Rest Timer,,,,90.0,
2022-10-02 18:00:00,Imported workout,3600,Leg Press,5,90.0,8.0,,,
2022-10-02 18:00:00,Imported workout,3600,Leg Press,Rest Timer,,,,90.0,
2022-10-02 18:00:00,Imported workout,3600,Leg Press,4,90.0,8.0,,,
2022-10-02 18:00:00,Imported workout,3600,Leg Press,Rest Timer,,,,90.0,
2022-10-02 18:00:00,Imported workout,3600,Lateral Raise (Dumbbell),2,6.0,12.0,,,
2022-10-02 18:00:00,Imported workout,3600,Lateral Raise (Dumbbell),Rest Timer,,,,90.0,
2022-10-02 18:00:00,Imported workout,3600,Lateral Raise (Dumbbell),1,6.0,12.0,,,
2022-10-02 18:00:00,Imported workout,3600,Lateral Raise (Dumbbell),Rest Timer,,,,90.0,
2022-10-02 18:00:00,Imported workout,3600,Lateral Raise (Dumbbell),3,6.0,12.0,,,
2022-10-02 18:00:00,Imported workout,3600,Lateral Raise (Dumbbell),Rest Timer,,,,90.0,
2022-10-02 18:00:00,Imported workout,3600,Bicep Curl (Cable),1,14.0,8.0,,,
2022-10-02 18:00:00,Imported workout,3600,Bicep Curl (Cable),Rest Timer,,,,90.0,
2022-10-02 18:00:00,Imported workout,3600,Bicep Curl (Cable),2,14.0,8.0,,,
2022-10-02 18:00:00,Imported workout,3600,Bicep Curl (Cable),Rest Timer,,,,90.0,
2022-10-02 18:00:00,Imported workout,3600,Bicep Curl (Cable),3,14.0,8.0,,,
2022-10-02 18:00:00,Imported workout,3600,Bicep Curl (Cable),Rest Timer,,,,90.0,
2022-10-03 18:00:00,Imported workout,3600,Bench Press (Barbell),1,45.0,5.0,,,
2022-10-03 18:00:00,Imported workout,3600,Bench Press (Barbell),Rest Timer,,,,90.0,
2022-10-03 18:00:00,Imported workout,3600,Bench Press (Barbell),2,45.0,5.0,,,
2022-10-03 18:00:00,Imported workout,3600,Bench Press (Barbell),Rest Timer,,,,90.0,
2022-10-03 18:00:00,Imported workout,3600,Bench Press (Barbell),3,45.0,5.0,,,
2022-10-03 18:00:00,Imported workout,3600,Bench Press (Barbell),Rest Timer,,,,90.0,
2022-10-03 18:00:00,Imported workout,3600,Bench Press (Barbell),4,45.0,5.0,,,
2022-10-03 18:00:00,Imported workout,3600,Bench Press (Barbell),Rest Timer,,,,90.0,
2022-10-03 18:00:00,Imported workout,3600,Bench Press (Barbell),5,45.0,5.0,,,
2022-10-03 18:00:00,Imported workout,3600,Bench Press (Barbell),Rest Timer,,,,90.0,
2022-10-03 18:00:00,Imported workout,3600,Seated Row (Cable),1,39.0,8.0,,,
2022-10-03 18:00:00,Imported workout,3600,Seated Row (Cable),Rest Timer,,,,90.0,
2022-10-03 18:00:00,Imported workout,3600,Seated Row (Cable),5,39.0,8.0,,,
2022-10-03 18:00:00,Imported workout,3600,Seated Row (Cable),Rest Timer,,,,90.0,
2022-10-03 18:00:00,Imported workout,3600,Seated Row (Cable),2,39.0,8.0,,,
2022-10-03 18:00:00,Imported workout,3600,Seated Row (Cable),Rest Timer,,,,90.0,
2022-10-03 18:00:00,Imported workout,3600,Seated Row (Cable),3,39.0,8.0,,,
2022-10-03 18:00:00,Imported workout,3600,Seated Row (Cable),Rest Timer,,,,90.0,
2022-10-03 18:00:00,Imported workout,3600,Seated Row (Cable),4,39.0,8.0,,,
2022-10-03 18:00:00,Imported workout,3600,Seated Row (Cable),Rest Timer,,,,90.0,
2022-10-03 18:00:00,Imported workout,3600,T Bar Row,2,40.0,8.0,,,
2022-10-03 18:00:00,Imported workout,3600,T Bar Row,Rest Timer,,,,90.0,
2022-10-03 18:00:00,Imported workout,3600,T Bar Row,3,40.0,8.0,,,
2022-10-03 18:00:00,Imported workout,3600,T Bar Row,Rest Timer,,,,90.0,
2022-10-03 18:00:00,Imported workout,3600,T Bar Row,4,40.0,8.0,,,
2022-10-03 18:00:00,Imported workout,3600,T Bar Row,Rest Timer,,,,90.0,
2022-10-03 18:00:00,Imported workout,3600,T Bar Row,5,40.0,8.0,,,
2022-10-03 18:00:00,Imported workout,3600,T Bar Row,Rest Timer,,,,90.0,
2022-10-03 18:00:00,Imported workout,3600,T Bar Row,1,40.0,8.0,,,
2022-10-03 18:00:00,Imported workout,3600,T Bar Row,Rest Timer,,,,90.0,
2022-10-03 18:00:00,Imported workout,3600,Triceps Pushdown (Cable - Straight Bar),5,14.0,8.0,,,
2022-10-03 18:00:00,Imported workout,3600,Triceps Pushdown (Cable - Straight Bar),Rest Timer,,,,90.0,
2022-10-03 18:00:00,Imported workout,3600,Triceps Pushdown (Cable - Straight Bar),4,14.0,8.0,,,
2022-10-03 18:00:00,Imported workout,3600,Triceps Pushdown (Cable - Straight Bar),Rest Timer,,,,90.0,
2022-10-03 18:00:00,Imported workout,3600,Triceps Pushdown (Cable - Straight Bar),3,14.0,8.0,,,
2022-10-03 18:00:00,Imported workout,3600,Triceps Pushdown (Cable - Straight Bar),Rest Timer,,,,90.0,
2022-10-03 18:00:00,Imported workout,3600,Triceps Pushdown (Cable - Straight Bar),1,14.0,8.0,,,
2022-10-03 18:00:00,Imported workout,3600,Triceps Pushdown (Cable - Straight Bar),Rest Timer,,,,90.0,
2022-10-03 18:00:00,Imported workout,3600,Triceps Pushdown (Cable - Straight Bar),2,14.0,8.0,,,
2022-10-03 18:00:00,Imported workout,3600,Triceps Pushdown (Cable - Straight Bar),Rest Timer,,,,90.0,
2022-10-03 18:00:00,Imported workout,3600,Standing Calf Raise (Machine),1,113.0,12.0,,,
2022-10-03 18:00:00,Imported workout,3600,Standing Calf Raise (Machine),Rest Timer,,,,90.0,
2022-10-03 18:00:00,Imported workout,3600,Standing Calf Raise (Machine),2,113.0,12.0,,,
2022-10-03 18:00:00,Imported workout,3600,Standing Calf Raise (Machine),Rest Timer,,,,90.0,
2022-10-03 18:00:00,Imported workout,3600,Leg Press,1,100.0,10.0,,,
2022-10-03 18:00:00,Imported workout,3600,Leg Press,Rest Timer,,,,90.0,
2022-10-03 18:00:00,Imported workout,3600,Leg Press,2,100.0,10.0,,,
2022-10-03 18:00:00,Imported workout,3600,Leg Press,Rest Timer,,,,90.0,
2022-10-03 18:00:00,Imported workout,3600,Leg Press,5,100.0,10.0,,,
2022-10-03 18:00:00,Imported workout,3600,Leg Press,Rest Timer,,,,90.0,
2022-10-03 18:00:00,Imported workout,3600,Leg Press,4,100.0,10.0,,,
2022-10-03 18:00:00,Imported workout,3600,Leg Press,Rest Timer,,,,90.0,
2022-10-03 18:00:00,Imported workout,3600,Leg Press,3,100.0,10.0,,,
2022-10-03 18:00:00,Imported workout,3600,Leg Press,Rest Timer,,,,90.0,
2022-10-03 18:00:00,Imported workout,3600,Lateral Raise (Dumbbell),1,7.0,8.0,,,
2022-10-03 18:00:00,Imported workout,3600,Lateral Raise (Dumbbell),Rest Timer,,,,90.0,
2022-10-03 18:00:00,Imported workout,3600,Lateral Raise (Dumbbell),3,7.0,8.0,,,
2022-10-03 18:00:00,Imported workout,3600,Lateral Raise (Dumbbell),Rest Timer,,,,90.0,
2022-10-03 18:00:00,Imported workout,3600,Lateral Raise (Dumbbell),2,7.0,8.0,,,
2022-10-03 18:00:00,Imported workout,3600,Lateral Raise (Dumbbell),Rest Timer,,,,90.0,
2022-10-03 18:00:00,Imported workout,3600,Bicep Curl (Dumbbell),1,12.0,6.0,,,
2022-10-03 18:00:00,Imported workout,3600,Bicep Curl (Dumbbell),Rest Timer,,,,90.0,
2022-10-03 18:00:00,Imported workout,3600,Bicep Curl (Dumbbell),2,12.0,6.0,,,
2022-10-03 18:00:00,Imported workout,3600,Bicep Curl (Dumbbell),Rest Timer,,,,90.0,
2022-10-03 18:00:00,Imported workout,3600,Bicep Curl (Dumbbell),3,12.0,6.0,,,
2022-10-03 18:00:00,Imported workout,3600,Bicep Curl (Dumbbell),Rest Timer,,,,90.0,
2022-10-03 18:00:00,Imported workout,3600,Running (Treadmill),1,,,,,
2022-10-03 18:00:00,Imported workout,3600,Running (Treadmill),Rest Timer,,,,90.0,
2022-10-07 18:00:00,Imported workout,3600,Pull Up,4,,3.0,,,
2022-10-07 18:00:00,Imported workout,3600,Pull Up,Rest Timer,,,,90.0,
2022-10-07 18:00:00,Imported workout,3600,Pull Up,3,,3.0,,,
2022-10-07 18:00:00,Imported workout,3600,Pull Up,Rest Timer,,,,90.0,
2022-10-07 18:00:00,Imported workout,3600,Pull Up,2,,2.0,,,
2022-10-07 18:00:00,Imported workout,3600,Pull Up,Rest Timer,,,,90.0,
2022-10-07 18:00:00,Imported workout,3600,Pull Up,1,,2.0,,,
2022-10-07 18:00:00,Imported workout,3600,Pull Up,Rest Timer,,,,90.0,
2022-10-07 18:00:00,Imported workout,3600,Seated Overhead Press (Dumbbell),4,12.0,8.0,,,
2022-10-07 18:00:00,Imported workout,3600,Seated Overhead Press (Dumbbell),Rest Timer,,,,90.0,
2022-10-07 18:00:00,Imported workout,3600,Seated Overhead Press (Dumbbell),3,12.0,8.0,,,
2022-10-07 18:00:00,Imported workout,3600,Seated Overhead Press (Dumbbell),Rest Timer,,,,90.0,
2022-10-07 18:00:00,Imported workout,3600,Seated Overhead Press (Dumbbell),5,12.0,8.0,,,
2022-10-07 18:00:00,Imported workout,3600,Seated Overhead Press (Dumbbell),Rest Timer,,,,90.0,
2022-10-07 18:00:00,Imported workout,3600,Seated Overhead Press (Dumbbell),2,12.0,8.0,,,
2022-10-07 18:00:00,Imported workout,3600,Seated Overhead Press (Dumbbell),Rest Timer,,,,90.0,
2022-10-07 18:00:00,Imported workout,3600,Seated Overhead Press (Dumbbell),1,12.0,8.0,,,
2022-10-07 18:00:00,Imported workout,3600,Seated Overhead Press (Dumbbell),Rest Timer,,,,90.0,
2022-10-07 18:00:00,Imported workout,3600,Standing Calf Raise (Machine),3,120.0,12.0,,,
2022-10-07 18:00:00,Imported workout,3600,Standing Calf Raise (Machine),Rest Timer,,,,90.0,
2022-10-07 18:00:00,Imported workout,3600,Standing Calf Raise (Machine),1,120.0,12.0,,,
2022-10-07 18:00:00,Imported workout,3600,Standing Calf Raise (Machine),Rest Timer,,,,90.0,
2022-10-07 18:00:00,Imported workout,3600,Standing Calf Raise (Machine),2,120.0,12.0,,,
2022-10-07 18:00:00,Imported workout,3600,Standing Calf Raise (Machine),Rest Timer,,,,90.0,
2022-10-07 18:00:00,Imported workout,3600,Standing Calf Raise (Machine),4,120.0,12.0,,,
2022-10-07 18:00:00,Imported workout,3600,Standing Calf Raise (Machine),Rest Timer,,,,90.0,
2022-10-07 18:00:00,Imported workout,3600,Bicep Curl (Dumbbell),3,12.5,5.0,,,
2022-10-07 18:00:00,Imported workout,3600,Bicep Curl (Dumbbell),Rest Timer,,,,90.0,
2022-10-07 18:00:00,Imported workout,3600,Bicep Curl (Dumbbell),2,12.5,5.0,,,
2022-10-07 18:00:00,Imported workout,3600,Bicep Curl (Dumbbell),Rest Timer,,,,90.0,
2022-10-07 18:00:00,Imported workout,3600,Bicep Curl (Dumbbell),1,12.5,5.0,,,
2022-10-07 18:00:00,Imported workout,3600,Bicep Curl (Dumbbell),Rest Timer,,,,90.0,
2022-10-07 18:00:00,Imported workout,3600,Leg Extension (Machine),1,59.0,8.0,,,
2022-10-07 18:00:00,Imported workout,3600,Leg Extension (Machine),Rest Timer,,,,90.0,
2022-10-07 18:00:00,Imported workout,3600,Leg Extension (Machine),2,59.0,8.0,,,
2022-10-07 18:00:00,Imported workout,3600,Leg Extension (Machine),Rest Timer,,,,90.0,
2022-10-07 18:00:00,Imported workout,3600,Leg Extension (Machine),3,59.0,8.0,,,
2022-10-07 18:00:00,Imported workout,3600,Leg Extension (Machine),Rest Timer,,,,90.0,
2022-10-07 18:00:00,Imported workout,3600,Leg Extension (Machine),5,59.0,8.0,,,
2022-10-07 18:00:00,Imported workout,3600,Leg Extension (Machine),Rest Timer,,,,90.0,
2022-10-07 18:00:00,Imported workout,3600,Leg Extension (Machine),4,59.0,8.0,,,
2022-10-07 18:00:00,Imported workout,3600,Leg Extension (Machine),Rest Timer,,,,90.0,
2022-10-07 18:00:00,Imported workout,3600,Inverted Row (Bodyweight),1,,8.0,,,
2022-10-07 18:00:00,Imported workout,3600,Inverted Row (Bodyweight),Rest Timer,,,,90.0,
2022-10-07 18:00:00,Imported workout,3600,Inverted Row (Bodyweight),2,,8.0,,,
2022-10-07 18:00:00,Imported workout,3600,Inverted Row (Bodyweight),Rest Timer,,,,90.0,
2022-10-07 18:00:00,Imported workout,3600,Inverted Row (Bodyweight),3,,8.0,,,
2022-10-07 18:00:00,Imported workout,3600,Inverted Row (Bodyweight),Rest Timer,,,,90.0,
2022-10-07 18:00:00,Imported workout,3600,Inverted Row (Bodyweight),4,,8.0,,,
2022-10-07 18:00:00,Imported workout,3600,Inverted Row (Bodyweight),Rest Timer,,,,90.0,
2022-10-07 18:00:00,Imported workout,3600,Running (Treadmill),1,,,,,
2022-10-07 18:00:00,Imported workout,3600,Running (Treadmill),Rest Timer,,,,90.0,
2022-10-09 18:00:00,Imported workout,3600,Bench Press (Barbell),5,50.0,5.0,,,
2022-10-09 18:00:00,Imported workout,3600,Bench Press (Barbell),Rest Timer,,,,90.0,
2022-10-09 18:00:00,Imported workout,3600,Bench Press (Barbell),4,50.0,5.0,,,
2022-10-09 18:00:00,Imported workout,3600,Bench Press (Barbell),Rest Timer,,,,90.0,
2022-10-09 18:00:00,Imported workout,3600,Bench Press (Barbell),3,50.0,5.0,,,
2022-10-09 18:00:00,Imported workout,3600,Bench Press (Barbell),Rest Timer,,,,90.0,
2022-10-09 18:00:00,Imported workout,3600,Bench Press (Barbell),2,50.0,5.0,,,
2022-10-09 18:00:00,Imported workout,3600,Bench Press (Barbell),Rest Timer,,,,90.0,
2022-10-09 18:00:00,Imported workout,3600,Bench Press (Barbell),1,50.0,5.0,,,
2022-10-09 18:00:00,Imported workout,3600,Bench Press (Barbell),Rest Timer,,,,90.0,
2022-10-09 18:00:00,Imported workout,3600,Bulgarian Split Squat,3,24.0,8.0,,,
2022-10-09 18:00:00,Imported workout,3600,Bulgarian Split Squat,Rest Timer,,,,90.0,
2022-10-09 18:00:00,Imported workout,3600,Bulgarian Split Squat,2,24.0,8.0,,,
2022-10-09 18:00:00,Imported workout,3600,Bulgarian Split Squat,Rest Timer,,,,90.0,
2022-10-09 18:00:00,Imported workout,3600,Bulgarian Split Squat,1,24.0,8.0,,,
2022-10-09 18:00:00,Imported workout,3600,Bulgarian Split Squat,Rest Timer,,,,90.0,
2022-10-09 18:00:00,Imported workout,3600,Seated Row (Cable),2,45.0,8.0,,,
2022-10-09 18:00:00,Imported workout,3600,Seated Row (Cable),Rest Timer,,,,90.0,
2022-10-09 18:00:00,Imported workout,3600,Seated Row (Cable),3,45.0,8.0,,,
2022-10-09 18:00:00,Imported workout,3600,Seated Row (Cable),Rest Timer,,,,90.0,
2022-10-09 18:00:00,Imported workout,3600,Seated Row (Cable),1,45.0,8.0,,,
2022-10-09 18:00:00,Imported workout,3600,Seated Row (Cable),Rest Timer,,,,90.0,
2022-10-09 18:00:00,Imported workout,3600,Skullcrusher (Barbell),2,12.5,8.0,,,
2022-10-09 18:00:00,Imported workout,3600,Skullcrusher (Barbell),Rest Timer,,,,90.0,
2022-10-09 18:00:00,Imported workout,3600,Skullcrusher (Barbell),1,12.5,8.0,,,
2022-10-09 18:00:00,Imported workout,3600,Skullcrusher (Barbell),Rest Timer,,,,90.0,
2022-10-09 18:00:00,Imported workout,3600,Skullcrusher (Barbell),3,12.5,8.0,,,
2022-10-09 18:00:00,Imported workout,3600,Skullcrusher (Barbell),Rest Timer,,,,90.0,
2022-10-09 18:00:00,Imported workout,3600,Pull Up,1,,4.0,,,
2022-10-09 18:00:00,Imported workout,3600,Pull Up,Rest Timer,,,,90.0,
2022-10-09 18:00:00,Imported workout,3600,Leg Press,2,100.0,12.0,,,
2022-10-09 18:00:00,Imported workout,3600,Leg Press,Rest Timer,,,,90.0,
2022-10-09 18:00:00,Imported workout,3600,Leg Press,1,100.0,12.0,,,
2022-10-09 18:00:00,Imported workout,3600,Leg Press,Rest Timer,,,,90.0,
2022-10-09 18:00:00,Imported workout,3600,Leg Press,3,100.0,12.0,,,
2022-10-09 18:00:00,Imported workout,3600,Leg Press,Rest Timer,,,,90.0,
2022-10-09 18:00:00,Imported workout,3600,Bicep Curl (Dumbbell),3,12.5,5.0,,,
2022-10-09 18:00:00,Imported workout,3600,Bicep Curl (Dumbbell),Rest Timer,,,,90.0,
2022-10-09 18:00:00,Imported workout,3600,Bicep Curl (Dumbbell),1,12.5,5.0,,,
2022-10-09 18:00:00,Imported workout,3600,Bicep Curl (Dumbbell),Rest Timer,,,,90.0,
2022-10-09 18:00:00,Imported workout,3600,Bicep Curl (Dumbbell),2,12.5,5.0,,,
2022-10-09 18:00:00,Imported workout,3600,Bicep Curl (Dumbbell),Rest Timer,,,,90.0,
2022-10-10 18:00:00,Imported workout,3600,Bench Press (Barbell),1,50.0,5.0,,,
2022-10-10 18:00:00,Imported workout,3600,Bench Press (Barbell),Rest Timer,,,,90.0,
2022-10-10 18:00:00,Imported workout,3600,Bench Press (Barbell),2,50.0,5.0,,,
2022-10-10 18:00:00,Imported workout,3600,Bench Press (Barbell),Rest Timer,,,,90.0,
2022-10-10 18:00:00,Imported workout,3600,Bench Press (Barbell),3,50.0,5.0,,,
2022-10-10 18:00:00,Imported workout,3600,Bench Press (Barbell),Rest Timer,,,,90.0,
2022-10-10 18:00:00,Imported workout,3600,Bench Press (Barbell),4,50.0,5.0,,,
2022-10-10 18:00:00,Imported workout,3600,Bench Press (Barbell),Rest Timer,,,,90.0,
2022-10-10 18:00:00,Imported workout,3600,Bench Press (Barbell),5,50.0,5.0,,,
2022-10-10 18:00:00,Imported workout,3600,Bench Press (Barbell),Rest Timer,,,,90.0,
2022-10-10 18:00:00,Imported workout,3600,Bulgarian Split Squat,1,24.0,8.0,,,
2022-10-10 18:00:00,Imported workout,3600,Bulgarian Split Squat,Rest Timer,,,,90.0,
2022-10-10 18:00:00,Imported workout,3600,Bulgarian Split Squat,3,24.0,8.0,,,
2022-10-10 18:00:00,Imported workout,3600,Bulgarian Split Squat,Rest Timer,,,,90.0,
2022-10-10 18:00:00,Imported workout,3600,Bulgarian Split Squat,2,24.0,8.0,,,
2022-10-10 18:00:00,Imported workout,3600,Bulgarian Split Squat,Rest Timer,,,,90.0,
2022-10-10 18:00:00,Imported workout,3600,Skullcrusher (Barbell),1,10.0,8.0,,,
2022-10-10 18:00:00,Imported workout,3600,Skullcrusher (Barbell),Rest Timer,,,,90.0,
2022-10-10 18:00:00,Imported workout,3600,Skullcrusher (Barbell),2,10.0,8.0,,,
2022-10-10 18:00:00,Imported workout,3600,Skullcrusher (Barbell),Rest Timer,,,,90.0,
2022-10-10 18:00:00,Imported workout,3600,Skullcrusher (Barbell),3,10.0,8.0,,,
2022-10-10 18:00:00,Imported workout,3600,Skullcrusher (Barbell),Rest Timer,,,,90.0,
2022-10-10 18:00:00,Imported workout,3600,Pull Up,5,,5.0,,,
2022-10-10 18:00:00,Imported workout,3600,Pull Up,Rest Timer,,,,90.0,
2022-10-10 18:00:00,Imported workout,3600,Pull Up,3,,5.0,,,
2022-10-10 18:00:00,Imported workout,3600,Pull Up,Rest Timer,,,,90.0,
2022-10-10 18:00:00,Imported workout,3600,Pull Up,4,,4.0,,,
2022-10-10 18:00:00,Imported workout,3600,Pull Up,Rest Timer,,,,90.0,
2022-10-10 18:00:00,Imported workout,3600,Pull Up,2,,2.0,,,
2022-10-10 18:00:00,Imported workout,3600,Pull Up,Rest Timer,,,,90.0,
2022-10-10 18:00:00,Imported workout,3600,Pull Up,1,,2.0,,,
2022-10-10 18:00:00,Imported workout,3600,Pull Up,Rest Timer,,,,90.0,
2022-10-10 18:00:00,Imported workout,3600,Seated Overhead Press (Dumbbell),1,14.0,8.0,,,
2022-10-10 18:00:00,Imported workout,3600,Seated Overhead Press (Dumbbell),Rest Timer,,,,90.0,
2022-10-10 18:00:00,Imported workout,3600,Seated Overhead Press (Dumbbell),2,14.0,8.0,,,
2022-10-10 18:00:00,Imported workout,3600,Seated Overhead Press (Dumbbell),Rest Timer,,,,90.0,
2022-10-10 18:00:00,Imported workout,3600,Seated Overhead Press (Dumbbell),3,14.0,8.0,,,
2022-10-10 18:00:00,Imported workout,3600,Seated Overhead Press (Dumbbell),Rest Timer,,,,90.0,
2022-10-10 18:00:00,Imported workout,3600,Lying Leg Curl (Machine),1,42.0,8.0,,,
2022-10-10 18:00:00,Imported workout,3600,Lying Leg Curl (Machine),Rest Timer,,,,90.0,
2022-10-10 18:00:00,Imported workout,3600,Lying Leg Curl (Machine),2,42.0,8.0,,,
2022-10-10 18:00:00,Imported workout,3600,Lying Leg Curl (Machine),Rest Timer,,,,90.0,
2022-10-10 18:00:00,Imported workout,3600,Lying Leg Curl (Machine),3,42.0,8.0,,,
2022-10-10 18:00:00,Imported workout,3600,Lying Leg Curl (Machine),Rest Timer,,,,90.0,
2022-10-10 18:00:00,Imported workout,3600,Leg Press,1,100.0,12.0,,,
2022-10-10 18:00:00,Imported workout,3600,Leg Press,Rest Timer,,,,90.0,
2022-10-10 18:00:00,Imported workout,3600,Leg Press,3,100.0,12.0,,,
2022-10-10 18:00:00,Imported workout,3600,Leg Press,Rest Timer,,,,90.0,
2022-10-10 18:00:00,Imported workout,3600,Leg Press,2,100.0,12.0,,,
2022-10-10 18:00:00,Imported workout,3600,Leg Press,Rest Timer,,,,90.0,
2022-10-10 18:00:00,Imported workout,3600,Bicep Curl (Dumbbell),2,10.0,8.0,,,
2022-10-10 18:00:00,Imported workout,3600,Bicep Curl (Dumbbell),Rest Timer,,,,90.0,
2022-10-10 18:00:00,Imported workout,3600,Bicep Curl (Dumbbell),3,10.0,8.0,,,
2022-10-10 18:00:00,Imported workout,3600,Bicep Curl (Dumbbell),Rest Timer,,,,90.0,
2022-10-10 18:00:00,Imported workout,3600,Bicep Curl (Dumbbell),1,10.0,8.0,,,
2022-10-10 18:00:00,Imported workout,3600,Bicep Curl (Dumbbell),Rest Timer,,,,90.0,
2022-10-10 18:00:00,Imported workout,3600,Running (Treadmill),1,,,,,
2022-10-10 18:00:00,Imported workout,3600,Running (Treadmill),Rest Timer,,,,90.0,
2022-10-13 18:00:00,Imported workout,3600,Seated Row (Cable),3,45.0,8.0,,,
2022-10-13 18:00:00,Imported workout,3600,Seated Row (Cable),Rest Timer,,,,90.0,
2022-10-13 18:00:00,Imported workout,3600,Seated Row (Cable),2,45.0,8.0,,,
2022-10-13 18:00:00,Imported workout,3600,Seated Row (Cable),Rest Timer,,,,90.0,
2022-10-13 18:00:00,Imported workout,3600,Seated Row (Cable),1,45.0,8.0,,,
2022-10-13 18:00:00,Imported workout,3600,Seated Row (Cable),Rest Timer,,,,90.0,
2022-10-13 18:00:00,Imported workout,3600,Pull Up,4,,4.0,,,
2022-10-13 18:00:00,Imported workout,3600,Pull Up,Rest Timer,,,,90.0,
2022-10-13 18:00:00,Imported workout,3600,Pull Up,2,,4.0,,,
2022-10-13 18:00:00,Imported workout,3600,Pull Up,Rest Timer,,,,90.0,
2022-10-13 18:00:00,Imported workout,3600,Pull Up,3,,4.0,,,
2022-10-13 18:00:00,Imported workout,3600,Pull Up,Rest Timer,,,,90.0,
2022-10-13 18:00:00,Imported workout,3600,Pull Up,5,,4.0,,,
2022-10-13 18:00:00,Imported workout,3600,Pull Up,Rest Timer,,,,90.0,
2022-10-13 18:00:00,Imported workout,3600,Pull Up,1,,4.0,,,
2022-10-13 18:00:00,Imported workout,3600,Pull Up,Rest Timer,,,,90.0,
2022-10-13 18:00:00,Imported workout,3600,Leg Press,5,110.0,8.0,,,
2022-10-13 18:00:00,Imported workout,3600,Leg Press,Rest Timer,,,,90.0,
2022-10-13 18:00:00,Imported workout,3600,Leg Press,4,110.0,8.0,,,
2022-10-13 18:00:00,Imported workout,3600,Leg Press,Rest Timer,,,,90.0,
2022-10-13 18:00:00,Imported workout,3600,Leg Press,3,110.0,8.0,,,
2022-10-13 18:00:00,Imported workout,3600,Leg Press,Rest Timer,,,,90.0,
2022-10-13 18:00:00,Imported workout,3600,Leg Press,2,110.0,8.0,,,
2022-10-13 18:00:00,Imported workout,3600,Leg Press,Rest Timer,,,,90.0,
2022-10-13 18:00:00,Imported workout,3600,Leg Press,1,110.0,8.0,,,
2022-10-13 18:00:00,Imported workout,3600,Leg Press,Rest Timer,,,,90.0,
2022-10-15 18:00:00,Imported workout,3600,Bench Press (Smith Machine),4,40.0,5.0,,,
2022-10-15 18:00:00,Imported workout,3600,Bench Press (Smith Machine),Rest Timer,,,,90.0,
2022-10-15 18:00:00,Imported workout,3600,Bench Press (Smith Machine),1,40.0,5.0,,,
2022-10-15 18:00:00,Imported workout,3600,Bench Press (Smith Machine),Rest Timer,,,,90.0,
2022-10-15 18:00:00,Imported workout,3600,Bench Press (Smith Machine),2,40.0,5.0,,,
2022-10-15 18:00:00,Imported workout,3600,Bench Press (Smith Machine),Rest Timer,,,,90.0,
2022-10-15 18:00:00,Imported workout,3600,Bench Press (Smith Machine),3,40.0,5.0,,,
2022-10-15 18:00:00,Imported workout,3600,Bench Press (Smith Machine),Rest Timer,,,,90.0,
2022-10-15 18:00:00,Imported workout,3600,Bench Press (Smith Machine),5,40.0,5.0,,,
2022-10-15 18:00:00,Imported workout,3600,Bench Press (Smith Machine),Rest Timer,,,,90.0,
2022-10-15 18:00:00,Imported workout,3600,T Bar Row,2,40.0,8.0,,,
2022-10-15 18:00:00,Imported workout,3600,T Bar Row,Rest Timer,,,,90.0,
2022-10-15 18:00:00,Imported workout,3600,T Bar Row,3,40.0,8.0,,,
2022-10-15 18:00:00,Imported workout,3600,T Bar Row,Rest Timer,,,,90.0,
2022-10-15 18:00:00,Imported workout,3600,T Bar Row,4,40.0,8.0,,,
2022-10-15 18:00:00,Imported workout,3600,T Bar Row,Rest Timer,,,,90.0,
2022-10-15 18:00:00,Imported workout,3600,T Bar Row,5,40.0,8.0,,,
2022-10-15 18:00:00,Imported workout,3600,T Bar Row,Rest Timer,,,,90.0,
2022-10-15 18:00:00,Imported workout,3600,T Bar Row,1,40.0,8.0,,,
2022-10-15 18:00:00,Imported workout,3600,T Bar Row,Rest Timer,,,,90.0,
2022-10-15 18:00:00,Imported workout,3600,Seated Overhead Press (Dumbbell),3,12.0,8.0,,,
2022-10-15 18:00:00,Imported workout,3600,Seated Overhead Press (Dumbbell),Rest Timer,,,,90.0,
2022-10-15 18:00:00,Imported workout,3600,Seated Overhead Press (Dumbbell),2,12.0,8.0,,,
2022-10-15 18:00:00,Imported workout,3600,Seated Overhead Press (Dumbbell),Rest Timer,,,,90.0,
2022-10-15 18:00:00,Imported workout,3600,Seated Overhead Press (Dumbbell),1,12.0,8.0,,,
2022-10-15 18:00:00,Imported workout,3600,Seated Overhead Press (Dumbbell),Rest Timer,,,,90.0,
2022-10-15 18:00:00,Imported workout,3600,Standing Calf Raise (Machine),1,130.0,12.0,,,
2022-10-15 18:00:00,Imported workout,3600,Standing Calf Raise (Machine),Rest Timer,,,,90.0,
2022-10-15 18:00:00,Imported workout,3600,Standing Calf Raise (Machine),2,130.0,12.0,,,
2022-10-15 18:00:00,Imported workout,3600,Standing Calf Raise (Machine),Rest Timer,,,,90.0,
2022-10-15 18:00:00,Imported workout,3600,Standing Calf Raise (Machine),3,130.0,12.0,,,
2022-10-15 18:00:00,Imported workout,3600,Standing Calf Raise (Machine),Rest Timer,,,,90.0,
2022-10-15 18:00:00,Imported workout,3600,Leg Press,1,100.0,12.0,,,
2022-10-15 18:00:00,Imported workout,3600,Leg Press,Rest Timer,,,,90.0,
2022-10-15 18:00:00,Imported workout,3600,Leg Press,3,100.0,12.0,,,
2022-10-15 18:00:00,Imported workout,3600,Leg Press,Rest Timer,,,,90.0,
2022-10-15 18:00:00,Imported workout,3600,Leg Press,2,100.0,12.0,,,
2022-10-15 18:00:00,Imported workout,3600,Leg Press,Rest Timer,,,,90.0,
2022-10-15 18:00:00,Imported workout,3600,Lateral Raise (Dumbbell),1,6.0,8.0,,,
2022-10-15 18:00:00,Imported workout,3600,Lateral Raise (Dumbbell),Rest Timer,,,,90.0,
2022-10-15 18:00:00,Imported workout,3600,Lateral Raise (Dumbbell),2,6.0,8.0,,,
2022-10-15 18:00:00,Imported workout,3600,Lateral Raise (Dumbbell),Rest Timer,,,,90.0,
2022-10-15 18:00:00,Imported workout,3600,Lateral Raise (Dumbbell),3,6.0,8.0,,,
2022-10-15 18:00:00,Imported workout,3600,Lateral Raise (Dumbbell),Rest Timer,,,,90.0,
2022-10-15 18:00:00,Imported workout,3600,Running (Treadmill),1,,,,,
2022-10-15 18:00:00,Imported workout,3600,Running (Treadmill),Rest Timer,,,,90.0,
2022-10-17 18:00:00,Imported workout,3600,Triceps Pushdown (Cable - Straight Bar),3,14.0,8.0,,,
2022-10-17 18:00:00,Imported workout,3600,Triceps Pushdown (Cable - Straight Bar),Rest Timer,,,,90.0,
2022-10-17 18:00:00,Imported workout,3600,Triceps Pushdown (Cable - Straight Bar),2,14.0,8.0,,,
2022-10-17 18:00:00,Imported workout,3600,Triceps Pushdown (Cable - Straight Bar),Rest Timer,,,,90.0,
2022-10-17 18:00:00,Imported workout,3600,Triceps Pushdown (Cable - Straight Bar),1,14.0,8.0,,,
2022-10-17 18:00:00,Imported workout,3600,Triceps Pushdown (Cable - Straight Bar),Rest Timer,,,,90.0,
2022-10-17 18:00:00,Imported workout,3600,Pull Up,4,,4.0,,,
2022-10-17 18:00:00,Imported workout,3600,Pull Up,Rest Timer,,,,90.0,
2022-10-17 18:00:00,Imported workout,3600,Pull Up,3,,4.0,,,
2022-10-17 18:00:00,Imported workout,3600,Pull Up,Rest Timer,,,,90.0,
2022-10-17 18:00:00,Imported workout,3600,Pull Up,2,,4.0,,,
2022-10-17 18:00:00,Imported workout,3600,Pull Up,Rest Timer,,,,90.0,
2022-10-17 18:00:00,Imported workout,3600,Pull Up,1,,4.0,,,
2022-10-17 18:00:00,Imported workout,3600,Pull Up,Rest Timer,,,,90.0,
2022-10-17 18:00:00,Imported workout,3600,Seated Overhead Press (Dumbbell),4,14.0,8.0,,,
2022-10-17 18:00:00,Imported workout,3600,Seated Overhead Press (Dumbbell),Rest Timer,,,,90.0,
2022-10-17 18:00:00,Imported workout,3600,Seated Overhead Press (Dumbbell),5,14.0,8.0,,,
2022-10-17 18:00:00,Imported workout,3600,Seated Overhead Press (Dumbbell),Rest Timer,,,,90.0,
2022-10-17 18:00:00,Imported workout,3600,Seated Overhead Press (Dumbbell),3,14.0,8.0,,,
2022-10-17 18:00:00,Imported workout,3600,Seated Overhead Press (Dumbbell),Rest Timer,,,,90.0,
2022-10-17 18:00:00,Imported workout,3600,Seated Overhead Press (Dumbbell),1,14.0,8.0,,,
2022-10-17 18:00:00,Imported workout,3600,Seated Overhead Press (Dumbbell),Rest Timer,,,,90.0,
2022-10-17 18:00:00,Imported workout,3600,Seated Overhead Press (Dumbbell),2,14.0,8.0,,,
2022-10-17 18:00:00,Imported workout,3600,Seated Overhead Press (Dumbbell),Rest Timer,,,,90.0,
2022-10-17 18:00:00,Imported workout,3600,Lying Leg Curl (Machine),5,50.0,8.0,,,
2022-10-17 18:00:00,Imported workout,3600,Lying Leg Curl (Machine),Rest Timer,,,,90.0,
2022-10-17 18:00:00,Imported workout,3600,Lying Leg Curl (Machine),4,50.0,8.0,,,
2022-10-17 18:00:00,Imported workout,3600,Lying Leg Curl (Machine),Rest Timer,,,,90.0,
2022-10-17 18:00:00,Imported workout,3600,Lying Leg Curl (Machine),3,50.0,8.0,,,
2022-10-17 18:00:00,Imported workout,3600,Lying Leg Curl (Machine),Rest Timer,,,,90.0,
2022-10-17 18:00:00,Imported workout,3600,Lying Leg Curl (Machine),2,50.0,8.0,,,
2022-10-17 18:00:00,Imported workout,3600,Lying Leg Curl (Machine),Rest Timer,,,,90.0,
2022-10-17 18:00:00,Imported workout,3600,Lying Leg Curl (Machine),1,50.0,8.0,,,
2022-10-17 18:00:00,Imported workout,3600,Lying Leg Curl (Machine),Rest Timer,,,,90.0,
2022-10-19 18:00:00,Imported workout,3600,Bench Press (Barbell),5,52.5,5.0,,,
2022-10-19 18:00:00,Imported workout,3600,Bench Press (Barbell),Rest Timer,,,,90.0,
2022-10-19 18:00:00,Imported workout,3600,Bench Press (Barbell),4,52.5,5.0,,,
2022-10-19 18:00:00,Imported workout,3600,Bench Press (Barbell),Rest Timer,,,,90.0,
2022-10-19 18:00:00,Imported workout,3600,Bench Press (Barbell),3,52.5,5.0,,,
2022-10-19 18:00:00,Imported workout,3600,Bench Press (Barbell),Rest Timer,,,,90.0,
2022-10-19 18:00:00,Imported workout,3600,Bench Press (Barbell),2,52.5,5.0,,,
2022-10-19 18:00:00,Imported workout,3600,Bench Press (Barbell),Rest Timer,,,,90.0,
2022-10-19 18:00:00,Imported workout,3600,Bench Press (Barbell),1,52.5,5.0,,,
2022-10-19 18:00:00,Imported workout,3600,Bench Press (Barbell),Rest Timer,,,,90.0,
2022-10-19 18:00:00,Imported workout,3600,Seated Row (Cable),3,50.0,8.0,,,
2022-10-19 18:00:00,Imported workout,3600,Seated Row (Cable),Rest Timer,,,,90.0,
2022-10-19 18:00:00,Imported workout,3600,Seated Row (Cable),2,50.0,8.0,,,
2022-10-19 18:00:00,Imported workout,3600,Seated Row (Cable),Rest Timer,,,,90.0,
2022-10-19 18:00:00,Imported workout,3600,Seated Row (Cable),4,50.0,8.0,,,
2022-10-19 18:00:00,Imported workout,3600,Seated Row (Cable),Rest Timer,,,,90.0,
2022-10-19 18:00:00,Imported workout,3600,Seated Row (Cable),1,50.0,8.0,,,
2022-10-19 18:00:00,Imported workout,3600,Seated Row (Cable),Rest Timer,,,,90.0,
2022-10-19 18:00:00,Imported workout,3600,Triceps Pushdown (Cable - Straight Bar),1,20.0,8.0,,,
2022-10-19 18:00:00,Imported workout,3600,Triceps Pushdown (Cable - Straight Bar),Rest Timer,,,,90.0,
2022-10-19 18:00:00,Imported workout,3600,Triceps Pushdown (Cable - Straight Bar),4,20.0,8.0,,,
2022-10-19 18:00:00,Imported workout,3600,Triceps Pushdown (Cable - Straight Bar),Rest Timer,,,,90.0,
2022-10-19 18:00:00,Imported workout,3600,Triceps Pushdown (Cable - Straight Bar),3,20.0,8.0,,,
2022-10-19 18:00:00,Imported workout,3600,Triceps Pushdown (Cable - Straight Bar),Rest Timer,,,,90.0,
2022-10-19 18:00:00,Imported workout,3600,Triceps Pushdown (Cable - Straight Bar),2,20.0,8.0,,,
2022-10-19 18:00:00,Imported workout,3600,Triceps Pushdown (Cable - Straight Bar),Rest Timer,,,,90.0,
2022-10-19 18:00:00,Imported workout,3600,Bicep Curl (Dumbbell),3,12.5,6.0,,,
2022-10-19 18:00:00,Imported workout,3600,Bicep Curl (Dumbbell),Rest Timer,,,,90.0,
2022-10-19 18:00:00,Imported workout,3600,Bicep Curl (Dumbbell),2,12.5,6.0,,,
2022-10-19 18:00:00,Imported workout,3600,Bicep Curl (Dumbbell),Rest Timer,,,,90.0,
2022-10-19 18:00:00,Imported workout,3600,Bicep Curl (Dumbbell),1,12.5,6.0,,,
2022-10-19 18:00:00,Imported workout,3600,Bicep Curl (Dumbbell),Rest Timer,,,,90.0,
2022-10-19 18:00:00,Imported workout,3600,Running (Treadmill),1,,,,,
2022-10-19 18:00:00,Imported workout,3600,Running (Treadmill),Rest Timer,,,,90.0,
2022-10-21 18:00:00,Imported workout,3600,Bulgarian Split Squat,3,28.0,8.0,,,
2022-10-21 18:00:00,Imported workout,3600,Bulgarian Split Squat,Rest Timer,,,,90.0,
2022-10-21 18:00:00,Imported workout,3600,Bulgarian Split Squat,2,28.0,8.0,,,
2022-10-21 18:00:00,Imported workout,3600,Bulgarian Split Squat,Rest Timer,,,,90.0,
2022-10-21 18:00:00,Imported workout,3600,Bulgarian Split Squat,1,28.0,8.0,,,
2022-10-21 18:00:00,Imported workout,3600,Bulgarian Split Squat,Rest Timer,,,,90.0,
2022-10-21 18:00:00,Imported workout,3600,Squat (Barbell),3,70.0,5.0,,,
2022-10-21 18:00:00,Imported workout,3600,Squat (Barbell),Rest Timer,,,,90.0,
2022-10-21 18:00:00,Imported workout,3600,Squat (Barbell),2,70.0,5.0,,,
2022-10-21 18:00:00,Imported workout,3600,Squat (Barbell),Rest Timer,,,,90.0,
2022-10-21 18:00:00,Imported workout,3600,Squat (Barbell),1,70.0,5.0,,,
2022-10-21 18:00:00,Imported workout,3600,Squat (Barbell),Rest Timer,,,,90.0,
2022-10-21 18:00:00,Imported workout,3600,Pull Up,5,,5.0,,,
2022-10-21 18:00:00,Imported workout,3600,Pull Up,Rest Timer,,,,90.0,
2022-10-21 18:00:00,Imported workout,3600,Pull Up,4,,5.0,,,
2022-10-21 18:00:00,Imported workout,3600,Pull Up,Rest Timer,,,,90.0,
2022-10-21 18:00:00,Imported workout,3600,Pull Up,3,,5.0,,,
2022-10-21 18:00:00,Imported workout,3600,Pull Up,Rest Timer,,,,90.0,
2022-10-21 18:00:00,Imported workout,3600,Pull Up,2,,5.0,,,
2022-10-21 18:00:00,Imported workout,3600,Pull Up,Rest Timer,,,,90.0,
2022-10-21 18:00:00,Imported workout,3600,Pull Up,1,,5.0,,,
2022-10-21 18:00:00,Imported workout,3600,Pull Up,Rest Timer,,,,90.0,
2022-10-21 18:00:00,Imported workout,3600,Leg Press,3,115.0,8.0,,,
2022-10-21 18:00:00,Imported workout,3600,Leg Press,Rest Timer,,,,90.0,
2022-10-21 18:00:00,Imported workout,3600,Leg Press,2,115.0,8.0,,,
2022-10-21 18:00:00,Imported workout,3600,Leg Press,Rest Timer,,,,90.0,
2022-10-21 18:00:00,Imported workout,3600,Leg Press,1,115.0,8.0,,,
2022-10-21 18:00:00,Imported workout,3600,Leg Press,Rest Timer,,,,90.0,
2022-10-22 18:00:00,Imported workout,3600,Running (Treadmill),1,,,,,
2022-10-22 18:00:00,Imported workout,3600,Running (Treadmill),Rest Timer,,,,90.0,
2022-10-22 18:00:00,Imported workout,3600,Bench Press (Barbell),6,20.0,5.0,,,
2022-10-22 18:00:00,Imported workout,3600,Bench Press (Barbell),Rest Timer,,,,90.0,
2022-10-22 18:00:00,Imported workout,3600,Bench Press (Barbell),5,50.0,8.0,,,
2022-10-22 18:00:00,Imported workout,3600,Bench Press (Barbell),Rest Timer,,,,90.0,
2022-10-22 18:00:00,Imported workout,3600,Bench Press (Barbell),4,50.0,6.0,,,
2022-10-22 18:00:00,Imported workout,3600,Bench Press (Barbell),Rest Timer,,,,90.0,
2022-10-22 18:00:00,Imported workout,3600,Bench Press (Barbell),3,50.0,7.0,,,
2022-10-22 18:00:00,Imported workout,3600,Bench Press (Barbell),Rest Timer,,,,90.0,
2022-10-22 18:00:00,Imported workout,3600,Bench Press (Barbell),2,50.0,6.0,,,
2022-10-22 18:00:00,Imported workout,3600,Bench Press (Barbell),Rest Timer,,,,90.0,
2022-10-22 18:00:00,Imported workout,3600,Bench Press (Barbell),1,50.0,5.0,,,
2022-10-22 18:00:00,Imported workout,3600,Bench Press (Barbell),Rest Timer,,,,90.0,
2022-10-22 18:00:00,Imported workout,3600,Leg Press,2,120.0,8.0,,,
2022-10-22 18:00:00,Imported workout,3600,Leg Press,Rest Timer,,,,90.0,
2022-10-22 18:00:00,Imported workout,3600,Leg Press,3,120.0,8.0,,,
2022-10-22 18:00:00,Imported workout,3600,Leg Press,Rest Timer,,,,90.0,
2022-10-22 18:00:00,Imported workout,3600,Leg Press,1,120.0,12.0,,,
2022-10-22 18:00:00,Imported workout,3600,Leg Press,Rest Timer,,,,90.0,
2022-10-22 18:00:00,Imported workout,3600,Seated Row (Cable),1,45.0,8.0,,,
2022-10-22 18:00:00,Imported workout,3600,Seated Row (Cable),Rest Timer,,,,90.0,
2022-10-22 18:00:00,Imported workout,3600,Seated Row (Cable),4,52.5,8.0,,,
2022-10-22 18:00:00,Imported workout,3600,Seated Row (Cable),Rest Timer,,,,90.0,
2022-10-22 18:00:00,Imported workout,3600,Seated Row (Cable),3,52.5,8.0,,,
2022-10-22 18:00:00,Imported workout,3600,Seated Row (Cable),Rest Timer,,,,90.0,
2022-10-22 18:00:00,Imported workout,3600,Seated Row (Cable),2,45.0,6.0,,,
2022-10-22 18:00:00,Imported workout,3600,Seated Row (Cable),Rest Timer,,,,90.0,
2022-10-22 18:00:00,Imported workout,3600,Skullcrusher (Barbell),3,12.5,12.0,,,
2022-10-22 18:00:00,Imported workout,3600,Skullcrusher (Barbell),Rest Timer,,,,90.0,
2022-10-22 18:00:00,Imported workout,3600,Skullcrusher (Barbell),2,12.5,8.0,,,
2022-10-22 18:00:00,Imported workout,3600,Skullcrusher (Barbell),Rest Timer,,,,90.0,
2022-10-22 18:00:00,Imported workout,3600,Skullcrusher (Barbell),1,12.5,8.0,,,
2022-10-22 18:00:00,Imported workout,3600,Skullcrusher (Barbell),Rest Timer,,,,90.0,
2022-10-22 18:00:00,Imported workout,3600,Bulgarian Split Squat,1,28.0,8.0,,,
2022-10-22 18:00:00,Imported workout,3600,Bulgarian Split Squat,Rest Timer,,,,90.0,
2022-10-24 18:00:00,Imported workout,3600,Pull Up,2,,7.0,,,
2022-10-24 18:00:00,Imported workout,3600,Pull Up,Rest Timer,,,,90.0,
2022-10-24 18:00:00,Imported workout,3600,Pull Up,3,,5.0,,,
2022-10-24 18:00:00,Imported workout,3600,Pull Up,Rest Timer,,,,90.0,
2022-10-24 18:00:00,Imported workout,3600,Pull Up,5,,4.0,,,
2022-10-24 18:00:00,Imported workout,3600,Pull Up,Rest Timer,,,,90.0,
2022-10-24 18:00:00,Imported workout,3600,Pull Up,4,,4.0,,,
2022-10-24 18:00:00,Imported workout,3600,Pull Up,Rest Timer,,,,90.0,
2022-10-24 18:00:00,Imported workout,3600,Seated Overhead Press (Dumbbell),1,16.0,8.0,,,
2022-10-24 18:00:00,Imported workout,3600,Seated Overhead Press (Dumbbell),Rest Timer,,,,90.0,
2022-10-24 18:00:00,Imported workout,3600,Seated Overhead Press (Dumbbell),2,16.0,8.0,,,
2022-10-24 18:00:00,Imported workout,3600,Seated Overhead Press (Dumbbell),Rest Timer,,,,90.0,
2022-10-24 18:00:00,Imported workout,3600,Seated Overhead Press (Dumbbell),5,14.0,6.0,,,
2022-10-24 18:00:00,Imported workout,3600,Seated Overhead Press (Dumbbell),Rest Timer,,,,90.0,
2022-10-24 18:00:00,Imported workout,3600,Seated Overhead Press (Dumbbell),3,14.0,8.0,,,
2022-10-24 18:00:00,Imported workout,3600,Seated Overhead Press (Dumbbell),Rest Timer,,,,90.0,
2022-10-24 18:00:00,Imported workout,3600,Seated Overhead Press (Dumbbell),4,14.0,8.0,,,
2022-10-24 18:00:00,Imported workout,3600,Seated Overhead Press (Dumbbell),Rest Timer,,,,90.0,
2022-10-24 18:00:00,Imported workout,3600,Leg Press,3,105.0,12.0,,,
2022-10-24 18:00:00,Imported workout,3600,Leg Press,Rest Timer,,,,90.0,
2022-10-24 18:00:00,Imported workout,3600,Leg Press,4,105.0,12.0,,,
2022-10-24 18:00:00,Imported workout,3600,Leg Press,Rest Timer,,,,90.0,
2022-10-24 18:00:00,Imported workout,3600,Leg Press,5,105.0,12.0,,,
2022-10-24 18:00:00,Imported workout,3600,Leg Press,Rest Timer,,,,90.0,
2022-10-24 18:00:00,Imported workout,3600,Leg Press,1,105.0,12.0,,,
2022-10-24 18:00:00,Imported workout,3600,Leg Press,Rest Timer,,,,90.0,
2022-10-24 18:00:00,Imported workout,3600,Leg Press,2,105.0,12.0,,,
2022-10-24 18:00:00,Imported workout,3600,Leg Press,Rest Timer,,,,90.0,
2022-10-24 18:00:00,Imported workout,3600,Lateral Raise (Dumbbell),3,8.0,8.0,,,
2022-10-24 18:00:00,Imported workout,3600,Lateral Raise (Dumbbell),Rest Timer,,,,90.0,
2022-10-24 18:00:00,Imported workout,3600,Lateral Raise (Dumbbell),2,8.0,8.0,,,
2022-10-24 18:00:00,Imported workout,3600,Lateral Raise (Dumbbell),Rest Timer,,,,90.0,
2022-10-24 18:00:00,Imported workout,3600,Lateral Raise (Dumbbell),1,8.0,8.0,,,
2022-10-24 18:00:00,Imported workout,3600,Lateral Raise (Dumbbell),Rest Timer,,,,90.0,
2022-10-24 18:00:00,Imported workout,3600,Standing Calf Raise (Machine),2,100.0,12.0,,,
2022-10-24 18:00:00,Imported workout,3600,Standing Calf Raise (Machine),Rest Timer,,,,90.0,
2022-10-24 18:00:00,Imported workout,3600,Standing Calf Raise (Machine),3,127.0,12.0,,,
2022-10-24 18:00:00,Imported workout,3600,Standing Calf Raise (Machine),Rest Timer,,,,90.0,
2022-10-24 18:00:00,Imported workout,3600,Standing Calf Raise (Machine),4,127.0,12.0,,,
2022-10-24 18:00:00,Imported workout,3600,Standing Calf Raise (Machine),Rest Timer,,,,90.0,
2022-10-24 18:00:00,Imported workout,3600,Standing Calf Raise (Machine),1,134.0,12.0,,,
2022-10-24 18:00:00,Imported workout,3600,Standing Calf Raise (Machine),Rest Timer,,,,90.0,
2022-10-24 18:00:00,Imported workout,3600,Bicep Curl (Dumbbell),1,12.0,8.0,,,
2022-10-24 18:00:00,Imported workout,3600,Bicep Curl (Dumbbell),Rest Timer,,,,90.0,
2022-10-24 18:00:00,Imported workout,3600,Bicep Curl (Dumbbell),3,12.0,8.0,,,
2022-10-24 18:00:00,Imported workout,3600,Bicep Curl (Dumbbell),Rest Timer,,,,90.0,
2022-10-24 18:00:00,Imported workout,3600,Bicep Curl (Dumbbell),2,12.0,8.0,,,
2022-10-24 18:00:00,Imported workout,3600,Bicep Curl (Dumbbell),Rest Timer,,,,90.0,
2022-10-24 18:00:00,Imported workout,3600,Lying Leg Curl (Machine),1,50.0,10.0,,,
2022-10-24 18:00:00,Imported workout,3600,Lying Leg Curl (Machine),Rest Timer,,,,90.0,
2022-10-24 18:00:00,Imported workout,3600,Lying Leg Curl (Machine),2,50.0,8.0,,,
2022-10-24 18:00:00,Imported workout,3600,Lying Leg Curl (Machine),Rest Timer,,,,90.0,
2022-10-24 18:00:00,Imported workout,3600,Lying Leg Curl (Machine),4,50.0,10.0,,,
2022-10-24 18:00:00,Imported workout,3600,Lying Leg Curl (Machine),Rest Timer,,,,90.0,
2022-10-24 18:00:00,Imported workout,3600,Lying Leg Curl (Machine),3,50.0,10.0,,,
2022-10-24 18:00:00,Imported workout,3600,Lying Leg Curl (Machine),Rest Timer,,,,90.0,
2022-10-24 18:00:00,Imported workout,3600,Pull Up,1,,3.0,,,
2022-10-24 18:00:00,Imported workout,3600,Pull Up,Rest Timer,,,,90.0,
2022-10-26 18:00:00,Imported workout,3600,Bench Press (Barbell),5,20.0,12.0,,,
2022-10-26 18:00:00,Imported workout,3600,Bench Press (Barbell),Rest Timer,,,,90.0,
2022-10-26 18:00:00,Imported workout,3600,Bench Press (Barbell),4,50.0,5.0,,,
2022-10-26 18:00:00,Imported workout,3600,Bench Press (Barbell),Rest Timer,,,,90.0,
2022-10-26 18:00:00,Imported workout,3600,Bench Press (Barbell),3,60.0,4.0,,,
2022-10-26 18:00:00,Imported workout,3600,Bench Press (Barbell),Rest Timer,,,,90.0,
2022-10-26 18:00:00,Imported workout,3600,Bench Press (Barbell),2,60.0,3.0,,,
2022-10-26 18:00:00,Imported workout,3600,Bench Press (Barbell),Rest Timer,,,,90.0,
2022-10-26 18:00:00,Imported workout,3600,Bench Press (Barbell),1,55.0,5.0,,,
2022-10-26 18:00:00,Imported workout,3600,Bench Press (Barbell),Rest Timer,,,,90.0,
2022-10-26 18:00:00,Imported workout,3600,Bulgarian Split Squat,3,32.0,8.0,,,
2022-10-26 18:00:00,Imported workout,3600,Bulgarian Split Squat,Rest Timer,,,,90.0,
2022-10-26 18:00:00,Imported workout,3600,Bulgarian Split Squat,2,32.0,8.0,,,
2022-10-26 18:00:00,Imported workout,3600,Bulgarian Split Squat,Rest Timer,,,,90.0,
2022-10-26 18:00:00,Imported workout,3600,Bulgarian Split Squat,1,32.0,6.0,,,
2022-10-26 18:00:00,Imported workout,3600,Bulgarian Split Squat,Rest Timer,,,,90.0,
2022-10-26 18:00:00,Imported workout,3600,Seated Overhead Press (Dumbbell),2,14.0,8.0,,,
2022-10-26 18:00:00,Imported workout,3600,Seated Overhead Press (Dumbbell),Rest Timer,,,,90.0,
2022-10-26 18:00:00,Imported workout,3600,Seated Overhead Press (Dumbbell),1,14.0,8.0,,,
2022-10-26 18:00:00,Imported workout,3600,Seated Overhead Press (Dumbbell),Rest Timer,,,,90.0,
2022-10-26 18:00:00,Imported workout,3600,Seated Row (Cable),1,39.0,8.0,,,
2022-10-26 18:00:00,Imported workout,3600,Seated Row (Cable),Rest Timer,,,,90.0,
2022-10-26 18:00:00,Imported workout,3600,Seated Row (Cable),3,39.0,8.0,,,
2022-10-26 18:00:00,Imported workout,3600,Seated Row (Cable),Rest Timer,,,,90.0,
2022-10-26 18:00:00,Imported workout,3600,Seated Row (Cable),2,39.0,8.0,,,
2022-10-26 18:00:00,Imported workout,3600,Seated Row (Cable),Rest Timer,,,,90.0,
2022-10-26 18:00:00,Imported workout,3600,Bicep Curl (Cable),2,14.0,12.0,,,
2022-10-26 18:00:00,Imported workout,3600,Bicep Curl (Cable),Rest Timer,,,,90.0,
2022-10-26 18:00:00,Imported workout,3600,Triceps Pushdown (Cable - Straight Bar),2,14.0,8.0,,,
2022-10-26 18:00:00,Imported workout,3600,Triceps Pushdown (Cable - Straight Bar),Rest Timer,,,,90.0,
2022-10-26 18:00:00,Imported workout,3600,Triceps Pushdown (Cable - Straight Bar),1,14.0,8.0,,,
2022-10-26 18:00:00,Imported workout,3600,Triceps Pushdown (Cable - Straight Bar),Rest Timer,,,,90.0,
2022-10-26 18:00:00,Imported workout,3600,Bicep Curl (Cable),1,14.0,12.0,,,
2022-10-26 18:00:00,Imported workout,3600,Bicep Curl (Cable),Rest Timer,,,,90.0,
2022-10-29 18:00:00,Imported workout,3600,Pull Up,2,,7.0,,,
2022-10-29 18:00:00,Imported workout,3600,Pull Up,Rest Timer,,,,90.0,
2022-10-29 18:00:00,Imported workout,3600,Pull Up,4,,5.0,,,
2022-10-29 18:00:00,Imported workout,3600,Pull Up,Rest Timer,,,,90.0,
2022-10-29 18:00:00,Imported workout,3600,Pull Up,3,,5.0,,,
2022-10-29 18:00:00,Imported workout,3600,Pull Up,Rest Timer,,,,90.0,
2022-10-29 18:00:00,Imported workout,3600,Pull Up,1,,3.0,,,
2022-10-29 18:00:00,Imported workout,3600,Pull Up,Rest Timer,,,,90.0,
2022-10-29 18:00:00,Imported workout,3600,Seated Overhead Press (Dumbbell),1,16.0,8.0,,,
2022-10-29 18:00:00,Imported workout,3600,Seated Overhead Press (Dumbbell),Rest Timer,,,,90.0,
2022-10-29 18:00:00,Imported workout,3600,Seated Overhead Press (Dumbbell),2,16.0,8.0,,,
2022-10-29 18:00:00,Imported workout,3600,Seated Overhead Press (Dumbbell),Rest Timer,,,,90.0,
2022-10-29 18:00:00,Imported workout,3600,Seated Overhead Press (Dumbbell),5,16.0,8.0,,,
2022-10-29 18:00:00,Imported workout,3600,Seated Overhead Press (Dumbbell),Rest Timer,,,,90.0,
2022-10-29 18:00:00,Imported workout,3600,Seated Overhead Press (Dumbbell),3,16.0,8.0,,,
2022-10-29 18:00:00,Imported workout,3600,Seated Overhead Press (Dumbbell),Rest Timer,,,,90.0,
2022-10-29 18:00:00,Imported workout,3600,Seated Overhead Press (Dumbbell),4,16.0,8.0,,,
2022-10-29 18:00:00,Imported workout,3600,Seated Overhead Press (Dumbbell),Rest Timer,,,,90.0,
2022-10-29 18:00:00,Imported workout,3600,Bicep Curl (Dumbbell),1,12.0,8.0,,,
2022-10-29 18:00:00,Imported workout,3600,Bicep Curl (Dumbbell),Rest Timer,,,,90.0,
2022-10-29 18:00:00,Imported workout,3600,Bicep Curl (Dumbbell),2,12.0,8.0,,,
2022-10-29 18:00:00,Imported workout,3600,Bicep Curl (Dumbbell),Rest Timer,,,,90.0,
2022-10-29 18:00:00,Imported workout,3600,Bicep Curl (Dumbbell),3,12.0,8.0,,,
2022-10-29 18:00:00,Imported workout,3600,Bicep Curl (Dumbbell),Rest Timer,,,,90.0,
2022-10-29 18:00:00,Imported workout,3600,Leg Press,4,110.0,12.0,,,
2022-10-29 18:00:00,Imported workout,3600,Leg Press,Rest Timer,,,,90.0,
2022-10-29 18:00:00,Imported workout,3600,Leg Press,5,110.0,12.0,,,
2022-10-29 18:00:00,Imported workout,3600,Leg Press,Rest Timer,,,,90.0,
2022-10-29 18:00:00,Imported workout,3600,Leg Press,3,110.0,12.0,,,
2022-10-29 18:00:00,Imported workout,3600,Leg Press,Rest Timer,,,,90.0,
2022-10-29 18:00:00,Imported workout,3600,Leg Press,1,110.0,12.0,,,
2022-10-29 18:00:00,Imported workout,3600,Leg Press,Rest Timer,,,,90.0,
2022-10-29 18:00:00,Imported workout,3600,Leg Press,2,110.0,12.0,,,
2022-10-29 18:00:00,Imported workout,3600,Leg Press,Rest Timer,,,,90.0,
2022-10-29 18:00:00,Imported workout,3600,Lying Leg Curl (Machine),1,54.0,10.0,,,
2022-10-29 18:00:00,Imported workout,3600,Lying Leg Curl (Machine),Rest Timer,,,,90.0,
2022-10-29 18:00:00,Imported workout,3600,Lying Leg Curl (Machine),2,54.0,10.0,,,
2022-10-29 18:00:00,Imported workout,3600,Lying Leg Curl (Machine),Rest Timer,,,,90.0,
2022-10-29 18:00:00,Imported workout,3600,Lying Leg Curl (Machine),3,54.0,8.0,,,
2022-10-29 18:00:00,Imported workout,3600,Lying Leg Curl (Machine),Rest Timer,,,,90.0,
2022-10-29 18:00:00,Imported workout,3600,Standing Calf Raise (Machine),1,120.0,12.0,,,
2022-10-29 18:00:00,Imported workout,3600,Standing Calf Raise (Machine),Rest Timer,,,,90.0,
2022-10-29 18:00:00,Imported workout,3600,Standing Calf Raise (Machine),3,134.0,12.0,,,
2022-10-29 18:00:00,Imported workout,3600,Standing Calf Raise (Machine),Rest Timer,,,,90.0,
2022-10-29 18:00:00,Imported workout,3600,Standing Calf Raise (Machine),2,134.0,12.0,,,
2022-10-29 18:00:00,Imported workout,3600,Standing Calf Raise (Machine),Rest Timer,,,,90.0,
2022-10-29 18:00:00,Imported workout,3600,Triceps Extension,2,36.0,12.0,,,
2022-10-29 18:00:00,Imported workout,3600,Triceps Extension,Rest Timer,,,,90.0,
2022-10-29 18:00:00,Imported workout,3600,Triceps Extension,1,41.0,12.0,,,
2022-10-29 18:00:00,Imported workout,3600,Triceps Extension,Rest Timer,,,,90.0,
2022-10-29 18:00:00,Imported workout,3600,Triceps Extension,3,41.0,12.0,,,
2022-10-29 18:00:00,Imported workout,3600,Triceps Extension,Rest Timer,,,,90.0,
2022-10-29 18:00:00,Imported workout,3600,Triceps Extension,4,41.0,12.0,,,
2022-10-29 18:00:00,Imported workout,3600,Triceps Extension,Rest Timer,,,,90.0,
2022-10-31 18:00:00,Imported workout,3600,Bench Press (Barbell),1,60.0,3.0,,,
2022-10-31 18:00:00,Imported workout,3600,Bench Press (Barbell),Rest Timer,,,,90.0,
2022-10-31 18:00:00,Imported workout,3600,Bench Press (Barbell),2,60.0,4.0,,,
2022-10-31 18:00:00,Imported workout,3600,Bench Press (Barbell),Rest Timer,,,,90.0,
2022-10-31 18:00:00,Imported workout,3600,Bench Press (Barbell),3,50.0,6.0,,,
2022-10-31 18:00:00,Imported workout,3600,Bench Press (Barbell),Rest Timer,,,,90.0,
2022-10-31 18:00:00,Imported workout,3600,Bench Press (Barbell),4,50.0,6.0,,,
2022-10-31 18:00:00,Imported workout,3600,Bench Press (Barbell),Rest Timer,,,,90.0,
2022-10-31 18:00:00,Imported workout,3600,Bench Press (Barbell),5,50.0,5.0,,,
2022-10-31 18:00:00,Imported workout,3600,Bench Press (Barbell),Rest Timer,,,,90.0,
2022-10-31 18:00:00,Imported workout,3600,Bulgarian Split Squat,4,32.0,8.0,,,
2022-10-31 18:00:00,Imported workout,3600,Bulgarian Split Squat,Rest Timer,,,,90.0,
2022-10-31 18:00:00,Imported workout,3600,Bulgarian Split Squat,1,32.0,8.0,,,
2022-10-31 18:00:00,Imported workout,3600,Bulgarian Split Squat,Rest Timer,,,,90.0,
2022-10-31 18:00:00,Imported workout,3600,Bulgarian Split Squat,2,32.0,8.0,,,
2022-10-31 18:00:00,Imported workout,3600,Bulgarian Split Squat,Rest Timer,,,,90.0,
2022-10-31 18:00:00,Imported workout,3600,Bulgarian Split Squat,3,32.0,8.0,,,
2022-10-31 18:00:00,Imported workout,3600,Bulgarian Split Squat,Rest Timer,,,,90.0,
2022-10-31 18:00:00,Imported workout,3600,Seated Row (Cable),4,39.0,8.0,,,
2022-10-31 18:00:00,Imported workout,3600,Seated Row (Cable),Rest Timer,,,,90.0,
2022-10-31 18:00:00,Imported workout,3600,Seated Row (Cable),5,52.0,7.0,,,
2022-10-31 18:00:00,Imported workout,3600,Seated Row (Cable),Rest Timer,,,,90.0,
2022-10-31 18:00:00,Imported workout,3600,Seated Row (Cable),3,45.0,8.0,,,
2022-10-31 18:00:00,Imported workout,3600,Seated Row (Cable),Rest Timer,,,,90.0,
2022-10-31 18:00:00,Imported workout,3600,Seated Row (Cable),2,45.0,8.0,,,
2022-10-31 18:00:00,Imported workout,3600,Seated Row (Cable),Rest Timer,,,,90.0,
2022-10-31 18:00:00,Imported workout,3600,Seated Row (Cable),1,45.0,8.0,,,
2022-10-31 18:00:00,Imported workout,3600,Seated Row (Cable),Rest Timer,,,,90.0,
2022-10-31 18:00:00,Imported workout,3600,Leg Press,1,120.0,12.0,,,
2022-10-31 18:00:00,Imported workout,3600,Leg Press,Rest Timer,,,,90.0,
2022-10-31 18:00:00,Imported workout,3600,Leg Press,2,120.0,12.0,,,
2022-10-31 18:00:00,Imported workout,3600,Leg Press,Rest Timer,,,,90.0,
2022-10-31 18:00:00,Imported workout,3600,Leg Press,3,120.0,8.0,,,
2022-10-31 18:00:00,Imported workout,3600,Leg Press,Rest Timer,,,,90.0,
2022-10-31 18:00:00,Imported workout,3600,Preacher Curl (Machine),1,36.0,12.0,,,
2022-10-31 18:00:00,Imported workout,3600,Preacher Curl (Machine),Rest Timer,,,,90.0,
2022-10-31 18:00:00,Imported workout,3600,Preacher Curl (Machine),3,41.0,8.0,,,
2022-10-31 18:00:00,Imported workout,3600,Preacher Curl (Machine),Rest Timer,,,,90.0,
2022-10-31 18:00:00,Imported workout,3600,Preacher Curl (Machine),2,41.0,6.0,,,
2022-10-31 18:00:00,Imported workout,3600,Preacher Curl (Machine),Rest Timer,,,,90.0,
2022-10-31 18:00:00,Imported workout,3600,Skullcrusher (Dumbbell),1,8.0,12.0,,,
2022-10-31 18:00:00,Imported workout,3600,Skullcrusher (Dumbbell),Rest Timer,,,,90.0,
2022-10-31 18:00:00,Imported workout,3600,Skullcrusher (Dumbbell),2,8.0,6.0,,,
2022-10-31 18:00:00,Imported workout,3600,Skullcrusher (Dumbbell),Rest Timer,,,,90.0,
2022-10-31 18:00:00,Imported workout,3600,Skullcrusher (Dumbbell),3,8.0,6.0,,,
2022-10-31 18:00:00,Imported workout,3600,Skullcrusher (Dumbbell),Rest Timer,,,,90.0,
2022-11-02 18:00:00,Imported workout,3600,Pull Up,5,,8.0,,,
2022-11-02 18:00:00,Imported workout,3600,Pull Up,Rest Timer,,,,90.0,
2022-11-02 18:00:00,Imported workout,3600,Pull Up,4,,6.0,,,
2022-11-02 18:00:00,Imported workout,3600,Pull Up,Rest Timer,,,,90.0,
2022-11-02 18:00:00,Imported workout,3600,Pull Up,3,,5.0,,,
2022-11-02 18:00:00,Imported workout,3600,Pull Up,Rest Timer,,,,90.0,
2022-11-02 18:00:00,Imported workout,3600,Pull Up,2,,5.0,,,
2022-11-02 18:00:00,Imported workout,3600,Pull Up,Rest Timer,,,,90.0,
2022-11-02 18:00:00,Imported workout,3600,Pull Up,1,,4.0,,,
2022-11-02 18:00:00,Imported workout,3600,Pull Up,Rest Timer,,,,90.0,
2022-11-02 18:00:00,Imported workout,3600,Overhead Press (Barbell),5,20.0,12.0,,,
2022-11-02 18:00:00,Imported workout,3600,Overhead Press (Barbell),Rest Timer,,,,90.0,
2022-11-02 18:00:00,Imported workout,3600,Overhead Press (Barbell),4,30.0,5.0,,,
2022-11-02 18:00:00,Imported workout,3600,Overhead Press (Barbell),Rest Timer,,,,90.0,
2022-11-02 18:00:00,Imported workout,3600,Overhead Press (Barbell),1,30.0,7.0,,,
2022-11-02 18:00:00,Imported workout,3600,Overhead Press (Barbell),Rest Timer,,,,90.0,
2022-11-02 18:00:00,Imported workout,3600,Overhead Press (Barbell),3,30.0,5.0,,,
2022-11-02 18:00:00,Imported workout,3600,Overhead Press (Barbell),Rest Timer,,,,90.0,
2022-11-02 18:00:00,Imported workout,3600,Overhead Press (Barbell),2,30.0,6.0,,,
2022-11-02 18:00:00,Imported workout,3600,Overhead Press (Barbell),Rest Timer,,,,90.0,
2022-11-02 18:00:00,Imported workout,3600,Leg Press,3,130.0,12.0,,,
2022-11-02 18:00:00,Imported workout,3600,Leg Press,Rest Timer,,,,90.0,
2022-11-02 18:00:00,Imported workout,3600,Leg Press,1,150.0,12.0,,,
2022-11-02 18:00:00,Imported workout,3600,Leg Press,Rest Timer,,,,90.0,
2022-11-02 18:00:00,Imported workout,3600,Leg Press,4,150.0,12.0,,,
2022-11-02 18:00:00,Imported workout,3600,Leg Press,Rest Timer,,,,90.0,
2022-11-02 18:00:00,Imported workout,3600,Leg Press,2,150.0,10.0,,,
2022-11-02 18:00:00,Imported workout,3600,Leg Press,Rest Timer,,,,90.0,
2022-11-02 18:00:00,Imported workout,3600,Skullcrusher (Dumbbell),1,8.0,12.0,,,
2022-11-02 18:00:00,Imported workout,3600,Skullcrusher (Dumbbell),Rest Timer,,,,90.0,
2022-11-02 18:00:00,Imported workout,3600,Lateral Raise (Dumbbell),1,8.0,8.0,,,
2022-11-02 18:00:00,Imported workout,3600,Lateral Raise (Dumbbell),Rest Timer,,,,90.0,
2022-11-02 18:00:00,Imported workout,3600,Lateral Raise (Dumbbell),2,8.0,8.0,,,
2022-11-02 18:00:00,Imported workout,3600,Lateral Raise (Dumbbell),Rest Timer,,,,90.0,
2022-11-02 18:00:00,Imported workout,3600,Skullcrusher (Dumbbell),2,8.0,8.0,,,
2022-11-02 18:00:00,Imported workout,3600,Skullcrusher (Dumbbell),Rest Timer,,,,90.0,
2022-11-02 18:00:00,Imported workout,3600,Preacher Curl (Barbell),1,15.0,8.0,,,
2022-11-02 18:00:00,Imported workout,3600,Preacher Curl (Barbell),Rest Timer,,,,90.0,
2022-11-02 18:00:00,Imported workout,3600,Preacher Curl (Barbell),3,15.0,5.0,,,
2022-11-02 18:00:00,Imported workout,3600,Preacher Curl (Barbell),Rest Timer,,,,90.0,
2022-11-02 18:00:00,Imported workout,3600,Preacher Curl (Barbell),2,15.0,5.0,,,
2022-11-02 18:00:00,Imported workout,3600,Preacher Curl (Barbell),Rest Timer,,,,90.0,
2022-11-02 18:00:00,Imported workout,3600,Standing Calf Raise (Machine),1,100.0,12.0,,,
2022-11-02 18:00:00,Imported workout,3600,Standing Calf Raise (Machine),Rest Timer,,,,90.0,
2022-11-02 18:00:00,Imported workout,3600,Standing Calf Raise (Machine),2,134.0,15.0,,,
2022-11-02 18:00:00,Imported workout,3600,Standing Calf Raise (Machine),Rest Timer,,,,90.0,
2022-11-02 18:00:00,Imported workout,3600,Standing Calf Raise (Machine),3,134.0,12.0,,,
2022-11-02 18:00:00,Imported workout,3600,Standing Calf Raise (Machine),Rest Timer,,,,90.0,
2022-11-02 18:00:00,Imported workout,3600,Skullcrusher (Dumbbell),3,8.0,8.0,,,
2022-11-02 18:00:00,Imported workout,3600,Skullcrusher (Dumbbell),Rest Timer,,,,90.0,
2022-11-02 18:00:00,Imported workout,3600,Lateral Raise (Dumbbell),3,8.0,8.0,,,
2022-11-02 18:00:00,Imported workout,3600,Lateral Raise (Dumbbell),Rest Timer,,,,90.0,
2022-11-03 18:00:00,Imported workout,3600,Pull Up,2,,8.0,,,
2022-11-03 18:00:00,Imported workout,3600,Pull Up,Rest Timer,,,,90.0,
2022-11-03 18:00:00,Imported workout,3600,Chest Dip,2,0.0,5.0,,,
2022-11-03 18:00:00,Imported workout,3600,Chest Dip,Rest Timer,,,,90.0,
2022-11-03 18:00:00,Imported workout,3600,Chest Dip,1,0.0,3.0,,,
2022-11-03 18:00:00,Imported workout,3600,Chest Dip,Rest Timer,,,,90.0,
2022-11-03 18:00:00,Imported workout,3600,Pull Up,1,,7.0,,,
2022-11-03 18:00:00,Imported workout,3600,Pull Up,Rest Timer,,,,90.0,
2022-11-05 18:00:00,Imported workout,3600,Running (Treadmill),1,,,,,
2022-11-05 18:00:00,Imported workout,3600,Running (Treadmill),Rest Timer,,,,90.0,
2022-11-05 18:00:00,Imported workout,3600,Chest Press (Machine),1,52.0,4.0,,,
2022-11-05 18:00:00,Imported workout,3600,Chest Press (Machine),Rest Timer,,,,90.0,
2022-11-05 18:00:00,Imported workout,3600,Chest Press (Machine),2,52.0,6.0,,,
2022-11-05 18:00:00,Imported workout,3600,Chest Press (Machine),Rest Timer,,,,90.0,
2022-11-05 18:00:00,Imported workout,3600,Chest Press (Machine),3,52.0,5.0,,,
2022-11-05 18:00:00,Imported workout,3600,Chest Press (Machine),Rest Timer,,,,90.0,
2022-11-05 18:00:00,Imported workout,3600,Chest Press (Machine),4,39.0,4.0,,,
2022-11-05 18:00:00,Imported workout,3600,Chest Press (Machine),Rest Timer,,,,90.0,
2022-11-05 18:00:00,Imported workout,3600,Bulgarian Split Squat,4,36.0,8.0,,,
2022-11-05 18:00:00,Imported workout,3600,Bulgarian Split Squat,Rest Timer,,,,90.0,
2022-11-05 18:00:00,Imported workout,3600,Bulgarian Split Squat,1,36.0,6.0,,,
2022-11-05 18:00:00,Imported workout,3600,Bulgarian Split Squat,Rest Timer,,,,90.0,
2022-11-05 18:00:00,Imported workout,3600,Bulgarian Split Squat,2,36.0,6.0,,,
2022-11-05 18:00:00,Imported workout,3600,Bulgarian Split Squat,Rest Timer,,,,90.0,
2022-11-05 18:00:00,Imported workout,3600,Bulgarian Split Squat,3,36.0,8.0,,,
2022-11-05 18:00:00,Imported workout,3600,Bulgarian Split Squat,Rest Timer,,,,90.0,
2022-11-05 18:00:00,Imported workout,3600,Seated Row (Cable),4,32.0,12.0,,,
2022-11-05 18:00:00,Imported workout,3600,Seated Row (Cable),Rest Timer,,,,90.0,
2022-11-05 18:00:00,Imported workout,3600,Seated Row (Cable),5,52.0,8.0,,,
2022-11-05 18:00:00,Imported workout,3600,Seated Row (Cable),Rest Timer,,,,90.0,
2022-11-05 18:00:00,Imported workout,3600,Seated Row (Cable),2,45.0,8.0,,,
2022-11-05 18:00:00,Imported workout,3600,Seated Row (Cable),Rest Timer,,,,90.0,
2022-11-05 18:00:00,Imported workout,3600,Seated Row (Cable),3,45.0,8.0,,,
2022-11-05 18:00:00,Imported workout,3600,Seated Row (Cable),Rest Timer,,,,90.0,
2022-11-05 18:00:00,Imported workout,3600,Seated Row (Cable),1,45.0,8.0,,,
2022-11-05 18:00:00,Imported workout,3600,Seated Row (Cable),Rest Timer,,,,90.0,
2022-11-05 18:00:00,Imported workout,3600,Skullcrusher (Dumbbell),3,9.0,8.0,,,
2022-11-05 18:00:00,Imported workout,3600,Skullcrusher (Dumbbell),Rest Timer,,,,90.0,
2022-11-05 18:00:00,Imported workout,3600,Skullcrusher (Dumbbell),2,9.0,6.0,,,
2022-11-05 18:00:00,Imported workout,3600,Skullcrusher (Dumbbell),Rest Timer,,,,90.0,
2022-11-05 18:00:00,Imported workout,3600,Skullcrusher (Dumbbell),1,9.0,5.0,,,
2022-11-05 18:00:00,Imported workout,3600,Skullcrusher (Dumbbell),Rest Timer,,,,90.0,
2022-11-05 18:00:00,Imported workout,3600,Bicep Curl (Dumbbell),3,12.0,8.0,,,
2022-11-05 18:00:00,Imported workout,3600,Bicep Curl (Dumbbell),Rest Timer,,,,90.0,
2022-11-05 18:00:00,Imported workout,3600,Bicep Curl (Dumbbell),2,12.0,8.0,,,
2022-11-05 18:00:00,Imported workout,3600,Bicep Curl (Dumbbell),Rest Timer,,,,90.0,
2022-11-05 18:00:00,Imported workout,3600,Bicep Curl (Dumbbell),1,12.0,5.0,,,
2022-11-05 18:00:00,Imported workout,3600,Bicep Curl (Dumbbell),Rest Timer,,,,90.0,
2022-11-05 18:00:00,Imported workout,3600,Standing Calf Raise (Machine),4,105.0,12.0,,,
2022-11-05 18:00:00,Imported workout,3600,Standing Calf Raise (Machine),Rest Timer,,,,90.0,
2022-11-05 18:00:00,Imported workout,3600,Standing Calf Raise (Machine),3,134.0,12.0,,,
2022-11-05 18:00:00,Imported workout,3600,Standing Calf Raise (Machine),Rest Timer,,,,90.0,
2022-11-05 18:00:00,Imported workout,3600,Standing Calf Raise (Machine),2,134.0,12.0,,,
2022-11-05 18:00:00,Imported workout,3600,Standing Calf Raise (Machine),Rest Timer,,,,90.0,
2022-11-05 18:00:00,Imported workout,3600,Standing Calf Raise (Machine),1,134.0,12.0,,,
2022-11-05 18:00:00,Imported workout,3600,Standing Calf Raise (Machine),Rest Timer,,,,90.0,
2022-11-05 18:00:00,Imported workout,3600,Lateral Raise (Dumbbell),3,6.0,12.0,,,
2022-11-05 18:00:00,Imported workout,3600,Lateral Raise (Dumbbell),Rest Timer,,,,90.0,
2022-11-05 18:00:00,Imported workout,3600,Lateral Raise (Dumbbell),2,6.0,12.0,,,
2022-11-05 18:00:00,Imported workout,3600,Lateral Raise (Dumbbell),Rest Timer,,,,90.0,
2022-11-05 18:00:00,Imported workout,3600,Lateral Raise (Dumbbell),1,6.0,12.0,,,
2022-11-05 18:00:00,Imported workout,3600,Lateral Raise (Dumbbell),Rest Timer,,,,90.0,
2022-11-08 18:00:00,Imported workout,3600,Bulgarian Split Squat,1,40.0,8.0,,,
2022-11-08 18:00:00,Imported workout,3600,Bulgarian Split Squat,Rest Timer,,,,90.0,
2022-11-08 18:00:00,Imported workout,3600,Bulgarian Split Squat,2,40.0,8.0,,,
2022-11-08 18:00:00,Imported workout,3600,Bulgarian Split Squat,Rest Timer,,,,90.0,
2022-11-08 18:00:00,Imported workout,3600,Bulgarian Split Squat,5,40.0,8.0,,,
2022-11-08 18:00:00,Imported workout,3600,Bulgarian Split Squat,Rest Timer,,,,90.0,
2022-11-08 18:00:00,Imported workout,3600,Bulgarian Split Squat,3,40.0,8.0,,,
2022-11-08 18:00:00,Imported workout,3600,Bulgarian Split Squat,Rest Timer,,,,90.0,
2022-11-08 18:00:00,Imported workout,3600,Bulgarian Split Squat,4,40.0,5.0,,,
2022-11-08 18:00:00,Imported workout,3600,Bulgarian Split Squat,Rest Timer,,,,90.0,
2022-11-08 18:00:00,Imported workout,3600,T Bar Row,5,20.0,8.0,,,
2022-11-08 18:00:00,Imported workout,3600,T Bar Row,Rest Timer,,,,90.0,
2022-11-08 18:00:00,Imported workout,3600,T Bar Row,2,40.0,8.0,,,
2022-11-08 18:00:00,Imported workout,3600,T Bar Row,Rest Timer,,,,90.0,
2022-11-08 18:00:00,Imported workout,3600,T Bar Row,3,50.0,8.0,,,
2022-11-08 18:00:00,Imported workout,3600,T Bar Row,Rest Timer,,,,90.0,
2022-11-08 18:00:00,Imported workout,3600,T Bar Row,1,50.0,8.0,,,
2022-11-08 18:00:00,Imported workout,3600,T Bar Row,Rest Timer,,,,90.0,
2022-11-08 18:00:00,Imported workout,3600,T Bar Row,4,50.0,8.0,,,
2022-11-08 18:00:00,Imported workout,3600,T Bar Row,Rest Timer,,,,90.0,
2022-11-08 18:00:00,Imported workout,3600,Preacher Curl (Barbell),2,15.0,8.0,,,
2022-11-08 18:00:00,Imported workout,3600,Preacher Curl (Barbell),Rest Timer,,,,90.0,
2022-11-08 18:00:00,Imported workout,3600,Skullcrusher (Dumbbell),3,8.0,8.0,,,
2022-11-08 18:00:00,Imported workout,3600,Skullcrusher (Dumbbell),Rest Timer,,,,90.0,
2022-11-08 18:00:00,Imported workout,3600,Skullcrusher (Dumbbell),2,8.0,8.0,,,
2022-11-08 18:00:00,Imported workout,3600,Skullcrusher (Dumbbell),Rest Timer,,,,90.0,
2022-11-08 18:00:00,Imported workout,3600,Preacher Curl (Barbell),1,15.0,6.0,,,
2022-11-08 18:00:00,Imported workout,3600,Preacher Curl (Barbell),Rest Timer,,,,90.0,
2022-11-08 18:00:00,Imported workout,3600,Skullcrusher (Dumbbell),1,8.0,8.0,,,
2022-11-08 18:00:00,Imported workout,3600,Skullcrusher (Dumbbell),Rest Timer,,,,90.0,
2022-11-08 18:00:00,Imported workout,3600,Leg Press,1,125.0,12.0,,,
2022-11-08 18:00:00,Imported workout,3600,Leg Press,Rest Timer,,,,90.0,
2022-11-08 18:00:00,Imported workout,3600,Leg Press,2,150.0,12.0,,,
2022-11-08 18:00:00,Imported workout,3600,Leg Press,Rest Timer,,,,90.0,
2022-11-08 18:00:00,Imported workout,3600,Leg Press,3,175.0,8.0,,,
2022-11-08 18:00:00,Imported workout,3600,Leg Press,Rest Timer,,,,90.0,
2022-11-08 18:00:00,Imported workout,3600,Leg Press,4,175.0,12.0,,,
2022-11-08 18:00:00,Imported workout,3600,Leg Press,Rest Timer,,,,90.0,
2022-11-08 18:00:00,Imported workout,3600,Bench Press (Dumbbell),2,16.0,9.0,,,
2022-11-08 18:00:00,Imported workout,3600,Bench Press (Dumbbell),Rest Timer,,,,90.0,
2022-11-08 18:00:00,Imported workout,3600,Bench Press (Dumbbell),1,16.0,8.0,,,
2022-11-08 18:00:00,Imported workout,3600,Bench Press (Dumbbell),Rest Timer,,,,90.0,
2022-11-08 18:00:00,Imported workout,3600,Bench Press (Dumbbell),3,16.0,8.0,,,
2022-11-08 18:00:00,Imported workout,3600,Bench Press (Dumbbell),Rest Timer,,,,90.0,
2022-11-08 18:00:00,Imported workout,3600,Bench Press (Dumbbell),4,14.0,12.0,,,
2022-11-08 18:00:00,Imported workout,3600,Bench Press (Dumbbell),Rest Timer,,,,90.0,
2022-11-10 18:00:00,Imported workout,3600,Running (Treadmill),2,,,,,
2022-11-10 18:00:00,Imported workout,3600,Running (Treadmill),Rest Timer,,,,90.0,
2022-11-10 18:00:00,Imported workout,3600,Running (Treadmill),1,,,,,
2022-11-10 18:00:00,Imported workout,3600,Running (Treadmill),Rest Timer,,,,90.0,
2022-11-10 18:00:00,Imported workout,3600,Pull Up,4,,9.0,,,
2022-11-10 18:00:00,Imported workout,3600,Pull Up,Rest Timer,,,,90.0,
2022-11-10 18:00:00,Imported workout,3600,Pull Up,3,,8.0,,,
2022-11-10 18:00:00,Imported workout,3600,Pull Up,Rest Timer,,,,90.0,
2022-11-10 18:00:00,Imported workout,3600,Pull Up,2,,7.0,,,
2022-11-10 18:00:00,Imported workout,3600,Pull Up,Rest Timer,,,,90.0,
2022-11-10 18:00:00,Imported workout,3600,Pull Up,1,,6.0,,,
2022-11-10 18:00:00,Imported workout,3600,Pull Up,Rest Timer,,,,90.0,
2022-11-10 18:00:00,Imported workout,3600,Leg Press,4,100.0,12.0,,,
2022-11-10 18:00:00,Imported workout,3600,Leg Press,Rest Timer,,,,90.0,
2022-11-10 18:00:00,Imported workout,3600,Leg Press,5,150.0,12.0,,,
2022-11-10 18:00:00,Imported workout,3600,Leg Press,Rest Timer,,,,90.0,
2022-11-10 18:00:00,Imported workout,3600,Leg Press,3,150.0,12.0,,,
2022-11-10 18:00:00,Imported workout,3600,Leg Press,Rest Timer,,,,90.0,
2022-11-10 18:00:00,Imported workout,3600,Leg Press,2,150.0,12.0,,,
2022-11-10 18:00:00,Imported workout,3600,Leg Press,Rest Timer,,,,90.0,
2022-11-10 18:00:00,Imported workout,3600,Leg Press,1,150.0,12.0,,,
2022-11-10 18:00:00,Imported workout,3600,Leg Press,Rest Timer,,,,90.0,
2022-11-10 18:00:00,Imported workout,3600,Lying Leg Curl (Machine),3,36.0,12.0,,,
2022-11-10 18:00:00,Imported workout,3600,Lying Leg Curl (Machine),Rest Timer,,,,90.0,
2022-11-10 18:00:00,Imported workout,3600,Lying Leg Curl (Machine),2,54.0,12.0,,,
2022-11-10 18:00:00,Imported workout,3600,Lying Leg Curl (Machine),Rest Timer,,,,90.0,
2022-11-10 18:00:00,Imported workout,3600,Lying Leg Curl (Machine),1,54.0,12.0,,,
2022-11-10 18:00:00,Imported workout,3600,Lying Leg Curl (Machine),Rest Timer,,,,90.0,
2022-11-10 18:00:00,Imported workout,3600,Bicep Curl (Dumbbell),1,8.0,12.0,,,
2022-11-10 18:00:00,Imported workout,3600,Bicep Curl (Dumbbell),Rest Timer,,,,90.0,
2022-11-10 18:00:00,Imported workout,3600,Lateral Raise (Dumbbell),1,7.0,10.0,,,
2022-11-10 18:00:00,Imported workout,3600,Lateral Raise (Dumbbell),Rest Timer,,,,90.0,
2022-11-12 18:00:00,Imported workout,3600,Pull Up,1,,6.0,,,
2022-11-12 18:00:00,Imported workout,3600,Pull Up,Rest Timer,,,,90.0,
2022-11-12 18:00:00,Imported workout,3600,Bench Press (Dumbbell),5,16.0,12.0,,,
2022-11-12 18:00:00,Imported workout,3600,Bench Press (Dumbbell),Rest Timer,,,,90.0,
2022-11-12 18:00:00,Imported workout,3600,Bench Press (Dumbbell),2,16.0,12.0,,,
2022-11-12 18:00:00,Imported workout,3600,Bench Press (Dumbbell),Rest Timer,,,,90.0,
2022-11-12 18:00:00,Imported workout,3600,Bench Press (Dumbbell),3,16.0,12.0,,,
2022-11-12 18:00:00,Imported workout,3600,Bench Press (Dumbbell),Rest Timer,,,,90.0,
2022-11-12 18:00:00,Imported workout,3600,Bench Press (Dumbbell),1,16.0,11.0,,,
2022-11-12 18:00:00,Imported workout,3600,Bench Press (Dumbbell),Rest Timer,,,,90.0,
2022-11-12 18:00:00,Imported workout,3600,Bench Press (Dumbbell),4,14.0,9.0,,,
2022-11-12 18:00:00,Imported workout,3600,Bench Press (Dumbbell),Rest Timer,,,,90.0,
2022-11-12 18:00:00,Imported workout,3600,Bulgarian Split Squat,4,40.0,8.0,,,
2022-11-12 18:00:00,Imported workout,3600,Bulgarian Split Squat,Rest Timer,,,,90.0,
2022-11-12 18:00:00,Imported workout,3600,Bulgarian Split Squat,1,40.0,8.0,,,
2022-11-12 18:00:00,Imported workout,3600,Bulgarian Split Squat,Rest Timer,,,,90.0,
2022-11-12 18:00:00,Imported workout,3600,Bulgarian Split Squat,2,40.0,8.0,,,
2022-11-12 18:00:00,Imported workout,3600,Bulgarian Split Squat,Rest Timer,,,,90.0,
2022-11-12 18:00:00,Imported workout,3600,Bulgarian Split Squat,3,40.0,8.0,,,
2022-11-12 18:00:00,Imported workout,3600,Bulgarian Split Squat,Rest Timer,,,,90.0,
2022-11-12 18:00:00,Imported workout,3600,Skullcrusher (Dumbbell),3,10.0,5.0,,,
2022-11-12 18:00:00,Imported workout,3600,Skullcrusher (Dumbbell),Rest Timer,,,,90.0,
2022-11-12 18:00:00,Imported workout,3600,Bicep Curl (Dumbbell),2,10.0,12.0,,,
2022-11-12 18:00:00,Imported workout,3600,Bicep Curl (Dumbbell),Rest Timer,,,,90.0,
2022-11-12 18:00:00,Imported workout,3600,Bicep Curl (Dumbbell),3,10.0,12.0,,,
2022-11-12 18:00:00,Imported workout,3600,Bicep Curl (Dumbbell),Rest Timer,,,,90.0,
2022-11-12 18:00:00,Imported workout,3600,Skullcrusher (Dumbbell),2,10.0,6.0,,,
2022-11-12 18:00:00,Imported workout,3600,Skullcrusher (Dumbbell),Rest Timer,,,,90.0,
2022-11-12 18:00:00,Imported workout,3600,Skullcrusher (Dumbbell),1,10.0,6.0,,,
2022-11-12 18:00:00,Imported workout,3600,Skullcrusher (Dumbbell),Rest Timer,,,,90.0,
2022-11-12 18:00:00,Imported workout,3600,Bicep Curl (Dumbbell),1,10.0,5.0,,,
2022-11-12 18:00:00,Imported workout,3600,Bicep Curl (Dumbbell),Rest Timer,,,,90.0,
2022-11-12 18:00:00,Imported workout,3600,Seated Row (Cable),1,39.0,12.0,,,
2022-11-12 18:00:00,Imported workout,3600,Seated Row (Cable),Rest Timer,,,,90.0,
2022-11-12 18:00:00,Imported workout,3600,Seated Row (Cable),2,59.0,8.0,,,
2022-11-12 18:00:00,Imported workout,3600,Seated Row (Cable),Rest Timer,,,,90.0,
2022-11-12 18:00:00,Imported workout,3600,Seated Row (Cable),3,59.0,8.0,,,
2022-11-12 18:00:00,Imported workout,3600,Seated Row (Cable),Rest Timer,,,,90.0,
2022-11-12 18:00:00,Imported workout,3600,Seated Row (Cable),4,52.0,8.0,,,
2022-11-12 18:00:00,Imported workout,3600,Seated Row (Cable),Rest Timer,,,,90.0,
2022-11-12 18:00:00,Imported workout,3600,Standing Calf Raise (Machine),5,100.0,12.0,,,
2022-11-12 18:00:00,Imported workout,3600,Standing Calf Raise (Machine),Rest Timer,,,,90.0,
2022-11-12 18:00:00,Imported workout,3600,Standing Calf Raise (Machine),2,134.0,12.0,,,
2022-11-12 18:00:00,Imported workout,3600,Standing Calf Raise (Machine),Rest Timer,,,,90.0,
2022-11-12 18:00:00,Imported workout,3600,Standing Calf Raise (Machine),3,134.0,12.0,,,
2022-11-12 18:00:00,Imported workout,3600,Standing Calf Raise (Machine),Rest Timer,,,,90.0,
2022-11-12 18:00:00,Imported workout,3600,Standing Calf Raise (Machine),1,134.0,12.0,,,
2022-11-12 18:00:00,Imported workout,3600,Standing Calf Raise (Machine),Rest Timer,,,,90.0,
2022-11-12 18:00:00,Imported workout,3600,Standing Calf Raise (Machine),4,134.0,12.0,,,
2022-11-12 18:00:00,Imported workout,3600,Standing Calf Raise (Machine),Rest Timer,,,,90.0,
2022-11-12 18:00:00,Imported workout,3600,Knee Raise (Captain's Chair),1,,8.0,,,
2022-11-12 18:00:00,Imported workout,3600,Knee Raise (Captain's Chair),Rest Timer,,,,90.0,
2022-11-14 18:00:00,Imported workout,3600,Pull Up,4,,10.0,,,
2022-11-14 18:00:00,Imported workout,3600,Pull Up,Rest Timer,,,,90.0,
2022-11-14 18:00:00,Imported workout,3600,Pull Up,3,,6.0,,,
2022-11-14 18:00:00,Imported workout,3600,Pull Up,Rest Timer,,,,90.0,
2022-11-14 18:00:00,Imported workout,3600,Pull Up,2,,5.0,,,
2022-11-14 18:00:00,Imported workout,3600,Pull Up,Rest Timer,,,,90.0,
2022-11-14 18:00:00,Imported workout,3600,Pull Up,1,,3.0,,,
2022-11-14 18:00:00,Imported workout,3600,Pull Up,Rest Timer,,,,90.0,
2022-11-14 18:00:00,Imported workout,3600,Seated Overhead Press (Dumbbell),5,18.0,8.0,,,
2022-11-14 18:00:00,Imported workout,3600,Seated Overhead Press (Dumbbell),Rest Timer,,,,90.0,
2022-11-14 18:00:00,Imported workout,3600,Lateral Raise (Dumbbell),2,7.0,8.0,,,
2022-11-14 18:00:00,Imported workout,3600,Lateral Raise (Dumbbell),Rest Timer,,,,90.0,
2022-11-14 18:00:00,Imported workout,3600,Seated Overhead Press (Dumbbell),4,18.0,8.0,,,
2022-11-14 18:00:00,Imported workout,3600,Seated Overhead Press (Dumbbell),Rest Timer,,,,90.0,
2022-11-14 18:00:00,Imported workout,3600,Seated Overhead Press (Dumbbell),3,18.0,4.0,,,
2022-11-14 18:00:00,Imported workout,3600,Seated Overhead Press (Dumbbell),Rest Timer,,,,90.0,
2022-11-14 18:00:00,Imported workout,3600,Seated Overhead Press (Dumbbell),2,16.0,9.0,,,
2022-11-14 18:00:00,Imported workout,3600,Seated Overhead Press (Dumbbell),Rest Timer,,,,90.0,
2022-11-14 18:00:00,Imported workout,3600,Lateral Raise (Dumbbell),3,7.0,8.0,,,
2022-11-14 18:00:00,Imported workout,3600,Lateral Raise (Dumbbell),Rest Timer,,,,90.0,
2022-11-14 18:00:00,Imported workout,3600,Lateral Raise (Dumbbell),1,7.0,8.0,,,
2022-11-14 18:00:00,Imported workout,3600,Lateral Raise (Dumbbell),Rest Timer,,,,90.0,
2022-11-14 18:00:00,Imported workout,3600,Seated Overhead Press (Dumbbell),1,16.0,9.0,,,
2022-11-14 18:00:00,Imported workout,3600,Seated Overhead Press (Dumbbell),Rest Timer,,,,90.0,
2022-11-14 18:00:00,Imported workout,3600,Leg Press,4,150.0,12.0,,,
2022-11-14 18:00:00,Imported workout,3600,Leg Press,Rest Timer,,,,90.0,
2022-11-14 18:00:00,Imported workout,3600,Leg Press,3,190.0,12.0,,,
2022-11-14 18:00:00,Imported workout,3600,Leg Press,Rest Timer,,,,90.0,
2022-11-14 18:00:00,Imported workout,3600,Leg Press,2,190.0,8.0,,,
2022-11-14 18:00:00,Imported workout,3600,Leg Press,Rest Timer,,,,90.0,
2022-11-14 18:00:00,Imported workout,3600,Leg Press,1,190.0,12.0,,,
2022-11-14 18:00:00,Imported workout,3600,Leg Press,Rest Timer,,,,90.0,
2022-11-14 18:00:00,Imported workout,3600,Triceps Pushdown (Cable - Straight Bar),2,14.0,12.0,,,
2022-11-14 18:00:00,Imported workout,3600,Triceps Pushdown (Cable - Straight Bar),Rest Timer,,,,90.0,
2022-11-14 18:00:00,Imported workout,3600,Triceps Pushdown (Cable - Straight Bar),1,14.0,12.0,,,
2022-11-14 18:00:00,Imported workout,3600,Triceps Pushdown (Cable - Straight Bar),Rest Timer,,,,90.0,
2022-11-14 18:00:00,Imported workout,3600,Triceps Pushdown (Cable - Straight Bar),3,14.0,12.0,,,
2022-11-14 18:00:00,Imported workout,3600,Triceps Pushdown (Cable - Straight Bar),Rest Timer,,,,90.0,
2022-11-14 18:00:00,Imported workout,3600,Bicep Curl (Cable),1,14.0,12.0,,,
2022-11-14 18:00:00,Imported workout,3600,Bicep Curl (Cable),Rest Timer,,,,90.0,
2022-11-14 18:00:00,Imported workout,3600,Bicep Curl (Cable),2,18.0,8.0,,,
2022-11-14 18:00:00,Imported workout,3600,Bicep Curl (Cable),Rest Timer,,,,90.0,
2022-11-17 18:00:00,Imported workout,3600,Pull Up,5,,8.0,,,
2022-11-17 18:00:00,Imported workout,3600,Pull Up,Rest Timer,,,,90.0,
2022-11-17 18:00:00,Imported workout,3600,Pull Up,4,,5.0,,,
2022-11-17 18:00:00,Imported workout,3600,Pull Up,Rest Timer,,,,90.0,
2022-11-17 18:00:00,Imported workout,3600,Pull Up,1,,4.0,,,
2022-11-17 18:00:00,Imported workout,3600,Pull Up,Rest Timer,,,,90.0,
2022-11-17 18:00:00,Imported workout,3600,Pull Up,3,,4.0,,,
2022-11-17 18:00:00,Imported workout,3600,Pull Up,Rest Timer,,,,90.0,
2022-11-17 18:00:00,Imported workout,3600,Pull Up,2,,4.0,,,
2022-11-17 18:00:00,Imported workout,3600,Pull Up,Rest Timer,,,,90.0,
2022-11-17 18:00:00,Imported workout,3600,Lateral Raise (Dumbbell),1,6.0,12.0,,,
2022-11-17 18:00:00,Imported workout,3600,Lateral Raise (Dumbbell),Rest Timer,,,,90.0,
2022-11-17 18:00:00,Imported workout,3600,Overhead Press (Barbell),6,20.0,8.0,,,
2022-11-17 18:00:00,Imported workout,3600,Overhead Press (Barbell),Rest Timer,,,,90.0,
2022-11-17 18:00:00,Imported workout,3600,Overhead Press (Barbell),5,35.0,5.0,,,
2022-11-17 18:00:00,Imported workout,3600,Overhead Press (Barbell),Rest Timer,,,,90.0,
2022-11-17 18:00:00,Imported workout,3600,Overhead Press (Barbell),4,30.0,8.0,,,
2022-11-17 18:00:00,Imported workout,3600,Overhead Press (Barbell),Rest Timer,,,,90.0,
2022-11-17 18:00:00,Imported workout,3600,Overhead Press (Barbell),3,30.0,7.0,,,
2022-11-17 18:00:00,Imported workout,3600,Overhead Press (Barbell),Rest Timer,,,,90.0,
2022-11-17 18:00:00,Imported workout,3600,Overhead Press (Barbell),2,30.0,8.0,,,
2022-11-17 18:00:00,Imported workout,3600,Overhead Press (Barbell),Rest Timer,,,,90.0,
2022-11-17 18:00:00,Imported workout,3600,Overhead Press (Barbell),1,30.0,5.0,,,
2022-11-17 18:00:00,Imported workout,3600,Overhead Press (Barbell),Rest Timer,,,,90.0,
2022-11-17 18:00:00,Imported workout,3600,Leg Press,4,155.0,12.0,,,
2022-11-17 18:00:00,Imported workout,3600,Leg Press,Rest Timer,,,,90.0,
2022-11-17 18:00:00,Imported workout,3600,Leg Press,3,170.0,12.0,,,
2022-11-17 18:00:00,Imported workout,3600,Leg Press,Rest Timer,,,,90.0,
2022-11-17 18:00:00,Imported workout,3600,Leg Press,2,190.0,12.0,,,
2022-11-17 18:00:00,Imported workout,3600,Leg Press,Rest Timer,,,,90.0,
2022-11-17 18:00:00,Imported workout,3600,Leg Press,1,190.0,12.0,,,
2022-11-17 18:00:00,Imported workout,3600,Leg Press,Rest Timer,,,,90.0,
2022-11-17 18:00:00,Imported workout,3600,Preacher Curl (Barbell),1,15.0,8.0,,,
2022-11-17 18:00:00,Imported workout,3600,Preacher Curl (Barbell),Rest Timer,,,,90.0,
2022-11-17 18:00:00,Imported workout,3600,Preacher Curl (Barbell),2,15.0,4.0,,,
2022-11-17 18:00:00,Imported workout,3600,Preacher Curl (Barbell),Rest Timer,,,,90.0,
2022-11-17 18:00:00,Imported workout,3600,Preacher Curl (Barbell),3,12.5,6.0,,,
2022-11-17 18:00:00,Imported workout,3600,Preacher Curl (Barbell),Rest Timer,,,,90.0,
2022-11-17 18:00:00,Imported workout,3600,Skullcrusher (Dumbbell),1,9.0,10.0,,,
2022-11-17 18:00:00,Imported workout,3600,Skullcrusher (Dumbbell),Rest Timer,,,,90.0,
2022-11-17 18:00:00,Imported workout,3600,Skullcrusher (Dumbbell),3,9.0,8.0,,,
2022-11-17 18:00:00,Imported workout,3600,Skullcrusher (Dumbbell),Rest Timer,,,,90.0,
2022-11-17 18:00:00,Imported workout,3600,Skullcrusher (Dumbbell),2,9.0,6.0,,,
2022-11-17 18:00:00,Imported workout,3600,Skullcrusher (Dumbbell),Rest Timer,,,,90.0,
2022-11-17 18:00:00,Imported workout,3600,Standing Calf Raise (Machine),2,143.0,12.0,,,
2022-11-17 18:00:00,Imported workout,3600,Standing Calf Raise (Machine),Rest Timer,,,,90.0,
2022-11-17 18:00:00,Imported workout,3600,Standing Calf Raise (Machine),3,143.0,12.0,,,
2022-11-17 18:00:00,Imported workout,3600,Standing Calf Raise (Machine),Rest Timer,,,,90.0,
2022-11-17 18:00:00,Imported workout,3600,Standing Calf Raise (Machine),1,143.0,12.0,,,
2022-11-17 18:00:00,Imported workout,3600,Standing Calf Raise (Machine),Rest Timer,,,,90.0,
2022-11-21 18:00:00,Imported workout,3600,Bench Press (Barbell),5,20.0,8.0,,,
2022-11-21 18:00:00,Imported workout,3600,Bench Press (Barbell),Rest Timer,,,,90.0,
2022-11-21 18:00:00,Imported workout,3600,Bench Press (Barbell),4,50.0,8.0,,,
2022-11-21 18:00:00,Imported workout,3600,Bench Press (Barbell),Rest Timer,,,,90.0,
2022-11-21 18:00:00,Imported workout,3600,Bench Press (Barbell),3,60.0,5.0,,,
2022-11-21 18:00:00,Imported workout,3600,Bench Press (Barbell),Rest Timer,,,,90.0,
2022-11-21 18:00:00,Imported workout,3600,Bench Press (Barbell),2,60.0,3.0,,,
2022-11-21 18:00:00,Imported workout,3600,Bench Press (Barbell),Rest Timer,,,,90.0,
2022-11-21 18:00:00,Imported workout,3600,Bench Press (Barbell),1,55.0,5.0,,,
2022-11-21 18:00:00,Imported workout,3600,Bench Press (Barbell),Rest Timer,,,,90.0,
2022-11-21 18:00:00,Imported workout,3600,Bench Press (Smith Machine),3,50.0,8.0,,,
2022-11-21 18:00:00,Imported workout,3600,Bench Press (Smith Machine),Rest Timer,,,,90.0,
2022-11-21 18:00:00,Imported workout,3600,Bench Press (Smith Machine),2,50.0,8.0,,,
2022-11-21 18:00:00,Imported workout,3600,Bench Press (Smith Machine),Rest Timer,,,,90.0,
2022-11-21 18:00:00,Imported workout,3600,Bench Press (Smith Machine),4,50.0,12.0,,,
2022-11-21 18:00:00,Imported workout,3600,Bench Press (Smith Machine),Rest Timer,,,,90.0,
2022-11-21 18:00:00,Imported workout,3600,Bench Press (Smith Machine),1,50.0,12.0,,,
2022-11-21 18:00:00,Imported workout,3600,Bench Press (Smith Machine),Rest Timer,,,,90.0,
2022-11-21 18:00:00,Imported workout,3600,Lying Leg Curl (Machine),2,32.0,12.0,,,
2022-11-21 18:00:00,Imported workout,3600,Lying Leg Curl (Machine),Rest Timer,,,,90.0,
2022-11-21 18:00:00,Imported workout,3600,Lying Leg Curl (Machine),1,54.0,10.0,,,
2022-11-21 18:00:00,Imported workout,3600,Lying Leg Curl (Machine),Rest Timer,,,,90.0,
2022-11-21 18:00:00,Imported workout,3600,Lat Pulldown (Cable),1,39.0,8.0,,,
2022-11-21 18:00:00,Imported workout,3600,Lat Pulldown (Cable),Rest Timer,,,,90.0,
2022-11-21 18:00:00,Imported workout,3600,Lat Pulldown (Cable),3,45.0,6.0,,,
2022-11-21 18:00:00,Imported workout,3600,Lat Pulldown (Cable),Rest Timer,,,,90.0,
2022-11-21 18:00:00,Imported workout,3600,Lat Pulldown (Cable),2,45.0,8.0,,,
2022-11-21 18:00:00,Imported workout,3600,Lat Pulldown (Cable),Rest Timer,,,,90.0,
2022-11-21 18:00:00,Imported workout,3600,Triceps Pushdown (Cable - Straight Bar),2,14.0,12.0,,,
2022-11-21 18:00:00,Imported workout,3600,Triceps Pushdown (Cable - Straight Bar),Rest Timer,,,,90.0,
2022-11-21 18:00:00,Imported workout,3600,Triceps Pushdown (Cable - Straight Bar),1,18.0,8.0,,,
2022-11-21 18:00:00,Imported workout,3600,Triceps Pushdown (Cable - Straight Bar),Rest Timer,,,,90.0,
2022-11-24 18:00:00,Imported workout,3600,Pull Up,4,,10.0,,,
2022-11-24 18:00:00,Imported workout,3600,Pull Up,Rest Timer,,,,90.0,
2022-11-24 18:00:00,Imported workout,3600,Pull Up,3,,7.0,,,
2022-11-24 18:00:00,Imported workout,3600,Pull Up,Rest Timer,,,,90.0,
2022-11-24 18:00:00,Imported workout,3600,Pull Up,2,,7.0,,,
2022-11-24 18:00:00,Imported workout,3600,Pull Up,Rest Timer,,,,90.0,
2022-11-24 18:00:00,Imported workout,3600,Pull Up,1,,4.0,,,
2022-11-24 18:00:00,Imported workout,3600,Pull Up,Rest Timer,,,,90.0,
2022-11-24 18:00:00,Imported workout,3600,Leg Press,4,150.0,12.0,,,
2022-11-24 18:00:00,Imported workout,3600,Leg Press,Rest Timer,,,,90.0,
2022-11-24 18:00:00,Imported workout,3600,Leg Press,3,175.0,12.0,,,
2022-11-24 18:00:00,Imported workout,3600,Leg Press,Rest Timer,,,,90.0,
2022-11-24 18:00:00,Imported workout,3600,Leg Press,5,175.0,12.0,,,
2022-11-24 18:00:00,Imported workout,3600,Leg Press,Rest Timer,,,,90.0,
2022-11-24 18:00:00,Imported workout,3600,Leg Press,2,175.0,12.0,,,
2022-11-24 18:00:00,Imported workout,3600,Leg Press,Rest Timer,,,,90.0,
2022-11-24 18:00:00,Imported workout,3600,Leg Press,1,175.0,12.0,,,
2022-11-24 18:00:00,Imported workout,3600,Leg Press,Rest Timer,,,,90.0,
2022-11-24 18:00:00,Imported workout,3600,Seated Overhead Press (Dumbbell),2,18.0,12.0,,,
2022-11-24 18:00:00,Imported workout,3600,Seated Overhead Press (Dumbbell),Rest Timer,,,,90.0,
2022-11-24 18:00:00,Imported workout,3600,Seated Overhead Press (Dumbbell),3,18.0,12.0,,,
2022-11-24 18:00:00,Imported workout,3600,Seated Overhead Press (Dumbbell),Rest Timer,,,,90.0,
2022-11-24 18:00:00,Imported workout,3600,Seated Overhead Press (Dumbbell),1,18.0,6.0,,,
2022-11-24 18:00:00,Imported workout,3600,Seated Overhead Press (Dumbbell),Rest Timer,,,,90.0,
2022-11-24 18:00:00,Imported workout,3600,Standing Calf Raise (Machine),3,113.0,12.0,,,
2022-11-24 18:00:00,Imported workout,3600,Standing Calf Raise (Machine),Rest Timer,,,,90.0,
2022-11-24 18:00:00,Imported workout,3600,Standing Calf Raise (Machine),2,143.0,12.0,,,
2022-11-24 18:00:00,Imported workout,3600,Standing Calf Raise (Machine),Rest Timer,,,,90.0,
2022-11-24 18:00:00,Imported workout,3600,Standing Calf Raise (Machine),1,143.0,12.0,,,
2022-11-24 18:00:00,Imported workout,3600,Standing Calf Raise (Machine),Rest Timer,,,,90.0,
2022-11-26 18:00:00,Imported workout,3600,Running (Treadmill),1,,,,,
2022-11-26 18:00:00,Imported workout,3600,Running (Treadmill),Rest Timer,,,,90.0,
2022-11-26 18:00:00,Imported workout,3600,Bench Press (Barbell),1,20.0,10.0,,,
2022-11-26 18:00:00,Imported workout,3600,Bench Press (Barbell),Rest Timer,,,,90.0,
2022-11-26 18:00:00,Imported workout,3600,Bench Press (Barbell),2,55.0,7.0,,,
2022-11-26 18:00:00,Imported workout,3600,Bench Press (Barbell),Rest Timer,,,,90.0,
2022-11-26 18:00:00,Imported workout,3600,Bench Press (Barbell),3,50.0,8.0,,,
2022-11-26 18:00:00,Imported workout,3600,Bench Press (Barbell),Rest Timer,,,,90.0,
2022-11-26 18:00:00,Imported workout,3600,Bench Press (Barbell),4,55.0,6.0,,,
2022-11-26 18:00:00,Imported workout,3600,Bench Press (Barbell),Rest Timer,,,,90.0,
2022-11-26 18:00:00,Imported workout,3600,Bench Press (Barbell),5,55.0,5.0,,,
2022-11-26 18:00:00,Imported workout,3600,Bench Press (Barbell),Rest Timer,,,,90.0,
2022-11-26 18:00:00,Imported workout,3600,Bench Press (Barbell),6,55.0,4.0,,,
2022-11-26 18:00:00,Imported workout,3600,Bench Press (Barbell),Rest Timer,,,,90.0,
2022-11-26 18:00:00,Imported workout,3600,Bulgarian Split Squat,1,40.0,8.0,,,
2022-11-26 18:00:00,Imported workout,3600,Bulgarian Split Squat,Rest Timer,,,,90.0,
2022-11-26 18:00:00,Imported workout,3600,Bulgarian Split Squat,2,40.0,8.0,,,
2022-11-26 18:00:00,Imported workout,3600,Bulgarian Split Squat,Rest Timer,,,,90.0,
2022-11-26 18:00:00,Imported workout,3600,Bulgarian Split Squat,3,40.0,8.0,,,
2022-11-26 18:00:00,Imported workout,3600,Bulgarian Split Squat,Rest Timer,,,,90.0,
2022-11-26 18:00:00,Imported workout,3600,Bulgarian Split Squat,4,40.0,8.0,,,
2022-11-26 18:00:00,Imported workout,3600,Bulgarian Split Squat,Rest Timer,,,,90.0,
2022-11-26 18:00:00,Imported workout,3600,Skullcrusher (Dumbbell),3,10.0,8.0,,,
2022-11-26 18:00:00,Imported workout,3600,Skullcrusher (Dumbbell),Rest Timer,,,,90.0,
2022-11-26 18:00:00,Imported workout,3600,Skullcrusher (Dumbbell),4,10.0,6.0,,,
2022-11-26 18:00:00,Imported workout,3600,Skullcrusher (Dumbbell),Rest Timer,,,,90.0,
2022-11-26 18:00:00,Imported workout,3600,Skullcrusher (Dumbbell),1,10.0,7.0,,,
2022-11-26 18:00:00,Imported workout,3600,Skullcrusher (Dumbbell),Rest Timer,,,,90.0,
2022-11-26 18:00:00,Imported workout,3600,Skullcrusher (Dumbbell),2,10.0,7.0,,,
2022-11-26 18:00:00,Imported workout,3600,Skullcrusher (Dumbbell),Rest Timer,,,,90.0,
2022-11-26 18:00:00,Imported workout,3600,Triceps Pushdown (Cable - Straight Bar),3,14.0,8.0,,,
2022-11-26 18:00:00,Imported workout,3600,Triceps Pushdown (Cable - Straight Bar),Rest Timer,,,,90.0,
2022-11-26 18:00:00,Imported workout,3600,Triceps Pushdown (Cable - Straight Bar),2,14.0,7.0,,,
2022-11-26 18:00:00,Imported workout,3600,Triceps Pushdown (Cable - Straight Bar),Rest Timer,,,,90.0,
2022-11-26 18:00:00,Imported workout,3600,Triceps Pushdown (Cable - Straight Bar),1,9.0,10.0,,,
2022-11-26 18:00:00,Imported workout,3600,Triceps Pushdown (Cable - Straight Bar),Rest Timer,,,,90.0,
2022-11-26 18:00:00,Imported workout,3600,Leg Press,1,175.0,12.0,,,
2022-11-26 18:00:00,Imported workout,3600,Leg Press,Rest Timer,,,,90.0,
2022-11-26 18:00:00,Imported workout,3600,Leg Press,2,175.0,8.0,,,
2022-11-26 18:00:00,Imported workout,3600,Leg Press,Rest Timer,,,,90.0,
2022-11-26 18:00:00,Imported workout,3600,Leg Press,3,150.0,12.0,,,
2022-11-26 18:00:00,Imported workout,3600,Leg Press,Rest Timer,,,,90.0,
2022-11-26 18:00:00,Imported workout,3600,Leg Press,4,150.0,12.0,,,
2022-11-26 18:00:00,Imported workout,3600,Leg Press,Rest Timer,,,,90.0,
2022-11-26 18:00:00,Imported workout,3600,Seated Row (Cable),1,39.0,10.0,,,
2022-11-26 18:00:00,Imported workout,3600,Seated Row (Cable),Rest Timer,,,,90.0,
2022-11-26 18:00:00,Imported workout,3600,Seated Row (Cable),4,39.0,12.0,,,
2022-11-26 18:00:00,Imported workout,3600,Seated Row (Cable),Rest Timer,,,,90.0,
2022-11-26 18:00:00,Imported workout,3600,Seated Row (Cable),3,39.0,12.0,,,
2022-11-26 18:00:00,Imported workout,3600,Seated Row (Cable),Rest Timer,,,,90.0,
2022-11-26 18:00:00,Imported workout,3600,Seated Row (Cable),2,39.0,12.0,,,
2022-11-26 18:00:00,Imported workout,3600,Seated Row (Cable),Rest Timer,,,,90.0,
2022-11-26 18:00:00,Imported workout,3600,Bicep Curl (Dumbbell),2,14.0,8.0,,,
2022-11-26 18:00:00,Imported workout,3600,Bicep Curl (Dumbbell),Rest Timer,,,,90.0,
2022-11-26 18:00:00,Imported workout,3600,Lateral Raise (Dumbbell),1,8.0,12.0,,,
2022-11-26 18:00:00,Imported workout,3600,Lateral Raise (Dumbbell),Rest Timer,,,,90.0,
2022-11-26 18:00:00,Imported workout,3600,Lateral Raise (Dumbbell),2,8.0,8.0,,,
2022-11-26 18:00:00,Imported workout,3600,Lateral Raise (Dumbbell),Rest Timer,,,,90.0,
2022-11-26 18:00:00,Imported workout,3600,Bicep Curl (Dumbbell),1,14.0,8.0,,,
2022-11-26 18:00:00,Imported workout,3600,Bicep Curl (Dumbbell),Rest Timer,,,,90.0,
2022-11-28 18:00:00,Imported workout,3600,Pull Up,1,,10.0,,,
2022-11-28 18:00:00,Imported workout,3600,Pull Up,Rest Timer,,,,90.0,
2022-11-28 18:00:00,Imported workout,3600,Pull Up,5,,8.0,,,
2022-11-28 18:00:00,Imported workout,3600,Pull Up,Rest Timer,,,,90.0,
2022-11-28 18:00:00,Imported workout,3600,Pull Up,2,,8.0,,,
2022-11-28 18:00:00,Imported workout,3600,Pull Up,Rest Timer,,,,90.0,
2022-11-28 18:00:00,Imported workout,3600,Pull Up,3,,7.0,,,
2022-11-28 18:00:00,Imported workout,3600,Pull Up,Rest Timer,,,,90.0,
2022-11-28 18:00:00,Imported workout,3600,Pull Up,4,,5.0,,,
2022-11-28 18:00:00,Imported workout,3600,Pull Up,Rest Timer,,,,90.0,
2022-11-28 18:00:00,Imported workout,3600,Seated Overhead Press (Dumbbell),4,18.0,12.0,,,
2022-11-28 18:00:00,Imported workout,3600,Seated Overhead Press (Dumbbell),Rest Timer,,,,90.0,
2022-11-28 18:00:00,Imported workout,3600,Lateral Raise (Dumbbell),3,6.0,8.0,,,
2022-11-28 18:00:00,Imported workout,3600,Lateral Raise (Dumbbell),Rest Timer,,,,90.0,
2022-11-28 18:00:00,Imported workout,3600,Seated Overhead Press (Dumbbell),2,18.0,8.0,,,
2022-11-28 18:00:00,Imported workout,3600,Seated Overhead Press (Dumbbell),Rest Timer,,,,90.0,
2022-11-28 18:00:00,Imported workout,3600,Seated Overhead Press (Dumbbell),1,16.0,8.0,,,
2022-11-28 18:00:00,Imported workout,3600,Seated Overhead Press (Dumbbell),Rest Timer,,,,90.0,
2022-11-28 18:00:00,Imported workout,3600,Seated Overhead Press (Dumbbell),3,18.0,8.0,,,
2022-11-28 18:00:00,Imported workout,3600,Seated Overhead Press (Dumbbell),Rest Timer,,,,90.0,
2022-11-28 18:00:00,Imported workout,3600,Lateral Raise (Dumbbell),1,6.0,8.0,,,
2022-11-28 18:00:00,Imported workout,3600,Lateral Raise (Dumbbell),Rest Timer,,,,90.0,
2022-11-28 18:00:00,Imported workout,3600,Lateral Raise (Dumbbell),2,6.0,8.0,,,
2022-11-28 18:00:00,Imported workout,3600,Lateral Raise (Dumbbell),Rest Timer,,,,90.0,
2022-11-28 18:00:00,Imported workout,3600,Leg Press,4,150.0,12.0,,,
2022-11-28 18:00:00,Imported workout,3600,Leg Press,Rest Timer,,,,90.0,
2022-11-28 18:00:00,Imported workout,3600,Leg Press,3,175.0,12.0,,,
2022-11-28 18:00:00,Imported workout,3600,Leg Press,Rest Timer,,,,90.0,
2022-11-28 18:00:00,Imported workout,3600,Leg Press,1,190.0,12.0,,,
2022-11-28 18:00:00,Imported workout,3600,Leg Press,Rest Timer,,,,90.0,
2022-11-28 18:00:00,Imported workout,3600,Leg Press,2,200.0,12.0,,,
2022-11-28 18:00:00,Imported workout,3600,Leg Press,Rest Timer,,,,90.0,
2022-11-28 18:00:00,Imported workout,3600,Triceps Pushdown (Cable - Straight Bar),1,18.0,8.0,,,
2022-11-28 18:00:00,Imported workout,3600,Triceps Pushdown (Cable - Straight Bar),Rest Timer,,,,90.0,
2022-11-28 18:00:00,Imported workout,3600,Preacher Curl (Machine),1,36.0,12.0,,,
2022-11-28 18:00:00,Imported workout,3600,Preacher Curl (Machine),Rest Timer,,,,90.0,
2022-11-28 18:00:00,Imported workout,3600,Preacher Curl (Machine),2,36.0,12.0,,,
2022-11-28 18:00:00,Imported workout,3600,Preacher Curl (Machine),Rest Timer,,,,90.0,
2022-11-28 18:00:00,Imported workout,3600,Preacher Curl (Machine),3,36.0,12.0,,,
2022-11-28 18:00:00,Imported workout,3600,Preacher Curl (Machine),Rest Timer,,,,90.0,
2022-11-28 18:00:00,Imported workout,3600,Triceps Pushdown (Cable - Straight Bar),3,14.0,8.0,,,
2022-11-28 18:00:00,Imported workout,3600,Triceps Pushdown (Cable - Straight Bar),Rest Timer,,,,90.0,
2022-11-28 18:00:00,Imported workout,3600,Triceps Pushdown (Cable - Straight Bar),2,14.0,8.0,,,
2022-11-28 18:00:00,Imported workout,3600,Triceps Pushdown (Cable - Straight Bar),Rest Timer,,,,90.0,
2022-11-28 18:00:00,Imported workout,3600,Standing Calf Raise (Machine),1,143.0,12.0,,,
2022-11-28 18:00:00,Imported workout,3600,Standing Calf Raise (Machine),Rest Timer,,,,90.0,
2022-11-28 18:00:00,Imported workout,3600,Standing Calf Raise (Machine),2,143.0,12.0,,,
2022-11-28 18:00:00,Imported workout,3600,Standing Calf Raise (Machine),Rest Timer,,,,90.0,
2022-11-29 18:00:00,Imported workout,3600,Bench Press (Dumbbell),1,12.0,12.0,,,
2022-11-29 18:00:00,Imported workout,3600,Bench Press (Dumbbell),Rest Timer,,,,90.0,
2022-11-29 18:00:00,Imported workout,3600,Bench Press (Dumbbell),2,20.0,8.0,,,
2022-11-29 18:00:00,Imported workout,3600,Bench Press (Dumbbell),Rest Timer,,,,90.0,
2022-11-29 18:00:00,Imported workout,3600,Bench Press (Dumbbell),3,20.0,7.0,,,
2022-11-29 18:00:00,Imported workout,3600,Bench Press (Dumbbell),Rest Timer,,,,90.0,
2022-11-29 18:00:00,Imported workout,3600,Bench Press (Dumbbell),5,20.0,8.0,,,
2022-11-29 18:00:00,Imported workout,3600,Bench Press (Dumbbell),Rest Timer,,,,90.0,
2022-11-29 18:00:00,Imported workout,3600,Bench Press (Dumbbell),4,20.0,7.0,,,
2022-11-29 18:00:00,Imported workout,3600,Bench Press (Dumbbell),Rest Timer,,,,90.0,
2022-11-29 18:00:00,Imported workout,3600,Bulgarian Split Squat,3,40.0,8.0,,,
2022-11-29 18:00:00,Imported workout,3600,Bulgarian Split Squat,Rest Timer,,,,90.0,
2022-11-29 18:00:00,Imported workout,3600,Bulgarian Split Squat,5,40.0,8.0,,,
2022-11-29 18:00:00,Imported workout,3600,Bulgarian Split Squat,Rest Timer,,,,90.0,
2022-11-29 18:00:00,Imported workout,3600,Bulgarian Split Squat,4,40.0,8.0,,,
2022-11-29 18:00:00,Imported workout,3600,Bulgarian Split Squat,Rest Timer,,,,90.0,
2022-11-29 18:00:00,Imported workout,3600,Seated Row (Cable),5,45.0,10.0,,,
2022-11-29 18:00:00,Imported workout,3600,Seated Row (Cable),Rest Timer,,,,90.0,
2022-11-29 18:00:00,Imported workout,3600,Bulgarian Split Squat,2,40.0,8.0,,,
2022-11-29 18:00:00,Imported workout,3600,Bulgarian Split Squat,Rest Timer,,,,90.0,
2022-11-29 18:00:00,Imported workout,3600,Bulgarian Split Squat,1,40.0,8.0,,,
2022-11-29 18:00:00,Imported workout,3600,Bulgarian Split Squat,Rest Timer,,,,90.0,
2022-11-29 18:00:00,Imported workout,3600,Seated Row (Cable),4,45.0,10.0,,,
2022-11-29 18:00:00,Imported workout,3600,Seated Row (Cable),Rest Timer,,,,90.0,
2022-11-29 18:00:00,Imported workout,3600,Seated Row (Cable),3,45.0,10.0,,,
2022-11-29 18:00:00,Imported workout,3600,Seated Row (Cable),Rest Timer,,,,90.0,
2022-11-29 18:00:00,Imported workout,3600,Seated Row (Cable),2,39.0,12.0,,,
2022-11-29 18:00:00,Imported workout,3600,Seated Row (Cable),Rest Timer,,,,90.0,
2022-11-29 18:00:00,Imported workout,3600,Seated Row (Cable),1,39.0,12.0,,,
2022-11-29 18:00:00,Imported workout,3600,Seated Row (Cable),Rest Timer,,,,90.0,
2022-11-29 18:00:00,Imported workout,3600,Bicep Curl (Cable),2,18.0,8.0,,,
2022-11-29 18:00:00,Imported workout,3600,Bicep Curl (Cable),Rest Timer,,,,90.0,
2022-11-29 18:00:00,Imported workout,3600,Bicep Curl (Cable),1,18.0,12.0,,,
2022-11-29 18:00:00,Imported workout,3600,Bicep Curl (Cable),Rest Timer,,,,90.0,
2022-11-29 18:00:00,Imported workout,3600,Standing Calf Raise (Machine),1,143.0,18.0,,,
2022-11-29 18:00:00,Imported workout,3600,Standing Calf Raise (Machine),Rest Timer,,,,90.0,
2022-12-01 18:00:00,Imported workout,3600,Pull Up,4,,9.0,,,
2022-12-01 18:00:00,Imported workout,3600,Pull Up,Rest Timer,,,,90.0,
2022-12-01 18:00:00,Imported workout,3600,Pull Up,2,,8.0,,,
2022-12-01 18:00:00,Imported workout,3600,Pull Up,Rest Timer,,,,90.0,
2022-12-01 18:00:00,Imported workout,3600,Pull Up,3,,5.0,,,
2022-12-01 18:00:00,Imported workout,3600,Pull Up,Rest Timer,,,,90.0,
2022-12-01 18:00:00,Imported workout,3600,Seated Overhead Press (Dumbbell),1,20.0,8.0,,,
2022-12-01 18:00:00,Imported workout,3600,Seated Overhead Press (Dumbbell),Rest Timer,,,,90.0,
2022-12-01 18:00:00,Imported workout,3600,Seated Overhead Press (Dumbbell),5,20.0,8.0,,,
2022-12-01 18:00:00,Imported workout,3600,Seated Overhead Press (Dumbbell),Rest Timer,,,,90.0,
2022-12-01 18:00:00,Imported workout,3600,Seated Overhead Press (Dumbbell),2,20.0,8.0,,,
2022-12-01 18:00:00,Imported workout,3600,Seated Overhead Press (Dumbbell),Rest Timer,,,,90.0,
2022-12-01 18:00:00,Imported workout,3600,Seated Overhead Press (Dumbbell),3,20.0,8.0,,,
2022-12-01 18:00:00,Imported workout,3600,Seated Overhead Press (Dumbbell),Rest Timer,,,,90.0,
2022-12-01 18:00:00,Imported workout,3600,Seated Overhead Press (Dumbbell),4,20.0,2.0,,,
2022-12-01 18:00:00,Imported workout,3600,Seated Overhead Press (Dumbbell),Rest Timer,,,,90.0,
2022-12-01 18:00:00,Imported workout,3600,Leg Press,5,150.0,12.0,,,
2022-12-01 18:00:00,Imported workout,3600,Leg Press,Rest Timer,,,,90.0,
2022-12-01 18:00:00,Imported workout,3600,Leg Press,3,175.0,12.0,,,
2022-12-01 18:00:00,Imported workout,3600,Leg Press,Rest Timer,,,,90.0,
2022-12-01 18:00:00,Imported workout,3600,Leg Press,4,190.0,12.0,,,
2022-12-01 18:00:00,Imported workout,3600,Leg Press,Rest Timer,,,,90.0,
2022-12-01 18:00:00,Imported workout,3600,Leg Press,2,190.0,12.0,,,
2022-12-01 18:00:00,Imported workout,3600,Leg Press,Rest Timer,,,,90.0,
2022-12-01 18:00:00,Imported workout,3600,Leg Press,1,190.0,12.0,,,
2022-12-01 18:00:00,Imported workout,3600,Leg Press,Rest Timer,,,,90.0,
2022-12-01 18:00:00,Imported workout,3600,Pull Up,1,,5.0,,,
2022-12-01 18:00:00,Imported workout,3600,Pull Up,Rest Timer,,,,90.0,
2022-12-01 18:00:00,Imported workout,3600,Skullcrusher (Dumbbell),3,10.0,8.0,,,
2022-12-01 18:00:00,Imported workout,3600,Skullcrusher (Dumbbell),Rest Timer,,,,90.0,
2022-12-01 18:00:00,Imported workout,3600,Skullcrusher (Dumbbell),2,10.0,8.0,,,
2022-12-01 18:00:00,Imported workout,3600,Skullcrusher (Dumbbell),Rest Timer,,,,90.0,
2022-12-01 18:00:00,Imported workout,3600,Skullcrusher (Dumbbell),1,10.0,5.0,,,
2022-12-01 18:00:00,Imported workout,3600,Skullcrusher (Dumbbell),Rest Timer,,,,90.0,
2022-12-01 18:00:00,Imported workout,3600,Bicep Curl (Dumbbell),3,12.0,8.0,,,
2022-12-01 18:00:00,Imported workout,3600,Bicep Curl (Dumbbell),Rest Timer,,,,90.0,
2022-12-01 18:00:00,Imported workout,3600,Bicep Curl (Dumbbell),2,14.0,8.0,,,
2022-12-01 18:00:00,Imported workout,3600,Bicep Curl (Dumbbell),Rest Timer,,,,90.0,
2022-12-01 18:00:00,Imported workout,3600,Bicep Curl (Dumbbell),1,14.0,6.0,,,
2022-12-01 18:00:00,Imported workout,3600,Bicep Curl (Dumbbell),Rest Timer,,,,90.0,
2022-12-01 18:00:00,Imported workout,3600,Standing Calf Raise (Machine),3,143.0,15.0,,,
2022-12-01 18:00:00,Imported workout,3600,Standing Calf Raise (Machine),Rest Timer,,,,90.0,
2022-12-01 18:00:00,Imported workout,3600,Standing Calf Raise (Machine),2,143.0,18.0,,,
2022-12-01 18:00:00,Imported workout,3600,Standing Calf Raise (Machine),Rest Timer,,,,90.0,
2022-12-01 18:00:00,Imported workout,3600,Standing Calf Raise (Machine),1,143.0,12.0,,,
2022-12-01 18:00:00,Imported workout,3600,Standing Calf Raise (Machine),Rest Timer,,,,90.0,
2022-12-06 18:00:00,Imported workout,3600,Bench Press (Smith Machine),4,50.0,12.0,,,
2022-12-06 18:00:00,Imported workout,3600,Bench Press (Smith Machine),Rest Timer,,,,90.0,
2022-12-06 18:00:00,Imported workout,3600,Bench Press (Smith Machine),2,60.0,10.0,,,
2022-12-06 18:00:00,Imported workout,3600,Bench Press (Smith Machine),Rest Timer,,,,90.0,
2022-12-06 18:00:00,Imported workout,3600,Bench Press (Smith Machine),3,60.0,8.0,,,
2022-12-06 18:00:00,Imported workout,3600,Bench Press (Smith Machine),Rest Timer,,,,90.0,
2022-12-06 18:00:00,Imported workout,3600,Bench Press (Smith Machine),1,65.0,5.0,,,
2022-12-06 18:00:00,Imported workout,3600,Bench Press (Smith Machine),Rest Timer,,,,90.0,
2022-12-06 18:00:00,Imported workout,3600,Bench Press (Smith Machine),5,65.0,5.0,,,
2022-12-06 18:00:00,Imported workout,3600,Bench Press (Smith Machine),Rest Timer,,,,90.0,
2022-12-06 18:00:00,Imported workout,3600,Bulgarian Split Squat,2,40.0,10.0,,,
2022-12-06 18:00:00,Imported workout,3600,Bulgarian Split Squat,Rest Timer,,,,90.0,
2022-12-06 18:00:00,Imported workout,3600,Bulgarian Split Squat,3,40.0,10.0,,,
2022-12-06 18:00:00,Imported workout,3600,Bulgarian Split Squat,Rest Timer,,,,90.0,
2022-12-06 18:00:00,Imported workout,3600,Seated Row (Cable),5,39.0,12.0,,,
2022-12-06 18:00:00,Imported workout,3600,Seated Row (Cable),Rest Timer,,,,90.0,
2022-12-06 18:00:00,Imported workout,3600,Bulgarian Split Squat,1,40.0,10.0,,,
2022-12-06 18:00:00,Imported workout,3600,Bulgarian Split Squat,Rest Timer,,,,90.0,
2022-12-06 18:00:00,Imported workout,3600,Seated Row (Cable),4,39.0,12.0,,,
2022-12-06 18:00:00,Imported workout,3600,Seated Row (Cable),Rest Timer,,,,90.0,
2022-12-06 18:00:00,Imported workout,3600,Seated Row (Cable),3,39.0,12.0,,,
2022-12-06 18:00:00,Imported workout,3600,Seated Row (Cable),Rest Timer,,,,90.0,
2022-12-06 18:00:00,Imported workout,3600,Seated Row (Cable),1,39.0,12.0,,,
2022-12-06 18:00:00,Imported workout,3600,Seated Row (Cable),Rest Timer,,,,90.0,
2022-12-06 18:00:00,Imported workout,3600,Seated Row (Cable),2,39.0,10.0,,,
2022-12-06 18:00:00,Imported workout,3600,Seated Row (Cable),Rest Timer,,,,90.0,
2022-12-06 18:00:00,Imported workout,3600,Leg Press,4,150.0,12.0,,,
2022-12-06 18:00:00,Imported workout,3600,Leg Press,Rest Timer,,,,90.0,
2022-12-06 18:00:00,Imported workout,3600,Leg Press,3,200.0,10.0,,,
2022-12-06 18:00:00,Imported workout,3600,Leg Press,Rest Timer,,,,90.0,
2022-12-06 18:00:00,Imported workout,3600,Leg Press,2,200.0,10.0,,,
2022-12-06 18:00:00,Imported workout,3600,Leg Press,Rest Timer,,,,90.0,
2022-12-06 18:00:00,Imported workout,3600,Leg Press,1,200.0,10.0,,,
2022-12-06 18:00:00,Imported workout,3600,Leg Press,Rest Timer,,,,90.0,
2022-12-06 18:00:00,Imported workout,3600,Triceps Pushdown (Cable - Straight Bar),2,14.0,12.0,,,
2022-12-06 18:00:00,Imported workout,3600,Triceps Pushdown (Cable - Straight Bar),Rest Timer,,,,90.0,
2022-12-06 18:00:00,Imported workout,3600,Triceps Pushdown (Cable - Straight Bar),1,14.0,12.0,,,
2022-12-06 18:00:00,Imported workout,3600,Triceps Pushdown (Cable - Straight Bar),Rest Timer,,,,90.0,
2022-12-08 18:00:00,Imported workout,3600,Pull Up,4,,10.0,,,
2022-12-08 18:00:00,Imported workout,3600,Pull Up,Rest Timer,,,,90.0,
2022-12-08 18:00:00,Imported workout,3600,Pull Up,3,,7.0,,,
2022-12-08 18:00:00,Imported workout,3600,Pull Up,Rest Timer,,,,90.0,
2022-12-08 18:00:00,Imported workout,3600,Pull Up,2,,7.0,,,
2022-12-08 18:00:00,Imported workout,3600,Pull Up,Rest Timer,,,,90.0,
2022-12-08 18:00:00,Imported workout,3600,Pull Up,1,,5.0,,,
2022-12-08 18:00:00,Imported workout,3600,Pull Up,Rest Timer,,,,90.0,
2022-12-08 18:00:00,Imported workout,3600,Leg Press,3,150.0,12.0,,,
2022-12-08 18:00:00,Imported workout,3600,Leg Press,Rest Timer,,,,90.0,
2022-12-08 18:00:00,Imported workout,3600,Leg Press,2,200.0,12.0,,,
2022-12-08 18:00:00,Imported workout,3600,Leg Press,Rest Timer,,,,90.0,
2022-12-08 18:00:00,Imported workout,3600,Leg Press,1,200.0,12.0,,,
2022-12-08 18:00:00,Imported workout,3600,Leg Press,Rest Timer,,,,90.0,
2022-12-08 18:00:00,Imported workout,3600,Seated Overhead Press (Dumbbell),2,20.0,8.0,,,
2022-12-08 18:00:00,Imported workout,3600,Seated Overhead Press (Dumbbell),Rest Timer,,,,90.0,
2022-12-08 18:00:00,Imported workout,3600,Seated Overhead Press (Dumbbell),3,20.0,8.0,,,
2022-12-08 18:00:00,Imported workout,3600,Seated Overhead Press (Dumbbell),Rest Timer,,,,90.0,
2022-12-08 18:00:00,Imported workout,3600,Seated Overhead Press (Dumbbell),1,20.0,5.0,,,
2022-12-08 18:00:00,Imported workout,3600,Seated Overhead Press (Dumbbell),Rest Timer,,,,90.0,
2022-12-08 18:00:00,Imported workout,3600,Standing Calf Raise (Machine),4,143.0,12.0,,,
2022-12-08 18:00:00,Imported workout,3600,Standing Calf Raise (Machine),Rest Timer,,,,90.0,
2022-12-08 18:00:00,Imported workout,3600,Standing Calf Raise (Machine),3,143.0,12.0,,,
2022-12-08 18:00:00,Imported workout,3600,Standing Calf Raise (Machine),Rest Timer,,,,90.0,
2022-12-08 18:00:00,Imported workout,3600,Standing Calf Raise (Machine),2,143.0,12.0,,,
2022-12-08 18:00:00,Imported workout,3600,Standing Calf Raise (Machine),Rest Timer,,,,90.0,
2022-12-08 18:00:00,Imported workout,3600,Standing Calf Raise (Machine),1,143.0,12.0,,,
2022-12-08 18:00:00,Imported workout,3600,Standing Calf Raise (Machine),Rest Timer,,,,90.0,
2022-12-08 18:00:00,Imported workout,3600,Triceps Pushdown (Cable - Straight Bar),3,18.0,12.0,,,
2022-12-08 18:00:00,Imported workout,3600,Triceps Pushdown (Cable - Straight Bar),Rest Timer,,,,90.0,
2022-12-08 18:00:00,Imported workout,3600,Triceps Pushdown (Cable - Straight Bar),2,18.0,10.0,,,
2022-12-08 18:00:00,Imported workout,3600,Triceps Pushdown (Cable - Straight Bar),Rest Timer,,,,90.0,
2022-12-08 18:00:00,Imported workout,3600,Triceps Pushdown (Cable - Straight Bar),1,18.0,7.0,,,
2022-12-08 18:00:00,Imported workout,3600,Triceps Pushdown (Cable - Straight Bar),Rest Timer,,,,90.0,
2022-12-08 18:00:00,Imported workout,3600,Bicep Curl (Dumbbell),2,12.0,8.0,,,
2022-12-08 18:00:00,Imported workout,3600,Bicep Curl (Dumbbell),Rest Timer,,,,90.0,
2022-12-08 18:00:00,Imported workout,3600,Bicep Curl (Dumbbell),1,12.0,8.0,,,
2022-12-08 18:00:00,Imported workout,3600,Bicep Curl (Dumbbell),Rest Timer,,,,90.0,
2022-12-10 18:00:00,Imported workout,3600,Bench Press (Barbell),1,20.0,8.0,,,
2022-12-10 18:00:00,Imported workout,3600,Bench Press (Barbell),Rest Timer,,,,90.0,
2022-12-10 18:00:00,Imported workout,3600,Bench Press (Barbell),5,50.0,6.0,,,
2022-12-10 18:00:00,Imported workout,3600,Bench Press (Barbell),Rest Timer,,,,90.0,
2022-12-10 18:00:00,Imported workout,3600,Bench Press (Barbell),2,65.0,5.0,,,
2022-12-10 18:00:00,Imported workout,3600,Bench Press (Barbell),Rest Timer,,,,90.0,
2022-12-10 18:00:00,Imported workout,3600,Bench Press (Barbell),3,65.0,5.0,,,
2022-12-10 18:00:00,Imported workout,3600,Bench Press (Barbell),Rest Timer,,,,90.0,
2022-12-10 18:00:00,Imported workout,3600,Bench Press (Barbell),4,65.0,4.0,,,
2022-12-10 18:00:00,Imported workout,3600,Bench Press (Barbell),Rest Timer,,,,90.0,
2022-12-10 18:00:00,Imported workout,3600,Bench Press (Barbell),6,60.0,6.0,,,
2022-12-10 18:00:00,Imported workout,3600,Bench Press (Barbell),Rest Timer,,,,90.0,
2022-12-10 18:00:00,Imported workout,3600,Leg Extension (Machine),1,59.0,12.0,,,
2022-12-10 18:00:00,Imported workout,3600,Leg Extension (Machine),Rest Timer,,,,90.0,
2022-12-10 18:00:00,Imported workout,3600,Leg Extension (Machine),2,66.0,8.0,,,
2022-12-10 18:00:00,Imported workout,3600,Leg Extension (Machine),Rest Timer,,,,90.0,
2022-12-10 18:00:00,Imported workout,3600,Leg Extension (Machine),3,66.0,8.0,,,
2022-12-10 18:00:00,Imported workout,3600,Leg Extension (Machine),Rest Timer,,,,90.0,
2022-12-10 18:00:00,Imported workout,3600,Leg Extension (Machine),4,73.0,8.0,,,
2022-12-10 18:00:00,Imported workout,3600,Leg Extension (Machine),Rest Timer,,,,90.0,
2022-12-10 18:00:00,Imported workout,3600,Lying Leg Curl (Machine),1,54.0,10.0,,,
2022-12-10 18:00:00,Imported workout,3600,Lying Leg Curl (Machine),Rest Timer,,,,90.0,
2022-12-10 18:00:00,Imported workout,3600,Lying Leg Curl (Machine),2,54.0,9.0,,,
2022-12-10 18:00:00,Imported workout,3600,Lying Leg Curl (Machine),Rest Timer,,,,90.0,
2022-12-10 18:00:00,Imported workout,3600,Lying Leg Curl (Machine),3,54.0,8.0,,,
2022-12-10 18:00:00,Imported workout,3600,Lying Leg Curl (Machine),Rest Timer,,,,90.0,
2022-12-10 18:00:00,Imported workout,3600,T Bar Row,5,30.0,8.0,,,
2022-12-10 18:00:00,Imported workout,3600,T Bar Row,Rest Timer,,,,90.0,
2022-12-10 18:00:00,Imported workout,3600,T Bar Row,1,40.0,8.0,,,
2022-12-10 18:00:00,Imported workout,3600,T Bar Row,Rest Timer,,,,90.0,
2022-12-10 18:00:00,Imported workout,3600,T Bar Row,2,40.0,8.0,,,
2022-12-10 18:00:00,Imported workout,3600,T Bar Row,Rest Timer,,,,90.0,
2022-12-10 18:00:00,Imported workout,3600,T Bar Row,3,40.0,8.0,,,
2022-12-10 18:00:00,Imported workout,3600,T Bar Row,Rest Timer,,,,90.0,
2022-12-10 18:00:00,Imported workout,3600,T Bar Row,4,40.0,10.0,,,
2022-12-10 18:00:00,Imported workout,3600,T Bar Row,Rest Timer,,,,90.0,
2022-12-10 18:00:00,Imported workout,3600,Preacher Curl (Barbell),1,20.0,5.0,,,
2022-12-10 18:00:00,Imported workout,3600,Preacher Curl (Barbell),Rest Timer,,,,90.0,
2022-12-10 18:00:00,Imported workout,3600,Preacher Curl (Barbell),3,20.0,5.0,,,
2022-12-10 18:00:00,Imported workout,3600,Preacher Curl (Barbell),Rest Timer,,,,90.0,
2022-12-10 18:00:00,Imported workout,3600,Preacher Curl (Barbell),2,20.0,5.0,,,
2022-12-10 18:00:00,Imported workout,3600,Preacher Curl (Barbell),Rest Timer,,,,90.0,
2022-12-10 18:00:00,Imported workout,3600,Knee Raise (Captain's Chair),2,,12.0,,,
2022-12-10 18:00:00,Imported workout,3600,Knee Raise (Captain's Chair),Rest Timer,,,,90.0,
2022-12-10 18:00:00,Imported workout,3600,Knee Raise (Captain's Chair),1,,11.0,,,
2022-12-10 18:00:00,Imported workout,3600,Knee Raise (Captain's Chair),Rest Timer,,,,90.0,
2022-12-10 18:00:00,Imported workout,3600,Knee Raise (Captain's Chair),3,,8.0,,,
2022-12-10 18:00:00,Imported workout,3600,Knee Raise (Captain's Chair),Rest Timer,,,,90.0,
2022-12-10 18:00:00,Imported workout,3600,Crunch,1,0.0,7.0,,,
2022-12-10 18:00:00,Imported workout,3600,Crunch,Rest Timer,,,,90.0,
2022-12-12 18:00:00,Imported workout,3600,Bench Press (Barbell),5,20.0,8.0,,,
2022-12-12 18:00:00,Imported workout,3600,Bench Press (Barbell),Rest Timer,,,,90.0,
2022-12-12 18:00:00,Imported workout,3600,Bench Press (Barbell),4,40.0,8.0,,,
2022-12-12 18:00:00,Imported workout,3600,Bench Press (Barbell),Rest Timer,,,,90.0,
2022-12-12 18:00:00,Imported workout,3600,Bench Press (Barbell),3,50.0,8.0,,,
2022-12-12 18:00:00,Imported workout,3600,Bench Press (Barbell),Rest Timer,,,,90.0,
2022-12-12 18:00:00,Imported workout,3600,Bench Press (Barbell),2,65.0,4.0,,,
2022-12-12 18:00:00,Imported workout,3600,Bench Press (Barbell),Rest Timer,,,,90.0,
2022-12-12 18:00:00,Imported workout,3600,Bench Press (Barbell),1,65.0,3.0,,,
2022-12-12 18:00:00,Imported workout,3600,Bench Press (Barbell),Rest Timer,,,,90.0,
2022-12-12 18:00:00,Imported workout,3600,Bench Press (Barbell),6,70.0,1.0,,,
2022-12-12 18:00:00,Imported workout,3600,Bench Press (Barbell),Rest Timer,,,,90.0,
2022-12-12 18:00:00,Imported workout,3600,Pull Up,3,,8.0,,,
2022-12-12 18:00:00,Imported workout,3600,Pull Up,Rest Timer,,,,90.0,
2022-12-12 18:00:00,Imported workout,3600,Pull Up,1,,7.0,,,
2022-12-12 18:00:00,Imported workout,3600,Pull Up,Rest Timer,,,,90.0,
2022-12-12 18:00:00,Imported workout,3600,Pull Up,2,,3.0,,,
2022-12-12 18:00:00,Imported workout,3600,Pull Up,Rest Timer,,,,90.0,
2022-12-12 18:00:00,Imported workout,3600,Bulgarian Split Squat,5,40.0,8.0,,,
2022-12-12 18:00:00,Imported workout,3600,Bulgarian Split Squat,Rest Timer,,,,90.0,
2022-12-12 18:00:00,Imported workout,3600,Bulgarian Split Squat,4,30.0,8.0,,,
2022-12-12 18:00:00,Imported workout,3600,Bulgarian Split Squat,Rest Timer,,,,90.0,
2022-12-12 18:00:00,Imported workout,3600,Bulgarian Split Squat,3,40.0,8.0,,,
2022-12-12 18:00:00,Imported workout,3600,Bulgarian Split Squat,Rest Timer,,,,90.0,
2022-12-12 18:00:00,Imported workout,3600,Bulgarian Split Squat,2,40.0,8.0,,,
2022-12-12 18:00:00,Imported workout,3600,Bulgarian Split Squat,Rest Timer,,,,90.0,
2022-12-12 18:00:00,Imported workout,3600,Bulgarian Split Squat,1,40.0,8.0,,,
2022-12-12 18:00:00,Imported workout,3600,Bulgarian Split Squat,Rest Timer,,,,90.0,
2022-12-14 18:00:00,Imported workout,3600,Pull Up,5,,7.0,,,
2022-12-14 18:00:00,Imported workout,3600,Pull Up,Rest Timer,,,,90.0,
2022-12-14 18:00:00,Imported workout,3600,Pull Up,4,,6.0,,,
2022-12-14 18:00:00,Imported workout,3600,Pull Up,Rest Timer,,,,90.0,
2022-12-14 18:00:00,Imported workout,3600,Pull Up,1,,8.0,,,
2022-12-14 18:00:00,Imported workout,3600,Pull Up,Rest Timer,,,,90.0,
2022-12-14 18:00:00,Imported workout,3600,Pull Up,3,,6.0,,,
2022-12-14 18:00:00,Imported workout,3600,Pull Up,Rest Timer,,,,90.0,
2022-12-14 18:00:00,Imported workout,3600,Pull Up,2,,6.0,,,
2022-12-14 18:00:00,Imported workout,3600,Pull Up,Rest Timer,,,,90.0,
2022-12-14 18:00:00,Imported workout,3600,Seated Overhead Press (Dumbbell),4,18.0,5.0,,,
2022-12-14 18:00:00,Imported workout,3600,Seated Overhead Press (Dumbbell),Rest Timer,,,,90.0,
2022-12-14 18:00:00,Imported workout,3600,Seated Overhead Press (Dumbbell),3,20.0,6.0,,,
2022-12-14 18:00:00,Imported workout,3600,Seated Overhead Press (Dumbbell),Rest Timer,,,,90.0,
2022-12-14 18:00:00,Imported workout,3600,Seated Overhead Press (Dumbbell),2,20.0,8.0,,,
2022-12-14 18:00:00,Imported workout,3600,Seated Overhead Press (Dumbbell),Rest Timer,,,,90.0,
2022-12-14 18:00:00,Imported workout,3600,Seated Overhead Press (Dumbbell),1,20.0,8.0,,,
2022-12-14 18:00:00,Imported workout,3600,Seated Overhead Press (Dumbbell),Rest Timer,,,,90.0,
2022-12-14 18:00:00,Imported workout,3600,Lying Leg Curl (Machine),3,50.0,10.0,,,
2022-12-14 18:00:00,Imported workout,3600,Lying Leg Curl (Machine),Rest Timer,,,,90.0,
2022-12-14 18:00:00,Imported workout,3600,Lying Leg Curl (Machine),2,59.0,8.0,,,
2022-12-14 18:00:00,Imported workout,3600,Lying Leg Curl (Machine),Rest Timer,,,,90.0,
2022-12-14 18:00:00,Imported workout,3600,Lying Leg Curl (Machine),4,59.0,8.0,,,
2022-12-14 18:00:00,Imported workout,3600,Lying Leg Curl (Machine),Rest Timer,,,,90.0,
2022-12-14 18:00:00,Imported workout,3600,Lying Leg Curl (Machine),1,54.0,6.0,,,
2022-12-14 18:00:00,Imported workout,3600,Lying Leg Curl (Machine),Rest Timer,,,,90.0,
2022-12-14 18:00:00,Imported workout,3600,Chest Dip,3,0.0,3.0,,,
2022-12-14 18:00:00,Imported workout,3600,Chest Dip,Rest Timer,,,,90.0,
2022-12-14 18:00:00,Imported workout,3600,Chest Dip,1,32.0,5.0,,,
2022-12-14 18:00:00,Imported workout,3600,Chest Dip,Rest Timer,,,,90.0,
2022-12-14 18:00:00,Imported workout,3600,Chest Dip,2,32.0,6.0,,,
2022-12-14 18:00:00,Imported workout,3600,Chest Dip,Rest Timer,,,,90.0,
2022-12-14 18:00:00,Imported workout,3600,Reverse Fly (Machine),1,32.0,12.0,,,
2022-12-14 18:00:00,Imported workout,3600,Reverse Fly (Machine),Rest Timer,,,,90.0,
2022-12-14 18:00:00,Imported workout,3600,Reverse Fly (Machine),2,39.0,12.0,,,
2022-12-14 18:00:00,Imported workout,3600,Reverse Fly (Machine),Rest Timer,,,,90.0,
2022-12-14 18:00:00,Imported workout,3600,Bicep Curl (Cable),2,36.0,10.0,,,
2022-12-14 18:00:00,Imported workout,3600,Bicep Curl (Cable),Rest Timer,,,,90.0,
2022-12-14 18:00:00,Imported workout,3600,Bicep Curl (Cable),1,36.0,10.0,,,
2022-12-14 18:00:00,Imported workout,3600,Bicep Curl (Cable),Rest Timer,,,,90.0,
2022-12-14 18:00:00,Imported workout,3600,Crunch,1,0.0,20.0,,,
2022-12-14 18:00:00,Imported workout,3600,Crunch,Rest Timer,,,,90.0,
2022-12-14 18:00:00,Imported workout,3600,Crunch,2,0.0,15.0,,,
2022-12-14 18:00:00,Imported workout,3600,Crunch,Rest Timer,,,,90.0,
2022-12-14 18:00:00,Imported workout,3600,Plank,1,,,,,
2022-12-14 18:00:00,Imported workout,3600,Plank,Rest Timer,,,,90.0,
2022-12-15 18:00:00,Imported workout,3600,Bench Press (Barbell),5,20.0,8.0,,,
2022-12-15 18:00:00,Imported workout,3600,Bench Press (Barbell),Rest Timer,,,,90.0,
2022-12-15 18:00:00,Imported workout,3600,Bench Press (Barbell),1,40.0,8.0,,,
2022-12-15 18:00:00,Imported workout,3600,Bench Press (Barbell),Rest Timer,,,,90.0,
2022-12-15 18:00:00,Imported workout,3600,Bench Press (Barbell),2,65.0,6.0,,,
2022-12-15 18:00:00,Imported workout,3600,Bench Press (Barbell),Rest Timer,,,,90.0,
2022-12-15 18:00:00,Imported workout,3600,Bench Press (Barbell),3,65.0,5.0,,,
2022-12-15 18:00:00,Imported workout,3600,Bench Press (Barbell),Rest Timer,,,,90.0,
2022-12-15 18:00:00,Imported workout,3600,Bench Press (Barbell),4,60.0,4.0,,,
2022-12-15 18:00:00,Imported workout,3600,Bench Press (Barbell),Rest Timer,,,,90.0,
2022-12-15 18:00:00,Imported workout,3600,Bench Press (Barbell),7,60.0,5.0,,,
2022-12-15 18:00:00,Imported workout,3600,Bench Press (Barbell),Rest Timer,,,,90.0,
2022-12-15 18:00:00,Imported workout,3600,Bench Press (Barbell),6,60.0,5.0,,,
2022-12-15 18:00:00,Imported workout,3600,Bench Press (Barbell),Rest Timer,,,,90.0,
2022-12-15 18:00:00,Imported workout,3600,Lat Pulldown (Cable),2,39.0,8.0,,,
2022-12-15 18:00:00,Imported workout,3600,Lat Pulldown (Cable),Rest Timer,,,,90.0,
2022-12-15 18:00:00,Imported workout,3600,Lat Pulldown (Cable),3,45.0,8.0,,,
2022-12-15 18:00:00,Imported workout,3600,Lat Pulldown (Cable),Rest Timer,,,,90.0,
2022-12-15 18:00:00,Imported workout,3600,Lat Pulldown (Cable),4,52.0,7.0,,,
2022-12-15 18:00:00,Imported workout,3600,Lat Pulldown (Cable),Rest Timer,,,,90.0,
2022-12-15 18:00:00,Imported workout,3600,Lat Pulldown (Cable),5,52.0,7.0,,,
2022-12-15 18:00:00,Imported workout,3600,Lat Pulldown (Cable),Rest Timer,,,,90.0,
2022-12-15 18:00:00,Imported workout,3600,Lat Pulldown (Cable),1,52.0,5.0,,,
2022-12-15 18:00:00,Imported workout,3600,Lat Pulldown (Cable),Rest Timer,,,,90.0,
2022-12-15 18:00:00,Imported workout,3600,Squat (Barbell),4,50.0,12.0,,,
2022-12-15 18:00:00,Imported workout,3600,Squat (Barbell),Rest Timer,,,,90.0,
2022-12-15 18:00:00,Imported workout,3600,Squat (Barbell),3,70.0,7.0,,,
2022-12-15 18:00:00,Imported workout,3600,Squat (Barbell),Rest Timer,,,,90.0,
2022-12-15 18:00:00,Imported workout,3600,Squat (Barbell),2,70.0,7.0,,,
2022-12-15 18:00:00,Imported workout,3600,Squat (Barbell),Rest Timer,,,,90.0,
2022-12-15 18:00:00,Imported workout,3600,Squat (Barbell),1,70.0,5.0,,,
2022-12-15 18:00:00,Imported workout,3600,Squat (Barbell),Rest Timer,,,,90.0,
2022-12-15 18:00:00,Imported workout,3600,Lateral Raise (Dumbbell),1,8.0,8.0,,,
2022-12-15 18:00:00,Imported workout,3600,Lateral Raise (Dumbbell),Rest Timer,,,,90.0,
2022-12-15 18:00:00,Imported workout,3600,Triceps Extension (Cable),1,11.0,8.0,,,
2022-12-15 18:00:00,Imported workout,3600,Triceps Extension (Cable),Rest Timer,,,,90.0,
2022-12-15 18:00:00,Imported workout,3600,Triceps Extension (Cable),2,11.0,8.0,,,
2022-12-15 18:00:00,Imported workout,3600,Triceps Extension (Cable),Rest Timer,,,,90.0,
2022-12-15 18:00:00,Imported workout,3600,Triceps Extension (Cable),3,11.0,8.0,,,
2022-12-15 18:00:00,Imported workout,3600,Triceps Extension (Cable),Rest Timer,,,,90.0,
2022-12-15 18:00:00,Imported workout,3600,Bicep Curl (Cable),3,18.0,12.0,,,
2022-12-15 18:00:00,Imported workout,3600,Bicep Curl (Cable),Rest Timer,,,,90.0,
2022-12-15 18:00:00,Imported workout,3600,Bicep Curl (Cable),2,18.0,8.0,,,
2022-12-15 18:00:00,Imported workout,3600,Bicep Curl (Cable),Rest Timer,,,,90.0,
2022-12-15 18:00:00,Imported workout,3600,Crunch,1,0.0,20.0,,,
2022-12-15 18:00:00,Imported workout,3600,Crunch,Rest Timer,,,,90.0,
2022-12-15 18:00:00,Imported workout,3600,Crunch,2,0.0,12.0,,,
2022-12-15 18:00:00,Imported workout,3600,Crunch,Rest Timer,,,,90.0,
2022-12-15 18:00:00,Imported workout,3600,Crunch,3,0.0,10.0,,,
2022-12-15 18:00:00,Imported workout,3600,Crunch,Rest Timer,,,,90.0,
2022-12-15 18:00:00,Imported workout,3600,Bicep Curl (Cable),1,18.0,8.0,,,
2022-12-15 18:00:00,Imported workout,3600,Bicep Curl (Cable),Rest Timer,,,,90.0,
2022-12-18 18:00:00,Imported workout,3600,Pull Up,5,,5.0,,,
2022-12-18 18:00:00,Imported workout,3600,Pull Up,Rest Timer,,,,90.0,
2022-12-18 18:00:00,Imported workout,3600,Pull Up,4,,7.0,,,
2022-12-18 18:00:00,Imported workout,3600,Pull Up,Rest Timer,,,,90.0,
2022-12-18 18:00:00,Imported workout,3600,Pull Up,3,,3.0,,,
2022-12-18 18:00:00,Imported workout,3600,Pull Up,Rest Timer,,,,90.0,
2022-12-18 18:00:00,Imported workout,3600,Pull Up,2,,5.0,,,
2022-12-18 18:00:00,Imported workout,3600,Pull Up,Rest Timer,,,,90.0,
2022-12-18 18:00:00,Imported workout,3600,Overhead Press (Barbell),6,15.0,8.0,,,
2022-12-18 18:00:00,Imported workout,3600,Overhead Press (Barbell),Rest Timer,,,,90.0,
2022-12-18 18:00:00,Imported workout,3600,Overhead Press (Barbell),5,30.0,8.0,,,
2022-12-18 18:00:00,Imported workout,3600,Overhead Press (Barbell),Rest Timer,,,,90.0,
2022-12-18 18:00:00,Imported workout,3600,Overhead Press (Barbell),4,35.0,8.0,,,
2022-12-18 18:00:00,Imported workout,3600,Overhead Press (Barbell),Rest Timer,,,,90.0,
2022-12-18 18:00:00,Imported workout,3600,Overhead Press (Barbell),3,35.0,5.0,,,
2022-12-18 18:00:00,Imported workout,3600,Overhead Press (Barbell),Rest Timer,,,,90.0,
2022-12-18 18:00:00,Imported workout,3600,Overhead Press (Barbell),2,35.0,6.0,,,
2022-12-18 18:00:00,Imported workout,3600,Overhead Press (Barbell),Rest Timer,,,,90.0,
2022-12-18 18:00:00,Imported workout,3600,Overhead Press (Barbell),1,35.0,5.0,,,
2022-12-18 18:00:00,Imported workout,3600,Overhead Press (Barbell),Rest Timer,,,,90.0,
2022-12-18 18:00:00,Imported workout,3600,Leg Press,3,140.0,12.0,,,
2022-12-18 18:00:00,Imported workout,3600,Leg Press,Rest Timer,,,,90.0,
2022-12-18 18:00:00,Imported workout,3600,Leg Press,4,190.0,8.0,,,
2022-12-18 18:00:00,Imported workout,3600,Leg Press,Rest Timer,,,,90.0,
2022-12-18 18:00:00,Imported workout,3600,Leg Press,2,190.0,8.0,,,
2022-12-18 18:00:00,Imported workout,3600,Leg Press,Rest Timer,,,,90.0,
2022-12-18 18:00:00,Imported workout,3600,Leg Press,1,190.0,8.0,,,
2022-12-18 18:00:00,Imported workout,3600,Leg Press,Rest Timer,,,,90.0,
2022-12-18 18:00:00,Imported workout,3600,Bicep Curl (Cable),1,41.0,12.0,,,
2022-12-18 18:00:00,Imported workout,3600,Bicep Curl (Cable),Rest Timer,,,,90.0,
2022-12-18 18:00:00,Imported workout,3600,Triceps Extension (Cable),1,11.0,8.0,,,
2022-12-18 18:00:00,Imported workout,3600,Triceps Extension (Cable),Rest Timer,,,,90.0,
2022-12-18 18:00:00,Imported workout,3600,Bicep Curl (Cable),2,41.0,10.0,,,
2022-12-18 18:00:00,Imported workout,3600,Bicep Curl (Cable),Rest Timer,,,,90.0,
2022-12-18 18:00:00,Imported workout,3600,Triceps Extension (Cable),2,11.0,8.0,,,
2022-12-18 18:00:00,Imported workout,3600,Triceps Extension (Cable),Rest Timer,,,,90.0,
2022-12-18 18:00:00,Imported workout,3600,Triceps Extension (Cable),3,11.0,10.0,,,
2022-12-18 18:00:00,Imported workout,3600,Triceps Extension (Cable),Rest Timer,,,,90.0,
2022-12-18 18:00:00,Imported workout,3600,Bicep Curl (Cable),3,41.0,8.0,,,
2022-12-18 18:00:00,Imported workout,3600,Bicep Curl (Cable),Rest Timer,,,,90.0,
2022-12-18 18:00:00,Imported workout,3600,Crunch,1,0.0,25.0,,,
2022-12-18 18:00:00,Imported workout,3600,Crunch,Rest Timer,,,,90.0,
2022-12-18 18:00:00,Imported workout,3600,Crunch,2,0.0,20.0,,,
2022-12-18 18:00:00,Imported workout,3600,Crunch,Rest Timer,,,,90.0,
2022-12-18 18:00:00,Imported workout,3600,Crunch,3,0.0,20.0,,,
2022-12-18 18:00:00,Imported workout,3600,Crunch,Rest Timer,,,,90.0,
2022-12-18 18:00:00,Imported workout,3600,Pull Up,1,,,,,
2022-12-18 18:00:00,Imported workout,3600,Pull Up,Rest Timer,,,,90.0,
2022-12-20 18:00:00,Imported workout,3600,Bench Press (Dumbbell),5,14.0,10.0,,,
2022-12-20 18:00:00,Imported workout,3600,Bench Press (Dumbbell),Rest Timer,,,,90.0,
2022-12-20 18:00:00,Imported workout,3600,Bench Press (Dumbbell),4,24.0,8.0,,,
2022-12-20 18:00:00,Imported workout,3600,Bench Press (Dumbbell),Rest Timer,,,,90.0,
2022-12-20 18:00:00,Imported workout,3600,Bench Press (Dumbbell),3,22.0,8.0,,,
2022-12-20 18:00:00,Imported workout,3600,Bench Press (Dumbbell),Rest Timer,,,,90.0,
2022-12-20 18:00:00,Imported workout,3600,Bench Press (Dumbbell),2,22.0,8.0,,,
2022-12-20 18:00:00,Imported workout,3600,Bench Press (Dumbbell),Rest Timer,,,,90.0,
2022-12-20 18:00:00,Imported workout,3600,Bench Press (Dumbbell),1,22.0,6.0,,,
2022-12-20 18:00:00,Imported workout,3600,Bench Press (Dumbbell),Rest Timer,,,,90.0,
2022-12-20 18:00:00,Imported workout,3600,Lying Leg Curl (Machine),3,61.0,10.0,,,
2022-12-20 18:00:00,Imported workout,3600,Lying Leg Curl (Machine),Rest Timer,,,,90.0,
2022-12-20 18:00:00,Imported workout,3600,Leg Extension (Machine),2,59.0,12.0,,,
2022-12-20 18:00:00,Imported workout,3600,Leg Extension (Machine),Rest Timer,,,,90.0,
2022-12-20 18:00:00,Imported workout,3600,Leg Extension (Machine),1,59.0,12.0,,,
2022-12-20 18:00:00,Imported workout,3600,Leg Extension (Machine),Rest Timer,,,,90.0,
2022-12-20 18:00:00,Imported workout,3600,Lying Leg Curl (Machine),2,54.0,10.0,,,
2022-12-20 18:00:00,Imported workout,3600,Lying Leg Curl (Machine),Rest Timer,,,,90.0,
2022-12-20 18:00:00,Imported workout,3600,Lying Leg Curl (Machine),1,50.0,10.0,,,
2022-12-20 18:00:00,Imported workout,3600,Lying Leg Curl (Machine),Rest Timer,,,,90.0,
2022-12-20 18:00:00,Imported workout,3600,Leg Extension (Machine),3,59.0,12.0,,,
2022-12-20 18:00:00,Imported workout,3600,Leg Extension (Machine),Rest Timer,,,,90.0,
2022-12-20 18:00:00,Imported workout,3600,Seated Row (Cable),4,39.0,12.0,,,
2022-12-20 18:00:00,Imported workout,3600,Seated Row (Cable),Rest Timer,,,,90.0,
2022-12-20 18:00:00,Imported workout,3600,Seated Row (Cable),3,39.0,10.0,,,
2022-12-20 18:00:00,Imported workout,3600,Seated Row (Cable),Rest Timer,,,,90.0,
2022-12-20 18:00:00,Imported workout,3600,Seated Row (Cable),5,39.0,10.0,,,
2022-12-20 18:00:00,Imported workout,3600,Seated Row (Cable),Rest Timer,,,,90.0,
2022-12-20 18:00:00,Imported workout,3600,Seated Row (Cable),1,39.0,8.0,,,
2022-12-20 18:00:00,Imported workout,3600,Seated Row (Cable),Rest Timer,,,,90.0,
2022-12-20 18:00:00,Imported workout,3600,Seated Row (Cable),2,39.0,10.0,,,
2022-12-20 18:00:00,Imported workout,3600,Seated Row (Cable),Rest Timer,,,,90.0,
2022-12-20 18:00:00,Imported workout,3600,Preacher Curl (Barbell),1,20.0,5.0,,,
2022-12-20 18:00:00,Imported workout,3600,Preacher Curl (Barbell),Rest Timer,,,,90.0,
2022-12-20 18:00:00,Imported workout,3600,Preacher Curl (Barbell),3,20.0,5.0,,,
2022-12-20 18:00:00,Imported workout,3600,Preacher Curl (Barbell),Rest Timer,,,,90.0,
2022-12-20 18:00:00,Imported workout,3600,Preacher Curl (Barbell),2,20.0,5.0,,,
2022-12-20 18:00:00,Imported workout,3600,Preacher Curl (Barbell),Rest Timer,,,,90.0,
2022-12-20 18:00:00,Imported workout,3600,Chest Dip,2,27.0,8.0,,,
2022-12-20 18:00:00,Imported workout,3600,Chest Dip,Rest Timer,,,,90.0,
2022-12-20 18:00:00,Imported workout,3600,Chest Dip,3,0.0,8.0,,,
2022-12-20 18:00:00,Imported workout,3600,Chest Dip,Rest Timer,,,,90.0,
2022-12-20 18:00:00,Imported workout,3600,Chest Dip,4,0.0,6.0,,,
2022-12-20 18:00:00,Imported workout,3600,Chest Dip,Rest Timer,,,,90.0,
2022-12-20 18:00:00,Imported workout,3600,Chest Dip,1,0.0,4.0,,,
2022-12-20 18:00:00,Imported workout,3600,Chest Dip,Rest Timer,,,,90.0,
2022-12-22 18:00:00,Imported workout,3600,Pull Up,1,,9.0,,,
2022-12-22 18:00:00,Imported workout,3600,Pull Up,Rest Timer,,,,90.0,
2022-12-22 18:00:00,Imported workout,3600,Pull Up,6,,8.0,,,
2022-12-22 18:00:00,Imported workout,3600,Pull Up,Rest Timer,,,,90.0,
2022-12-22 18:00:00,Imported workout,3600,Pull Up,2,,8.0,,,
2022-12-22 18:00:00,Imported workout,3600,Pull Up,Rest Timer,,,,90.0,
2022-12-22 18:00:00,Imported workout,3600,Pull Up,3,,6.0,,,
2022-12-22 18:00:00,Imported workout,3600,Pull Up,Rest Timer,,,,90.0,
2022-12-22 18:00:00,Imported workout,3600,Pull Up,4,,5.0,,,
2022-12-22 18:00:00,Imported workout,3600,Pull Up,Rest Timer,,,,90.0,
2022-12-22 18:00:00,Imported workout,3600,Pull Up,5,,3.0,,,
2022-12-22 18:00:00,Imported workout,3600,Pull Up,Rest Timer,,,,90.0,
2022-12-22 18:00:00,Imported workout,3600,Seated Overhead Press (Dumbbell),4,18.0,8.0,,,
2022-12-22 18:00:00,Imported workout,3600,Seated Overhead Press (Dumbbell),Rest Timer,,,,90.0,
2022-12-22 18:00:00,Imported workout,3600,Seated Overhead Press (Dumbbell),1,20.0,8.0,,,
2022-12-22 18:00:00,Imported workout,3600,Seated Overhead Press (Dumbbell),Rest Timer,,,,90.0,
2022-12-22 18:00:00,Imported workout,3600,Seated Overhead Press (Dumbbell),2,20.0,5.0,,,
2022-12-22 18:00:00,Imported workout,3600,Seated Overhead Press (Dumbbell),Rest Timer,,,,90.0,
2022-12-22 18:00:00,Imported workout,3600,Seated Overhead Press (Dumbbell),3,18.0,8.0,,,
2022-12-22 18:00:00,Imported workout,3600,Seated Overhead Press (Dumbbell),Rest Timer,,,,90.0,
2022-12-22 18:00:00,Imported workout,3600,Leg Press,4,155.0,12.0,,,
2022-12-22 18:00:00,Imported workout,3600,Leg Press,Rest Timer,,,,90.0,
2022-12-22 18:00:00,Imported workout,3600,Leg Press,5,180.0,12.0,,,
2022-12-22 18:00:00,Imported workout,3600,Leg Press,Rest Timer,,,,90.0,
2022-12-22 18:00:00,Imported workout,3600,Leg Press,2,180.0,12.0,,,
2022-12-22 18:00:00,Imported workout,3600,Leg Press,Rest Timer,,,,90.0,
2022-12-22 18:00:00,Imported workout,3600,Leg Press,3,200.0,12.0,,,
2022-12-22 18:00:00,Imported workout,3600,Leg Press,Rest Timer,,,,90.0,
2022-12-22 18:00:00,Imported workout,3600,Leg Press,1,200.0,12.0,,,
2022-12-22 18:00:00,Imported workout,3600,Leg Press,Rest Timer,,,,90.0,
2022-12-22 18:00:00,Imported workout,3600,Lateral Raise (Dumbbell),3,7.0,8.0,,,
2022-12-22 18:00:00,Imported workout,3600,Lateral Raise (Dumbbell),Rest Timer,,,,90.0,
2022-12-22 18:00:00,Imported workout,3600,Lateral Raise (Dumbbell),1,7.0,8.0,,,
2022-12-22 18:00:00,Imported workout,3600,Lateral Raise (Dumbbell),Rest Timer,,,,90.0,
2022-12-22 18:00:00,Imported workout,3600,Lateral Raise (Dumbbell),2,7.0,8.0,,,
2022-12-22 18:00:00,Imported workout,3600,Lateral Raise (Dumbbell),Rest Timer,,,,90.0,
2022-12-22 18:00:00,Imported workout,3600,Triceps Pushdown (Cable - Straight Bar),1,18.0,12.0,,,
2022-12-22 18:00:00,Imported workout,3600,Triceps Pushdown (Cable - Straight Bar),Rest Timer,,,,90.0,
2022-12-22 18:00:00,Imported workout,3600,Triceps Pushdown (Cable - Straight Bar),2,18.0,8.0,,,
2022-12-22 18:00:00,Imported workout,3600,Triceps Pushdown (Cable - Straight Bar),Rest Timer,,,,90.0,
2022-12-22 18:00:00,Imported workout,3600,Triceps Pushdown (Cable - Straight Bar),3,18.0,10.0,,,
2022-12-22 18:00:00,Imported workout,3600,Triceps Pushdown (Cable - Straight Bar),Rest Timer,,,,90.0,
2022-12-22 18:00:00,Imported workout,3600,Seated Row (Machine),3,32.0,8.0,,,
2022-12-22 18:00:00,Imported workout,3600,Seated Row (Machine),Rest Timer,,,,90.0,
2022-12-22 18:00:00,Imported workout,3600,Seated Row (Machine),1,41.0,8.0,,,
2022-12-22 18:00:00,Imported workout,3600,Seated Row (Machine),Rest Timer,,,,90.0,
2022-12-22 18:00:00,Imported workout,3600,Seated Row (Machine),2,41.0,8.0,,,
2022-12-22 18:00:00,Imported workout,3600,Seated Row (Machine),Rest Timer,,,,90.0,
2022-12-22 18:00:00,Imported workout,3600,Preacher Curl (Barbell),2,20.0,7.0,,,
2022-12-22 18:00:00,Imported workout,3600,Preacher Curl (Barbell),Rest Timer,,,,90.0,
2022-12-22 18:00:00,Imported workout,3600,Preacher Curl (Barbell),3,20.0,4.0,,,
2022-12-22 18:00:00,Imported workout,3600,Preacher Curl (Barbell),Rest Timer,,,,90.0,
2022-12-22 18:00:00,Imported workout,3600,Preacher Curl (Barbell),1,20.0,5.0,,,
2022-12-22 18:00:00,Imported workout,3600,Preacher Curl (Barbell),Rest Timer,,,,90.0,
2022-12-22 18:00:00,Imported workout,3600,Knee Raise (Captain's Chair),1,,12.0,,,
2022-12-22 18:00:00,Imported workout,3600,Knee Raise (Captain's Chair),Rest Timer,,,,90.0,
2022-12-23 18:00:00,Imported workout,3600,Push Up,1,,10.0,,,
2022-12-23 18:00:00,Imported workout,3600,Push Up,Rest Timer,,,,90.0,
2022-12-24 18:00:00,Imported workout,3600,Bulgarian Split Squat,4,44.0,8.0,,,
2022-12-24 18:00:00,Imported workout,3600,Bulgarian Split Squat,Rest Timer,,,,90.0,
2022-12-24 18:00:00,Imported workout,3600,Bulgarian Split Squat,3,44.0,8.0,,,
2022-12-24 18:00:00,Imported workout,3600,Bulgarian Split Squat,Rest Timer,,,,90.0,
2022-12-24 18:00:00,Imported workout,3600,Bulgarian Split Squat,2,44.0,8.0,,,
2022-12-24 18:00:00,Imported workout,3600,Bulgarian Split Squat,Rest Timer,,,,90.0,
2022-12-24 18:00:00,Imported workout,3600,Bulgarian Split Squat,1,44.0,8.0,,,
2022-12-24 18:00:00,Imported workout,3600,Bulgarian Split Squat,Rest Timer,,,,90.0,
2022-12-24 18:00:00,Imported workout,3600,Standing Calf Raise (Machine),4,143.0,12.0,,,
2022-12-24 18:00:00,Imported workout,3600,Standing Calf Raise (Machine),Rest Timer,,,,90.0,
2022-12-24 18:00:00,Imported workout,3600,Standing Calf Raise (Machine),3,134.0,12.0,,,
2022-12-24 18:00:00,Imported workout,3600,Standing Calf Raise (Machine),Rest Timer,,,,90.0,
2022-12-24 18:00:00,Imported workout,3600,Standing Calf Raise (Machine),2,143.0,10.0,,,
2022-12-24 18:00:00,Imported workout,3600,Standing Calf Raise (Machine),Rest Timer,,,,90.0,
2022-12-24 18:00:00,Imported workout,3600,Standing Calf Raise (Machine),1,143.0,12.0,,,
2022-12-24 18:00:00,Imported workout,3600,Standing Calf Raise (Machine),Rest Timer,,,,90.0,
2022-12-24 18:00:00,Imported workout,3600,Bench Press (Barbell),4,65.0,5.0,,,
2022-12-24 18:00:00,Imported workout,3600,Bench Press (Barbell),Rest Timer,,,,90.0,
2022-12-24 18:00:00,Imported workout,3600,Bench Press (Barbell),2,65.0,8.0,,,
2022-12-24 18:00:00,Imported workout,3600,Bench Press (Barbell),Rest Timer,,,,90.0,
2022-12-24 18:00:00,Imported workout,3600,Bench Press (Barbell),3,70.0,4.0,,,
2022-12-24 18:00:00,Imported workout,3600,Bench Press (Barbell),Rest Timer,,,,90.0,
2022-12-24 18:00:00,Imported workout,3600,Bench Press (Barbell),1,70.0,3.0,,,
2022-12-24 18:00:00,Imported workout,3600,Bench Press (Barbell),Rest Timer,,,,90.0,
2022-12-24 18:00:00,Imported workout,3600,Preacher Curl (Barbell),3,20.0,5.0,,,
2022-12-24 18:00:00,Imported workout,3600,Preacher Curl (Barbell),Rest Timer,,,,90.0,
2022-12-24 18:00:00,Imported workout,3600,Preacher Curl (Barbell),2,20.0,5.0,,,
2022-12-24 18:00:00,Imported workout,3600,Preacher Curl (Barbell),Rest Timer,,,,90.0,
2022-12-24 18:00:00,Imported workout,3600,Preacher Curl (Barbell),1,20.0,5.0,,,
2022-12-24 18:00:00,Imported workout,3600,Preacher Curl (Barbell),Rest Timer,,,,90.0,
2022-12-24 18:00:00,Imported workout,3600,Chest Dip,3,0.0,8.0,,,
2022-12-24 18:00:00,Imported workout,3600,Chest Dip,Rest Timer,,,,90.0,
2022-12-24 18:00:00,Imported workout,3600,Chest Dip,2,0.0,7.0,,,
2022-12-24 18:00:00,Imported workout,3600,Chest Dip,Rest Timer,,,,90.0,
2022-12-24 18:00:00,Imported workout,3600,Chest Dip,1,0.0,6.0,,,
2022-12-24 18:00:00,Imported workout,3600,Chest Dip,Rest Timer,,,,90.0,
2022-12-24 18:00:00,Imported workout,3600,Push Up,1,,10.0,,,
2022-12-24 18:00:00,Imported workout,3600,Push Up,Rest Timer,,,,90.0,
2022-12-25 18:00:00,Imported workout,3600,Push Up,1,,10.0,,,
2022-12-25 18:00:00,Imported workout,3600,Push Up,Rest Timer,,,,90.0,
2022-12-26 18:00:00,Imported workout,3600,Push Up,1,,15.0,,,
2022-12-26 18:00:00,Imported workout,3600,Push Up,Rest Timer,,,,90.0,
2022-12-26 18:00:00,Imported workout,3600,Push Up,2,,10.0,,,
2022-12-26 18:00:00,Imported workout,3600,Push Up,Rest Timer,,,,90.0,
2022-12-26 18:00:00,Imported workout,3600,Push Up,3,,15.0,,,
2022-12-26 18:00:00,Imported workout,3600,Push Up,Rest Timer,,,,90.0,
2022-12-27 18:00:00,Imported workout,3600,Leg Extension (Machine),1,52.0,12.0,,,
2022-12-27 18:00:00,Imported workout,3600,Leg Extension (Machine),Rest Timer,,,,90.0,
2022-12-27 18:00:00,Imported workout,3600,Leg Extension (Machine),2,66.0,12.0,,,
2022-12-27 18:00:00,Imported workout,3600,Leg Extension (Machine),Rest Timer,,,,90.0,
2022-12-27 18:00:00,Imported workout,3600,Leg Extension (Machine),3,66.0,12.0,,,
2022-12-27 18:00:00,Imported workout,3600,Leg Extension (Machine),Rest Timer,,,,90.0,
2022-12-27 18:00:00,Imported workout,3600,Leg Extension (Machine),4,66.0,12.0,,,
2022-12-27 18:00:00,Imported workout,3600,Leg Extension (Machine),Rest Timer,,,,90.0,
2022-12-27 18:00:00,Imported workout,3600,Lying Leg Curl (Machine),1,50.0,10.0,,,
2022-12-27 18:00:00,Imported workout,3600,Lying Leg Curl (Machine),Rest Timer,,,,90.0,
2022-12-27 18:00:00,Imported workout,3600,Lying Leg Curl (Machine),2,54.0,10.0,,,
2022-12-27 18:00:00,Imported workout,3600,Lying Leg Curl (Machine),Rest Timer,,,,90.0,
2022-12-27 18:00:00,Imported workout,3600,Lying Leg Curl (Machine),4,54.0,10.0,,,
2022-12-27 18:00:00,Imported workout,3600,Lying Leg Curl (Machine),Rest Timer,,,,90.0,
2022-12-27 18:00:00,Imported workout,3600,Lying Leg Curl (Machine),3,54.0,7.0,,,
2022-12-27 18:00:00,Imported workout,3600,Lying Leg Curl (Machine),Rest Timer,,,,90.0,
2022-12-27 18:00:00,Imported workout,3600,Pull Up,1,,8.0,,,
2022-12-27 18:00:00,Imported workout,3600,Pull Up,Rest Timer,,,,90.0,
2022-12-27 18:00:00,Imported workout,3600,Pull Up,2,,7.0,,,
2022-12-27 18:00:00,Imported workout,3600,Pull Up,Rest Timer,,,,90.0,
2022-12-27 18:00:00,Imported workout,3600,Pull Up,3,,7.0,,,
2022-12-27 18:00:00,Imported workout,3600,Pull Up,Rest Timer,,,,90.0,
2022-12-27 18:00:00,Imported workout,3600,Pull Up,4,,5.0,,,
2022-12-27 18:00:00,Imported workout,3600,Pull Up,Rest Timer,,,,90.0,
2022-12-27 18:00:00,Imported workout,3600,Pull Up,5,,7.0,,,
2022-12-27 18:00:00,Imported workout,3600,Pull Up,Rest Timer,,,,90.0,
2022-12-27 18:00:00,Imported workout,3600,Overhead Press (Barbell),4,15.0,8.0,,,
2022-12-27 18:00:00,Imported workout,3600,Overhead Press (Barbell),Rest Timer,,,,90.0,
2022-12-27 18:00:00,Imported workout,3600,Overhead Press (Barbell),5,25.0,8.0,,,
2022-12-27 18:00:00,Imported workout,3600,Overhead Press (Barbell),Rest Timer,,,,90.0,
2022-12-27 18:00:00,Imported workout,3600,Overhead Press (Barbell),3,30.0,8.0,,,
2022-12-27 18:00:00,Imported workout,3600,Overhead Press (Barbell),Rest Timer,,,,90.0,
2022-12-27 18:00:00,Imported workout,3600,Overhead Press (Barbell),2,35.0,5.0,,,
2022-12-27 18:00:00,Imported workout,3600,Overhead Press (Barbell),Rest Timer,,,,90.0,
2022-12-27 18:00:00,Imported workout,3600,Overhead Press (Barbell),1,35.0,5.0,,,
2022-12-27 18:00:00,Imported workout,3600,Overhead Press (Barbell),Rest Timer,,,,90.0,
2022-12-27 18:00:00,Imported workout,3600,Preacher Curl (Barbell),1,20.0,7.0,,,
2022-12-27 18:00:00,Imported workout,3600,Preacher Curl (Barbell),Rest Timer,,,,90.0,
2022-12-27 18:00:00,Imported workout,3600,Skullcrusher (Dumbbell),1,9.0,10.0,,,
2022-12-27 18:00:00,Imported workout,3600,Skullcrusher (Dumbbell),Rest Timer,,,,90.0,
2022-12-27 18:00:00,Imported workout,3600,Skullcrusher (Dumbbell),2,9.0,8.0,,,
2022-12-27 18:00:00,Imported workout,3600,Skullcrusher (Dumbbell),Rest Timer,,,,90.0,
2022-12-27 18:00:00,Imported workout,3600,Preacher Curl (Barbell),2,20.0,5.0,,,
2022-12-27 18:00:00,Imported workout,3600,Preacher Curl (Barbell),Rest Timer,,,,90.0,
2022-12-27 18:00:00,Imported workout,3600,Preacher Curl (Barbell),3,15.0,12.0,,,
2022-12-27 18:00:00,Imported workout,3600,Preacher Curl (Barbell),Rest Timer,,,,90.0,
2022-12-27 18:00:00,Imported workout,3600,Preacher Curl (Barbell),4,20.0,8.0,,,
2022-12-27 18:00:00,Imported workout,3600,Preacher Curl (Barbell),Rest Timer,,,,90.0,
2022-12-27 18:00:00,Imported workout,3600,Lateral Raise (Dumbbell),1,8.0,8.0,,,
2022-12-27 18:00:00,Imported workout,3600,Lateral Raise (Dumbbell),Rest Timer,,,,90.0,
2022-12-27 18:00:00,Imported workout,3600,Lateral Raise (Dumbbell),2,8.0,8.0,,,
2022-12-27 18:00:00,Imported workout,3600,Lateral Raise (Dumbbell),Rest Timer,,,,90.0,
2022-12-27 18:00:00,Imported workout,3600,Lateral Raise (Dumbbell),3,8.0,8.0,,,
2022-12-27 18:00:00,Imported workout,3600,Lateral Raise (Dumbbell),Rest Timer,,,,90.0,
2022-12-27 18:00:00,Imported workout,3600,Crunch,3,0.0,20.0,,,
2022-12-27 18:00:00,Imported workout,3600,Crunch,Rest Timer,,,,90.0,
2022-12-27 18:00:00,Imported workout,3600,Crunch,2,0.0,10.0,,,
2022-12-27 18:00:00,Imported workout,3600,Crunch,Rest Timer,,,,90.0,
2022-12-27 18:00:00,Imported workout,3600,Crunch,1,0.0,10.0,,,
2022-12-27 18:00:00,Imported workout,3600,Crunch,Rest Timer,,,,90.0,
2022-12-30 18:00:00,Imported workout,3600,Bench Press (Barbell),4,20.0,8.0,,,
2022-12-30 18:00:00,Imported workout,3600,Bench Press (Barbell),Rest Timer,,,,90.0,
2022-12-30 18:00:00,Imported workout,3600,Bench Press (Barbell),1,50.0,8.0,,,
2022-12-30 18:00:00,Imported workout,3600,Bench Press (Barbell),Rest Timer,,,,90.0,
2022-12-30 18:00:00,Imported workout,3600,Bench Press (Barbell),2,70.0,3.0,,,
2022-12-30 18:00:00,Imported workout,3600,Bench Press (Barbell),Rest Timer,,,,90.0,
2022-12-30 18:00:00,Imported workout,3600,Bench Press (Barbell),3,80.0,0.0,,,
2022-12-30 18:00:00,Imported workout,3600,Bench Press (Barbell),Rest Timer,,,,90.0,
2022-12-30 18:00:00,Imported workout,3600,Bench Press (Barbell),7,80.0,0.0,,,
2022-12-30 18:00:00,Imported workout,3600,Bench Press (Barbell),Rest Timer,,,,90.0,
2022-12-30 18:00:00,Imported workout,3600,Bench Press (Barbell),5,80.0,1.0,,,
2022-12-30 18:00:00,Imported workout,3600,Bench Press (Barbell),Rest Timer,,,,90.0,
2022-12-30 18:00:00,Imported workout,3600,Bench Press (Barbell),6,75.0,1.0,,,
2022-12-30 18:00:00,Imported workout,3600,Bench Press (Barbell),Rest Timer,,,,90.0,
2022-12-30 18:00:00,Imported workout,3600,Leg Press,4,150.0,12.0,,,
2022-12-30 18:00:00,Imported workout,3600,Leg Press,Rest Timer,,,,90.0,
2022-12-30 18:00:00,Imported workout,3600,Leg Press,3,170.0,12.0,,,
2022-12-30 18:00:00,Imported workout,3600,Leg Press,Rest Timer,,,,90.0,
2022-12-30 18:00:00,Imported workout,3600,Leg Press,5,170.0,12.0,,,
2022-12-30 18:00:00,Imported workout,3600,Leg Press,Rest Timer,,,,90.0,
2022-12-30 18:00:00,Imported workout,3600,Leg Press,2,170.0,12.0,,,
2022-12-30 18:00:00,Imported workout,3600,Leg Press,Rest Timer,,,,90.0,
2022-12-30 18:00:00,Imported workout,3600,Leg Press,1,170.0,12.0,,,
2022-12-30 18:00:00,Imported workout,3600,Leg Press,Rest Timer,,,,90.0,
2022-12-30 18:00:00,Imported workout,3600,Chest Dip,1,0.0,8.0,,,
2022-12-30 18:00:00,Imported workout,3600,Chest Dip,Rest Timer,,,,90.0,
2022-12-30 18:00:00,Imported workout,3600,Chest Dip,2,0.0,8.0,,,
2022-12-30 18:00:00,Imported workout,3600,Chest Dip,Rest Timer,,,,90.0,
2022-12-30 18:00:00,Imported workout,3600,Seated Row (Cable),1,39.0,8.0,,,
2022-12-30 18:00:00,Imported workout,3600,Seated Row (Cable),Rest Timer,,,,90.0,
2022-12-30 18:00:00,Imported workout,3600,Seated Row (Cable),2,45.0,10.0,,,
2022-12-30 18:00:00,Imported workout,3600,Seated Row (Cable),Rest Timer,,,,90.0,
2022-12-30 18:00:00,Imported workout,3600,Seated Row (Cable),4,45.0,10.0,,,
2022-12-30 18:00:00,Imported workout,3600,Seated Row (Cable),Rest Timer,,,,90.0,
2022-12-30 18:00:00,Imported workout,3600,Seated Row (Cable),3,45.0,8.0,,,
2022-12-30 18:00:00,Imported workout,3600,Seated Row (Cable),Rest Timer,,,,90.0,
2022-12-30 18:00:00,Imported workout,3600,Decline Crunch,1,,10.0,,,
2022-12-30 18:00:00,Imported workout,3600,Decline Crunch,Rest Timer,,,,90.0,
2022-12-30 18:00:00,Imported workout,3600,Decline Crunch,3,,10.0,,,
2022-12-30 18:00:00,Imported workout,3600,Decline Crunch,Rest Timer,,,,90.0,
2022-12-30 18:00:00,Imported workout,3600,Decline Crunch,2,,10.0,,,
2022-12-30 18:00:00,Imported workout,3600,Decline Crunch,Rest Timer,,,,90.0,
2023-01-02 18:00:00,Imported workout,3600,Pull Up,6,,10.0,,,
2023-01-02 18:00:00,Imported workout,3600,Pull Up,Rest Timer,,,,90.0,
2023-01-02 18:00:00,Imported workout,3600,Pull Up,5,,6.0,,,
2023-01-02 18:00:00,Imported workout,3600,Pull Up,Rest Timer,,,,90.0,
2023-01-02 18:00:00,Imported workout,3600,Pull Up,4,,7.0,,,
2023-01-02 18:00:00,Imported workout,3600,Pull Up,Rest Timer,,,,90.0,
2023-01-02 18:00:00,Imported workout,3600,Pull Up,3,,7.0,,,
2023-01-02 18:00:00,Imported workout,3600,Pull Up,Rest Timer,,,,90.0,
2023-01-02 18:00:00,Imported workout,3600,Pull Up,2,,5.0,,,
2023-01-02 18:00:00,Imported workout,3600,Pull Up,Rest Timer,,,,90.0,
2023-01-02 18:00:00,Imported workout,3600,Pull Up,1,,3.0,,,
2023-01-02 18:00:00,Imported workout,3600,Pull Up,Rest Timer,,,,90.0,
2023-01-02 18:00:00,Imported workout,3600,Leg Press,4,150.0,10.0,,,
2023-01-02 18:00:00,Imported workout,3600,Leg Press,Rest Timer,,,,90.0,
2023-01-02 18:00:00,Imported workout,3600,Leg Press,3,150.0,12.0,,,
2023-01-02 18:00:00,Imported workout,3600,Leg Press,Rest Timer,,,,90.0,
2023-01-02 18:00:00,Imported workout,3600,Leg Press,2,150.0,12.0,,,
2023-01-02 18:00:00,Imported workout,3600,Leg Press,Rest Timer,,,,90.0,
2023-01-02 18:00:00,Imported workout,3600,Leg Press,1,150.0,12.0,,,
2023-01-02 18:00:00,Imported workout,3600,Leg Press,Rest Timer,,,,90.0,
2023-01-02 18:00:00,Imported workout,3600,Standing Calf Raise (Machine),4,143.0,8.0,,,
2023-01-02 18:00:00,Imported workout,3600,Standing Calf Raise (Machine),Rest Timer,,,,90.0,
2023-01-02 18:00:00,Imported workout,3600,Standing Calf Raise (Machine),3,143.0,12.0,,,
2023-01-02 18:00:00,Imported workout,3600,Standing Calf Raise (Machine),Rest Timer,,,,90.0,
2023-01-02 18:00:00,Imported workout,3600,Standing Calf Raise (Machine),1,143.0,12.0,,,
2023-01-02 18:00:00,Imported workout,3600,Standing Calf Raise (Machine),Rest Timer,,,,90.0,
2023-01-02 18:00:00,Imported workout,3600,Standing Calf Raise (Machine),2,143.0,12.0,,,
2023-01-02 18:00:00,Imported workout,3600,Standing Calf Raise (Machine),Rest Timer,,,,90.0,
2023-01-02 18:00:00,Imported workout,3600,Seated Overhead Press (Dumbbell),2,18.0,10.0,,,
2023-01-02 18:00:00,Imported workout,3600,Seated Overhead Press (Dumbbell),Rest Timer,,,,90.0,
2023-01-02 18:00:00,Imported workout,3600,Seated Overhead Press (Dumbbell),1,18.0,6.0,,,
2023-01-02 18:00:00,Imported workout,3600,Seated Overhead Press (Dumbbell),Rest Timer,,,,90.0,
2023-01-02 18:00:00,Imported workout,3600,Incline Curl (Dumbbell),3,12.0,8.0,,,
2023-01-02 18:00:00,Imported workout,3600,Incline Curl (Dumbbell),Rest Timer,,,,90.0,
2023-01-02 18:00:00,Imported workout,3600,Incline Curl (Dumbbell),2,12.0,5.0,,,
2023-01-02 18:00:00,Imported workout,3600,Incline Curl (Dumbbell),Rest Timer,,,,90.0,
2023-01-02 18:00:00,Imported workout,3600,Incline Curl (Dumbbell),1,12.0,5.0,,,
2023-01-02 18:00:00,Imported workout,3600,Incline Curl (Dumbbell),Rest Timer,,,,90.0,
2023-01-02 18:00:00,Imported workout,3600,Triceps Pushdown (Cable - Straight Bar),3,18.0,10.0,,,
2023-01-02 18:00:00,Imported workout,3600,Triceps Pushdown (Cable - Straight Bar),Rest Timer,,,,90.0,
2023-01-02 18:00:00,Imported workout,3600,Triceps Pushdown (Cable - Straight Bar),2,18.0,8.0,,,
2023-01-02 18:00:00,Imported workout,3600,Triceps Pushdown (Cable - Straight Bar),Rest Timer,,,,90.0,
2023-01-02 18:00:00,Imported workout,3600,Triceps Pushdown (Cable - Straight Bar),1,14.0,10.0,,,
2023-01-02 18:00:00,Imported workout,3600,Triceps Pushdown (Cable - Straight Bar),Rest Timer,,,,90.0,
2023-01-04 18:00:00,Imported workout,3600,Bench Press (Barbell),6,20.0,10.0,,,
2023-01-04 18:00:00,Imported workout,3600,Bench Press (Barbell),Rest Timer,,,,90.0,
2023-01-04 18:00:00,Imported workout,3600,Bench Press (Barbell),1,50.0,8.0,,,
2023-01-04 18:00:00,Imported workout,3600,Bench Press (Barbell),Rest Timer,,,,90.0,
2023-01-04 18:00:00,Imported workout,3600,Bench Press (Barbell),2,60.0,7.0,,,
2023-01-04 18:00:00,Imported workout,3600,Bench Press (Barbell),Rest Timer,,,,90.0,
2023-01-04 18:00:00,Imported workout,3600,Bench Press (Barbell),3,60.0,5.0,,,
2023-01-04 18:00:00,Imported workout,3600,Bench Press (Barbell),Rest Timer,,,,90.0,
2023-01-04 18:00:00,Imported workout,3600,Bench Press (Barbell),4,60.0,5.0,,,
2023-01-04 18:00:00,Imported workout,3600,Bench Press (Barbell),Rest Timer,,,,90.0,
2023-01-04 18:00:00,Imported workout,3600,Bench Press (Barbell),5,60.0,3.0,,,
2023-01-04 18:00:00,Imported workout,3600,Bench Press (Barbell),Rest Timer,,,,90.0,
2023-01-04 18:00:00,Imported workout,3600,Overhead Press (Barbell),5,15.0,8.0,,,
2023-01-04 18:00:00,Imported workout,3600,Overhead Press (Barbell),Rest Timer,,,,90.0,
2023-01-04 18:00:00,Imported workout,3600,Overhead Press (Barbell),1,25.0,8.0,,,
2023-01-04 18:00:00,Imported workout,3600,Overhead Press (Barbell),Rest Timer,,,,90.0,
2023-01-04 18:00:00,Imported workout,3600,Overhead Press (Barbell),2,27.5,5.0,,,
2023-01-04 18:00:00,Imported workout,3600,Overhead Press (Barbell),Rest Timer,,,,90.0,
2023-01-04 18:00:00,Imported workout,3600,Overhead Press (Barbell),3,27.5,5.0,,,
2023-01-04 18:00:00,Imported workout,3600,Overhead Press (Barbell),Rest Timer,,,,90.0,
2023-01-04 18:00:00,Imported workout,3600,Overhead Press (Barbell),4,27.5,4.0,,,
2023-01-04 18:00:00,Imported workout,3600,Overhead Press (Barbell),Rest Timer,,,,90.0,
2023-01-04 18:00:00,Imported workout,3600,Seated Row (Cable),4,39.0,12.0,,,
2023-01-04 18:00:00,Imported workout,3600,Seated Row (Cable),Rest Timer,,,,90.0,
2023-01-04 18:00:00,Imported workout,3600,Seated Row (Cable),5,39.0,12.0,,,
2023-01-04 18:00:00,Imported workout,3600,Seated Row (Cable),Rest Timer,,,,90.0,
2023-01-04 18:00:00,Imported workout,3600,Seated Row (Cable),2,39.0,10.0,,,
2023-01-04 18:00:00,Imported workout,3600,Seated Row (Cable),Rest Timer,,,,90.0,
2023-01-04 18:00:00,Imported workout,3600,Seated Row (Cable),3,39.0,10.0,,,
2023-01-04 18:00:00,Imported workout,3600,Seated Row (Cable),Rest Timer,,,,90.0,
2023-01-04 18:00:00,Imported workout,3600,Seated Row (Cable),1,39.0,8.0,,,
2023-01-04 18:00:00,Imported workout,3600,Seated Row (Cable),Rest Timer,,,,90.0,
2023-01-04 18:00:00,Imported workout,3600,Leg Press,1,150.0,12.0,,,
2023-01-04 18:00:00,Imported workout,3600,Leg Press,Rest Timer,,,,90.0,
2023-01-04 18:00:00,Imported workout,3600,Leg Press,2,150.0,12.0,,,
2023-01-04 18:00:00,Imported workout,3600,Leg Press,Rest Timer,,,,90.0,
2023-01-04 18:00:00,Imported workout,3600,Leg Press,3,150.0,12.0,,,
2023-01-04 18:00:00,Imported workout,3600,Leg Press,Rest Timer,,,,90.0,
2023-01-04 18:00:00,Imported workout,3600,Standing Calf Raise (Machine),1,143.0,8.0,,,
2023-01-04 18:00:00,Imported workout,3600,Standing Calf Raise (Machine),Rest Timer,,,,90.0,
2023-01-04 18:00:00,Imported workout,3600,Standing Calf Raise (Machine),2,143.0,8.0,,,
2023-01-04 18:00:00,Imported workout,3600,Standing Calf Raise (Machine),Rest Timer,,,,90.0,
2023-01-04 18:00:00,Imported workout,3600,Standing Calf Raise (Machine),4,143.0,8.0,,,
2023-01-04 18:00:00,Imported workout,3600,Standing Calf Raise (Machine),Rest Timer,,,,90.0,
2023-01-04 18:00:00,Imported workout,3600,Standing Calf Raise (Machine),3,143.0,8.0,,,
2023-01-04 18:00:00,Imported workout,3600,Standing Calf Raise (Machine),Rest Timer,,,,90.0,
2023-01-04 18:00:00,Imported workout,3600,Knee Raise (Captain's Chair),2,,5.0,,,
2023-01-04 18:00:00,Imported workout,3600,Knee Raise (Captain's Chair),Rest Timer,,,,90.0,
2023-01-04 18:00:00,Imported workout,3600,Knee Raise (Captain's Chair),3,,10.0,,,
2023-01-04 18:00:00,Imported workout,3600,Knee Raise (Captain's Chair),Rest Timer,,,,90.0,
2023-01-04 18:00:00,Imported workout,3600,Knee Raise (Captain's Chair),1,,10.0,,,
2023-01-04 18:00:00,Imported workout,3600,Knee Raise (Captain's Chair),Rest Timer,,,,90.0,
2023-01-07 18:00:00,Imported workout,3600,Lying Leg Curl (Machine),3,45.0,12.0,,,
2023-01-07 18:00:00,Imported workout,3600,Lying Leg Curl (Machine),Rest Timer,,,,90.0,
2023-01-07 18:00:00,Imported workout,3600,Lying Leg Curl (Machine),2,50.0,10.0,,,
2023-01-07 18:00:00,Imported workout,3600,Lying Leg Curl (Machine),Rest Timer,,,,90.0,
2023-01-07 18:00:00,Imported workout,3600,Lying Leg Curl (Machine),1,50.0,10.0,,,
2023-01-07 18:00:00,Imported workout,3600,Lying Leg Curl (Machine),Rest Timer,,,,90.0,
2023-01-07 18:00:00,Imported workout,3600,Bench Press (Dumbbell),4,14.0,10.0,,,
2023-01-07 18:00:00,Imported workout,3600,Bench Press (Dumbbell),Rest Timer,,,,90.0,
2023-01-07 18:00:00,Imported workout,3600,Bench Press (Dumbbell),3,20.0,12.0,,,
2023-01-07 18:00:00,Imported workout,3600,Bench Press (Dumbbell),Rest Timer,,,,90.0,
2023-01-07 18:00:00,Imported workout,3600,Bench Press (Dumbbell),2,24.0,8.0,,,
2023-01-07 18:00:00,Imported workout,3600,Bench Press (Dumbbell),Rest Timer,,,,90.0,
2023-01-07 18:00:00,Imported workout,3600,Bench Press (Dumbbell),1,26.0,7.0,,,
2023-01-07 18:00:00,Imported workout,3600,Bench Press (Dumbbell),Rest Timer,,,,90.0,
2023-01-07 18:00:00,Imported workout,3600,Lat Pulldown (Cable),1,39.0,12.0,,,
2023-01-07 18:00:00,Imported workout,3600,Lat Pulldown (Cable),Rest Timer,,,,90.0,
2023-01-07 18:00:00,Imported workout,3600,Lat Pulldown (Cable),3,52.0,10.0,,,
2023-01-07 18:00:00,Imported workout,3600,Lat Pulldown (Cable),Rest Timer,,,,90.0,
2023-01-07 18:00:00,Imported workout,3600,Lat Pulldown (Cable),2,45.0,8.0,,,
2023-01-07 18:00:00,Imported workout,3600,Lat Pulldown (Cable),Rest Timer,,,,90.0,
2023-01-07 18:00:00,Imported workout,3600,Chest Dip,4,0.0,8.0,,,
2023-01-07 18:00:00,Imported workout,3600,Chest Dip,Rest Timer,,,,90.0,
2023-01-07 18:00:00,Imported workout,3600,Lat Pulldown (Cable),4,45.0,7.0,,,
2023-01-07 18:00:00,Imported workout,3600,Lat Pulldown (Cable),Rest Timer,,,,90.0,
2023-01-07 18:00:00,Imported workout,3600,Chest Dip,3,0.0,8.0,,,
2023-01-07 18:00:00,Imported workout,3600,Chest Dip,Rest Timer,,,,90.0,
2023-01-07 18:00:00,Imported workout,3600,Chest Dip,2,0.0,6.0,,,
2023-01-07 18:00:00,Imported workout,3600,Chest Dip,Rest Timer,,,,90.0,
2023-01-07 18:00:00,Imported workout,3600,Chest Dip,1,0.0,5.0,,,
2023-01-07 18:00:00,Imported workout,3600,Chest Dip,Rest Timer,,,,90.0,
2023-01-07 18:00:00,Imported workout,3600,Bicep Curl (Cable),1,14.0,12.0,,,
2023-01-07 18:00:00,Imported workout,3600,Bicep Curl (Cable),Rest Timer,,,,90.0,
2023-01-07 18:00:00,Imported workout,3600,Bicep Curl (Cable),2,23.0,8.0,,,
2023-01-07 18:00:00,Imported workout,3600,Bicep Curl (Cable),Rest Timer,,,,90.0,
2023-01-07 18:00:00,Imported workout,3600,Bicep Curl (Cable),3,23.0,8.0,,,
2023-01-07 18:00:00,Imported workout,3600,Bicep Curl (Cable),Rest Timer,,,,90.0,
2023-01-07 18:00:00,Imported workout,3600,Pec Deck (Machine),1,52.0,12.0,,,
2023-01-07 18:00:00,Imported workout,3600,Pec Deck (Machine),Rest Timer,,,,90.0,
2023-01-07 18:00:00,Imported workout,3600,Pec Deck (Machine),3,66.0,10.0,,,
2023-01-07 18:00:00,Imported workout,3600,Pec Deck (Machine),Rest Timer,,,,90.0,
2023-01-07 18:00:00,Imported workout,3600,Pec Deck (Machine),2,66.0,10.0,,,
2023-01-07 18:00:00,Imported workout,3600,Pec Deck (Machine),Rest Timer,,,,90.0,
2023-01-07 18:00:00,Imported workout,3600,Triceps Extension,1,41.0,12.0,,,
2023-01-07 18:00:00,Imported workout,3600,Triceps Extension,Rest Timer,,,,90.0,
2023-01-07 18:00:00,Imported workout,3600,Triceps Extension,2,66.0,12.0,,,
2023-01-07 18:00:00,Imported workout,3600,Triceps Extension,Rest Timer,,,,90.0,
2023-01-07 18:00:00,Imported workout,3600,Triceps Extension,3,66.0,12.0,,,
2023-01-07 18:00:00,Imported workout,3600,Triceps Extension,Rest Timer,,,,90.0,
2023-01-09 18:00:00,Imported workout,3600,Bench Press (Barbell),2,20.0,8.0,,,
2023-01-09 18:00:00,Imported workout,3600,Bench Press (Barbell),Rest Timer,,,,90.0,
2023-01-09 18:00:00,Imported workout,3600,Bench Press (Barbell),5,50.0,8.0,,,
2023-01-09 18:00:00,Imported workout,3600,Bench Press (Barbell),Rest Timer,,,,90.0,
2023-01-09 18:00:00,Imported workout,3600,Bench Press (Barbell),4,60.0,5.0,,,
2023-01-09 18:00:00,Imported workout,3600,Bench Press (Barbell),Rest Timer,,,,90.0,
2023-01-09 18:00:00,Imported workout,3600,Bench Press (Barbell),3,70.0,5.0,,,
2023-01-09 18:00:00,Imported workout,3600,Bench Press (Barbell),Rest Timer,,,,90.0,
2023-01-09 18:00:00,Imported workout,3600,Bench Press (Barbell),6,65.0,5.0,,,
2023-01-09 18:00:00,Imported workout,3600,Bench Press (Barbell),Rest Timer,,,,90.0,
2023-01-09 18:00:00,Imported workout,3600,Bench Press (Barbell),1,65.0,5.0,,,
2023-01-09 18:00:00,Imported workout,3600,Bench Press (Barbell),Rest Timer,,,,90.0,
2023-01-09 18:00:00,Imported workout,3600,Seated Overhead Press (Dumbbell),1,16.0,8.0,,,
2023-01-09 18:00:00,Imported workout,3600,Seated Overhead Press (Dumbbell),Rest Timer,,,,90.0,
2023-01-09 18:00:00,Imported workout,3600,Seated Overhead Press (Dumbbell),4,20.0,8.0,,,
2023-01-09 18:00:00,Imported workout,3600,Seated Overhead Press (Dumbbell),Rest Timer,,,,90.0,
2023-01-09 18:00:00,Imported workout,3600,Seated Overhead Press (Dumbbell),3,20.0,7.0,,,
2023-01-09 18:00:00,Imported workout,3600,Seated Overhead Press (Dumbbell),Rest Timer,,,,90.0,
2023-01-09 18:00:00,Imported workout,3600,Seated Overhead Press (Dumbbell),2,18.0,8.0,,,
2023-01-09 18:00:00,Imported workout,3600,Seated Overhead Press (Dumbbell),Rest Timer,,,,90.0,
2023-01-12 18:00:00,Imported workout,3600,Pull Up,4,,10.0,,,
2023-01-12 18:00:00,Imported workout,3600,Pull Up,Rest Timer,,,,90.0,
2023-01-12 18:00:00,Imported workout,3600,Pull Up,3,,6.0,,,
2023-01-12 18:00:00,Imported workout,3600,Pull Up,Rest Timer,,,,90.0,
2023-01-12 18:00:00,Imported workout,3600,Pull Up,2,,6.0,,,
2023-01-12 18:00:00,Imported workout,3600,Pull Up,Rest Timer,,,,90.0,
2023-01-12 18:00:00,Imported workout,3600,Pull Up,1,,2.0,,,
2023-01-12 18:00:00,Imported workout,3600,Pull Up,Rest Timer,,,,90.0,
2023-01-12 18:00:00,Imported workout,3600,Leg Press,3,150.0,12.0,,,
2023-01-12 18:00:00,Imported workout,3600,Leg Press,Rest Timer,,,,90.0,
2023-01-12 18:00:00,Imported workout,3600,Leg Press,2,150.0,12.0,,,
2023-01-12 18:00:00,Imported workout,3600,Leg Press,Rest Timer,,,,90.0,
2023-01-12 18:00:00,Imported workout,3600,Leg Press,4,150.0,12.0,,,
2023-01-12 18:00:00,Imported workout,3600,Leg Press,Rest Timer,,,,90.0,
2023-01-12 18:00:00,Imported workout,3600,Leg Press,1,150.0,12.0,,,
2023-01-12 18:00:00,Imported workout,3600,Leg Press,Rest Timer,,,,90.0,
2023-01-12 18:00:00,Imported workout,3600,Overhead Press (Barbell),3,20.0,8.0,,,
2023-01-12 18:00:00,Imported workout,3600,Overhead Press (Barbell),Rest Timer,,,,90.0,
2023-01-12 18:00:00,Imported workout,3600,Overhead Press (Barbell),2,30.0,8.0,,,
2023-01-12 18:00:00,Imported workout,3600,Overhead Press (Barbell),Rest Timer,,,,90.0,
2023-01-12 18:00:00,Imported workout,3600,Overhead Press (Barbell),1,35.0,7.0,,,
2023-01-12 18:00:00,Imported workout,3600,Overhead Press (Barbell),Rest Timer,,,,90.0,
2023-01-12 18:00:00,Imported workout,3600,Overhead Press (Barbell),4,35.0,5.0,,,
2023-01-12 18:00:00,Imported workout,3600,Overhead Press (Barbell),Rest Timer,,,,90.0,
2023-01-12 18:00:00,Imported workout,3600,Incline Curl (Dumbbell),3,12.0,8.0,,,
2023-01-12 18:00:00,Imported workout,3600,Incline Curl (Dumbbell),Rest Timer,,,,90.0,
2023-01-12 18:00:00,Imported workout,3600,Incline Curl (Dumbbell),2,12.0,6.0,,,
2023-01-12 18:00:00,Imported workout,3600,Incline Curl (Dumbbell),Rest Timer,,,,90.0,
2023-01-12 18:00:00,Imported workout,3600,Incline Curl (Dumbbell),1,12.0,6.0,,,
2023-01-12 18:00:00,Imported workout,3600,Incline Curl (Dumbbell),Rest Timer,,,,90.0,
2023-01-13 18:00:00,Imported workout,3600,Bench Press (Barbell),1,20.0,8.0,,,
2023-01-13 18:00:00,Imported workout,3600,Bench Press (Barbell),Rest Timer,,,,90.0,
2023-01-13 18:00:00,Imported workout,3600,Bench Press (Barbell),5,60.0,8.0,,,
2023-01-13 18:00:00,Imported workout,3600,Bench Press (Barbell),Rest Timer,,,,90.0,
2023-01-13 18:00:00,Imported workout,3600,Bench Press (Barbell),2,65.0,6.0,,,
2023-01-13 18:00:00,Imported workout,3600,Bench Press (Barbell),Rest Timer,,,,90.0,
2023-01-13 18:00:00,Imported workout,3600,Bench Press (Barbell),3,65.0,5.0,,,
2023-01-13 18:00:00,Imported workout,3600,Bench Press (Barbell),Rest Timer,,,,90.0,
2023-01-13 18:00:00,Imported workout,3600,Bench Press (Barbell),4,65.0,4.0,,,
2023-01-13 18:00:00,Imported workout,3600,Bench Press (Barbell),Rest Timer,,,,90.0,
2023-01-13 18:00:00,Imported workout,3600,Chest Dip,1,0.0,7.0,,,
2023-01-13 18:00:00,Imported workout,3600,Chest Dip,Rest Timer,,,,90.0,
2023-01-13 18:00:00,Imported workout,3600,Chest Dip,3,0.0,6.0,,,
2023-01-13 18:00:00,Imported workout,3600,Chest Dip,Rest Timer,,,,90.0,
2023-01-13 18:00:00,Imported workout,3600,Chest Dip,2,0.0,4.0,,,
2023-01-13 18:00:00,Imported workout,3600,Chest Dip,Rest Timer,,,,90.0,
2023-01-13 18:00:00,Imported workout,3600,Lying Leg Curl (Machine),2,45.0,10.0,,,
2023-01-13 18:00:00,Imported workout,3600,Lying Leg Curl (Machine),Rest Timer,,,,90.0,
2023-01-13 18:00:00,Imported workout,3600,Lying Leg Curl (Machine),3,45.0,10.0,,,
2023-01-13 18:00:00,Imported workout,3600,Lying Leg Curl (Machine),Rest Timer,,,,90.0,
2023-01-13 18:00:00,Imported workout,3600,Lying Leg Curl (Machine),4,50.0,10.0,,,
2023-01-13 18:00:00,Imported workout,3600,Lying Leg Curl (Machine),Rest Timer,,,,90.0,
2023-01-13 18:00:00,Imported workout,3600,Lying Leg Curl (Machine),5,50.0,8.0,,,
2023-01-13 18:00:00,Imported workout,3600,Lying Leg Curl (Machine),Rest Timer,,,,90.0,
2023-01-13 18:00:00,Imported workout,3600,Lying Leg Curl (Machine),1,50.0,9.0,,,
2023-01-13 18:00:00,Imported workout,3600,Lying Leg Curl (Machine),Rest Timer,,,,90.0,
2023-01-13 18:00:00,Imported workout,3600,Leg Extension (Machine),4,52.0,12.0,,,
2023-01-13 18:00:00,Imported workout,3600,Leg Extension (Machine),Rest Timer,,,,90.0,
2023-01-13 18:00:00,Imported workout,3600,Leg Extension (Machine),3,52.0,12.0,,,
2023-01-13 18:00:00,Imported workout,3600,Leg Extension (Machine),Rest Timer,,,,90.0,
2023-01-13 18:00:00,Imported workout,3600,Leg Extension (Machine),2,52.0,12.0,,,
2023-01-13 18:00:00,Imported workout,3600,Leg Extension (Machine),Rest Timer,,,,90.0,
2023-01-13 18:00:00,Imported workout,3600,Leg Extension (Machine),1,52.0,12.0,,,
2023-01-13 18:00:00,Imported workout,3600,Leg Extension (Machine),Rest Timer,,,,90.0,
2023-01-13 18:00:00,Imported workout,3600,Preacher Curl (Barbell),1,20.0,8.0,,,
2023-01-13 18:00:00,Imported workout,3600,Preacher Curl (Barbell),Rest Timer,,,,90.0,
2023-01-13 18:00:00,Imported workout,3600,Preacher Curl (Barbell),2,20.0,5.0,,,
2023-01-13 18:00:00,Imported workout,3600,Preacher Curl (Barbell),Rest Timer,,,,90.0,
2023-01-13 18:00:00,Imported workout,3600,Preacher Curl (Barbell),3,20.0,3.0,,,
2023-01-13 18:00:00,Imported workout,3600,Preacher Curl (Barbell),Rest Timer,,,,90.0,
2023-01-13 18:00:00,Imported workout,3600,Triceps Extension,1,41.0,12.0,,,
2023-01-13 18:00:00,Imported workout,3600,Triceps Extension,Rest Timer,,,,90.0,
2023-01-13 18:00:00,Imported workout,3600,Triceps Extension,3,59.0,11.0,,,
2023-01-13 18:00:00,Imported workout,3600,Triceps Extension,Rest Timer,,,,90.0,
2023-01-13 18:00:00,Imported workout,3600,Lat Pulldown (Cable),2,32.0,12.0,,,
2023-01-13 18:00:00,Imported workout,3600,Lat Pulldown (Cable),Rest Timer,,,,90.0,
2023-01-13 18:00:00,Imported workout,3600,Lat Pulldown (Cable),1,45.0,8.0,,,
2023-01-13 18:00:00,Imported workout,3600,Lat Pulldown (Cable),Rest Timer,,,,90.0,
2023-01-13 18:00:00,Imported workout,3600,Triceps Extension,2,59.0,10.0,,,
2023-01-13 18:00:00,Imported workout,3600,Triceps Extension,Rest Timer,,,,90.0,
2023-01-13 18:00:00,Imported workout,3600,Decline Crunch,1,,10.0,,,
2023-01-13 18:00:00,Imported workout,3600,Decline Crunch,Rest Timer,,,,90.0,
2023-01-13 18:00:00,Imported workout,3600,Decline Crunch,2,,10.0,,,
2023-01-13 18:00:00,Imported workout,3600,Decline Crunch,Rest Timer,,,,90.0,
2023-01-13 18:00:00,Imported workout,3600,Decline Crunch,3,,10.0,,,
2023-01-13 18:00:00,Imported workout,3600,Decline Crunch,Rest Timer,,,,90.0,
2023-01-15 18:00:00,Imported workout,3600,Pull Up,1,,8.0,,,
2023-01-15 18:00:00,Imported workout,3600,Pull Up,Rest Timer,,,,90.0,
2023-01-15 18:00:00,Imported workout,3600,Pull Up,5,,7.0,,,
2023-01-15 18:00:00,Imported workout,3600,Pull Up,Rest Timer,,,,90.0,
2023-01-15 18:00:00,Imported workout,3600,Pull Up,2,,4.0,,,
2023-01-15 18:00:00,Imported workout,3600,Pull Up,Rest Timer,,,,90.0,
2023-01-15 18:00:00,Imported workout,3600,Pull Up,3,,7.0,,,
2023-01-15 18:00:00,Imported workout,3600,Pull Up,Rest Timer,,,,90.0,
2023-01-15 18:00:00,Imported workout,3600,Pull Up,4,,6.0,,,
2023-01-15 18:00:00,Imported workout,3600,Pull Up,Rest Timer,,,,90.0,
2023-01-15 18:00:00,Imported workout,3600,Bulgarian Split Squat,5,20.0,8.0,,,
2023-01-15 18:00:00,Imported workout,3600,Bulgarian Split Squat,Rest Timer,,,,90.0,
2023-01-15 18:00:00,Imported workout,3600,Bulgarian Split Squat,2,20.0,8.0,,,
2023-01-15 18:00:00,Imported workout,3600,Bulgarian Split Squat,Rest Timer,,,,90.0,
2023-01-15 18:00:00,Imported workout,3600,Bulgarian Split Squat,3,20.0,8.0,,,
2023-01-15 18:00:00,Imported workout,3600,Bulgarian Split Squat,Rest Timer,,,,90.0,
2023-01-15 18:00:00,Imported workout,3600,Bulgarian Split Squat,1,20.0,8.0,,,
2023-01-15 18:00:00,Imported workout,3600,Bulgarian Split Squat,Rest Timer,,,,90.0,
2023-01-15 18:00:00,Imported workout,3600,Bulgarian Split Squat,4,20.0,8.0,,,
2023-01-15 18:00:00,Imported workout,3600,Bulgarian Split Squat,Rest Timer,,,,90.0,
2023-01-15 18:00:00,Imported workout,3600,Seated Overhead Press (Dumbbell),3,20.0,8.0,,,
2023-01-15 18:00:00,Imported workout,3600,Seated Overhead Press (Dumbbell),Rest Timer,,,,90.0,
2023-01-15 18:00:00,Imported workout,3600,Seated Overhead Press (Dumbbell),4,20.0,8.0,,,
2023-01-15 18:00:00,Imported workout,3600,Seated Overhead Press (Dumbbell),Rest Timer,,,,90.0,
2023-01-15 18:00:00,Imported workout,3600,Seated Overhead Press (Dumbbell),2,22.0,6.0,,,
2023-01-15 18:00:00,Imported workout,3600,Seated Overhead Press (Dumbbell),Rest Timer,,,,90.0,
2023-01-15 18:00:00,Imported workout,3600,Seated Overhead Press (Dumbbell),1,20.0,7.0,,,
2023-01-15 18:00:00,Imported workout,3600,Seated Overhead Press (Dumbbell),Rest Timer,,,,90.0,
2023-01-15 18:00:00,Imported workout,3600,Standing Calf Raise (Machine),1,30.0,12.0,,,
2023-01-15 18:00:00,Imported workout,3600,Standing Calf Raise (Machine),Rest Timer,,,,90.0,
2023-01-15 18:00:00,Imported workout,3600,Standing Calf Raise (Machine),2,40.0,12.0,,,
2023-01-15 18:00:00,Imported workout,3600,Standing Calf Raise (Machine),Rest Timer,,,,90.0,
2023-01-15 18:00:00,Imported workout,3600,Standing Calf Raise (Machine),3,40.0,12.0,,,
2023-01-15 18:00:00,Imported workout,3600,Standing Calf Raise (Machine),Rest Timer,,,,90.0,
2023-01-15 18:00:00,Imported workout,3600,Triceps Pushdown (Cable - Straight Bar),1,18.0,12.0,,,
2023-01-15 18:00:00,Imported workout,3600,Triceps Pushdown (Cable - Straight Bar),Rest Timer,,,,90.0,
2023-01-15 18:00:00,Imported workout,3600,Triceps Pushdown (Cable - Straight Bar),2,14.0,12.0,,,
2023-01-15 18:00:00,Imported workout,3600,Triceps Pushdown (Cable - Straight Bar),Rest Timer,,,,90.0,
2023-01-15 18:00:00,Imported workout,3600,Triceps Pushdown (Cable - Straight Bar),3,14.0,12.0,,,
2023-01-15 18:00:00,Imported workout,3600,Triceps Pushdown (Cable - Straight Bar),Rest Timer,,,,90.0,
2023-01-15 18:00:00,Imported workout,3600,Crunch,2,0.0,30.0,,,
2023-01-15 18:00:00,Imported workout,3600,Crunch,Rest Timer,,,,90.0,
2023-01-15 18:00:00,Imported workout,3600,Crunch,1,5.0,10.0,,,
2023-01-15 18:00:00,Imported workout,3600,Crunch,Rest Timer,,,,90.0,
2023-01-15 18:00:00,Imported workout,3600,Decline Crunch,1,,10.0,,,
2023-01-15 18:00:00,Imported workout,3600,Decline Crunch,Rest Timer,,,,90.0,
2023-01-15 18:00:00,Imported workout,3600,Decline Crunch,2,,7.0,,,
2023-01-15 18:00:00,Imported workout,3600,Decline Crunch,Rest Timer,,,,90.0,
2023-01-16 18:00:00,Imported workout,3600,Bench Press (Barbell),7,20.0,8.0,,,
2023-01-16 18:00:00,Imported workout,3600,Bench Press (Barbell),Rest Timer,,,,90.0,
2023-01-16 18:00:00,Imported workout,3600,Bench Press (Barbell),6,40.0,8.0,,,
2023-01-16 18:00:00,Imported workout,3600,Bench Press (Barbell),Rest Timer,,,,90.0,
2023-01-16 18:00:00,Imported workout,3600,Bench Press (Barbell),5,70.0,5.0,,,
2023-01-16 18:00:00,Imported workout,3600,Bench Press (Barbell),Rest Timer,,,,90.0,
2023-01-16 18:00:00,Imported workout,3600,Bench Press (Barbell),4,70.0,4.0,,,
2023-01-16 18:00:00,Imported workout,3600,Bench Press (Barbell),Rest Timer,,,,90.0,
2023-01-16 18:00:00,Imported workout,3600,Bench Press (Barbell),3,70.0,5.0,,,
2023-01-16 18:00:00,Imported workout,3600,Bench Press (Barbell),Rest Timer,,,,90.0,
2023-01-16 18:00:00,Imported workout,3600,Bench Press (Barbell),1,70.0,4.0,,,
2023-01-16 18:00:00,Imported workout,3600,Bench Press (Barbell),Rest Timer,,,,90.0,
2023-01-16 18:00:00,Imported workout,3600,Bench Press (Barbell),2,70.0,3.0,,,
2023-01-16 18:00:00,Imported workout,3600,Bench Press (Barbell),Rest Timer,,,,90.0,
2023-01-16 18:00:00,Imported workout,3600,Lat Pulldown (Cable),4,45.0,8.0,,,
2023-01-16 18:00:00,Imported workout,3600,Lat Pulldown (Cable),Rest Timer,,,,90.0,
2023-01-16 18:00:00,Imported workout,3600,Lat Pulldown (Cable),3,45.0,8.0,,,
2023-01-16 18:00:00,Imported workout,3600,Lat Pulldown (Cable),Rest Timer,,,,90.0,
2023-01-16 18:00:00,Imported workout,3600,Lat Pulldown (Cable),1,45.0,8.0,,,
2023-01-16 18:00:00,Imported workout,3600,Lat Pulldown (Cable),Rest Timer,,,,90.0,
2023-01-16 18:00:00,Imported workout,3600,Lat Pulldown (Cable),2,45.0,8.0,,,
2023-01-16 18:00:00,Imported workout,3600,Lat Pulldown (Cable),Rest Timer,,,,90.0,
2023-01-16 18:00:00,Imported workout,3600,Incline Curl (Dumbbell),3,10.0,10.0,,,
2023-01-16 18:00:00,Imported workout,3600,Incline Curl (Dumbbell),Rest Timer,,,,90.0,
2023-01-16 18:00:00,Imported workout,3600,Incline Curl (Dumbbell),2,10.0,10.0,,,
2023-01-16 18:00:00,Imported workout,3600,Incline Curl (Dumbbell),Rest Timer,,,,90.0,
2023-01-16 18:00:00,Imported workout,3600,Incline Curl (Dumbbell),1,12.0,7.0,,,
2023-01-16 18:00:00,Imported workout,3600,Incline Curl (Dumbbell),Rest Timer,,,,90.0,
2023-01-16 18:00:00,Imported workout,3600,Skullcrusher (Dumbbell),1,9.0,12.0,,,
2023-01-16 18:00:00,Imported workout,3600,Skullcrusher (Dumbbell),Rest Timer,,,,90.0,
2023-01-16 18:00:00,Imported workout,3600,Decline Crunch,1,,10.0,,,
2023-01-16 18:00:00,Imported workout,3600,Decline Crunch,Rest Timer,,,,90.0,
2023-01-18 18:00:00,Imported workout,3600,Pull Up,5,,7.0,,,
2023-01-18 18:00:00,Imported workout,3600,Pull Up,Rest Timer,,,,90.0,
2023-01-18 18:00:00,Imported workout,3600,Pull Up,4,,7.0,,,
2023-01-18 18:00:00,Imported workout,3600,Pull Up,Rest Timer,,,,90.0,
2023-01-18 18:00:00,Imported workout,3600,Pull Up,3,,7.0,,,
2023-01-18 18:00:00,Imported workout,3600,Pull Up,Rest Timer,,,,90.0,
2023-01-18 18:00:00,Imported workout,3600,Pull Up,2,,6.0,,,
2023-01-18 18:00:00,Imported workout,3600,Pull Up,Rest Timer,,,,90.0,
2023-01-18 18:00:00,Imported workout,3600,Pull Up,1,,5.0,,,
2023-01-18 18:00:00,Imported workout,3600,Pull Up,Rest Timer,,,,90.0,
2023-01-18 18:00:00,Imported workout,3600,Overhead Press (Barbell),5,20.0,8.0,,,
2023-01-18 18:00:00,Imported workout,3600,Overhead Press (Barbell),Rest Timer,,,,90.0,
2023-01-18 18:00:00,Imported workout,3600,Overhead Press (Barbell),4,30.0,8.0,,,
2023-01-18 18:00:00,Imported workout,3600,Overhead Press (Barbell),Rest Timer,,,,90.0,
2023-01-18 18:00:00,Imported workout,3600,Overhead Press (Barbell),3,40.0,6.0,,,
2023-01-18 18:00:00,Imported workout,3600,Overhead Press (Barbell),Rest Timer,,,,90.0,
2023-01-18 18:00:00,Imported workout,3600,Overhead Press (Barbell),2,40.0,6.0,,,
2023-01-18 18:00:00,Imported workout,3600,Overhead Press (Barbell),Rest Timer,,,,90.0,
2023-01-18 18:00:00,Imported workout,3600,Overhead Press (Barbell),1,40.0,4.0,,,
2023-01-18 18:00:00,Imported workout,3600,Overhead Press (Barbell),Rest Timer,,,,90.0,
2023-01-18 18:00:00,Imported workout,3600,Overhead Press (Barbell),6,40.0,4.0,,,
2023-01-18 18:00:00,Imported workout,3600,Overhead Press (Barbell),Rest Timer,,,,90.0,
2023-01-18 18:00:00,Imported workout,3600,Leg Press,4,140.0,12.0,,,
2023-01-18 18:00:00,Imported workout,3600,Leg Press,Rest Timer,,,,90.0,
2023-01-18 18:00:00,Imported workout,3600,Leg Press,3,165.0,12.0,,,
2023-01-18 18:00:00,Imported workout,3600,Leg Press,Rest Timer,,,,90.0,
2023-01-18 18:00:00,Imported workout,3600,Leg Press,5,185.0,10.0,,,
2023-01-18 18:00:00,Imported workout,3600,Leg Press,Rest Timer,,,,90.0,
2023-01-18 18:00:00,Imported workout,3600,Leg Press,1,185.0,10.0,,,
2023-01-18 18:00:00,Imported workout,3600,Leg Press,Rest Timer,,,,90.0,
2023-01-18 18:00:00,Imported workout,3600,Leg Press,2,185.0,10.0,,,
2023-01-18 18:00:00,Imported workout,3600,Leg Press,Rest Timer,,,,90.0,
2023-01-18 18:00:00,Imported workout,3600,Skullcrusher (Barbell),1,15.0,12.0,,,
2023-01-18 18:00:00,Imported workout,3600,Skullcrusher (Barbell),Rest Timer,,,,90.0,
2023-01-18 18:00:00,Imported workout,3600,Skullcrusher (Barbell),3,15.0,10.0,,,
2023-01-18 18:00:00,Imported workout,3600,Skullcrusher (Barbell),Rest Timer,,,,90.0,
2023-01-18 18:00:00,Imported workout,3600,Skullcrusher (Barbell),2,15.0,10.0,,,
2023-01-18 18:00:00,Imported workout,3600,Skullcrusher (Barbell),Rest Timer,,,,90.0,
2023-01-18 18:00:00,Imported workout,3600,Decline Crunch,1,,15.0,,,
2023-01-18 18:00:00,Imported workout,3600,Decline Crunch,Rest Timer,,,,90.0,
2023-01-18 18:00:00,Imported workout,3600,Decline Crunch,2,,10.0,,,
2023-01-18 18:00:00,Imported workout,3600,Decline Crunch,Rest Timer,,,,90.0,
2023-01-18 18:00:00,Imported workout,3600,Decline Crunch,3,,9.0,,,
2023-01-18 18:00:00,Imported workout,3600,Decline Crunch,Rest Timer,,,,90.0,
2023-01-21 18:00:00,Imported workout,3600,Bench Press (Dumbbell),1,20.0,8.0,,,
2023-01-21 18:00:00,Imported workout,3600,Bench Press (Dumbbell),Rest Timer,,,,90.0,
2023-01-21 18:00:00,Imported workout,3600,Bench Press (Dumbbell),2,24.0,8.0,,,
2023-01-21 18:00:00,Imported workout,3600,Bench Press (Dumbbell),Rest Timer,,,,90.0,
2023-01-21 18:00:00,Imported workout,3600,Bench Press (Dumbbell),3,24.0,8.0,,,
2023-01-21 18:00:00,Imported workout,3600,Bench Press (Dumbbell),Rest Timer,,,,90.0,
2023-01-21 18:00:00,Imported workout,3600,Bench Press (Dumbbell),4,24.0,8.0,,,
2023-01-21 18:00:00,Imported workout,3600,Bench Press (Dumbbell),Rest Timer,,,,90.0,
2023-01-21 18:00:00,Imported workout,3600,Bench Press (Dumbbell),5,24.0,7.0,,,
2023-01-21 18:00:00,Imported workout,3600,Bench Press (Dumbbell),Rest Timer,,,,90.0,
2023-01-21 18:00:00,Imported workout,3600,Standing Calf Raise (Machine),1,30.0,12.0,,,
2023-01-21 18:00:00,Imported workout,3600,Standing Calf Raise (Machine),Rest Timer,,,,90.0,
2023-01-21 18:00:00,Imported workout,3600,Standing Calf Raise (Machine),2,50.0,12.0,,,
2023-01-21 18:00:00,Imported workout,3600,Standing Calf Raise (Machine),Rest Timer,,,,90.0,
2023-01-21 18:00:00,Imported workout,3600,Standing Calf Raise (Machine),3,50.0,8.0,,,
2023-01-21 18:00:00,Imported workout,3600,Standing Calf Raise (Machine),Rest Timer,,,,90.0,
2023-01-21 18:00:00,Imported workout,3600,Standing Calf Raise (Machine),4,50.0,12.0,,,
2023-01-21 18:00:00,Imported workout,3600,Standing Calf Raise (Machine),Rest Timer,,,,90.0,
2023-01-21 18:00:00,Imported workout,3600,Standing Calf Raise (Machine),5,50.0,12.0,,,
2023-01-21 18:00:00,Imported workout,3600,Standing Calf Raise (Machine),Rest Timer,,,,90.0,
2023-01-21 18:00:00,Imported workout,3600,Leg Extension (Machine),2,45.0,12.0,,,
2023-01-21 18:00:00,Imported workout,3600,Leg Extension (Machine),Rest Timer,,,,90.0,
2023-01-21 18:00:00,Imported workout,3600,Leg Extension (Machine),3,59.0,12.0,,,
2023-01-21 18:00:00,Imported workout,3600,Leg Extension (Machine),Rest Timer,,,,90.0,
2023-01-21 18:00:00,Imported workout,3600,Leg Extension (Machine),1,59.0,12.0,,,
2023-01-21 18:00:00,Imported workout,3600,Leg Extension (Machine),Rest Timer,,,,90.0,
2023-01-21 18:00:00,Imported workout,3600,Lat Pulldown (Cable),3,39.0,10.0,,,
2023-01-21 18:00:00,Imported workout,3600,Lat Pulldown (Cable),Rest Timer,,,,90.0,
2023-01-21 18:00:00,Imported workout,3600,Lat Pulldown (Cable),1,45.0,10.0,,,
2023-01-21 18:00:00,Imported workout,3600,Lat Pulldown (Cable),Rest Timer,,,,90.0,
2023-01-21 18:00:00,Imported workout,3600,Lat Pulldown (Cable),2,45.0,8.0,,,
2023-01-21 18:00:00,Imported workout,3600,Lat Pulldown (Cable),Rest Timer,,,,90.0,
2023-01-21 18:00:00,Imported workout,3600,Triceps Pushdown (Cable - Straight Bar),1,18.0,8.0,,,
2023-01-21 18:00:00,Imported workout,3600,Triceps Pushdown (Cable - Straight Bar),Rest Timer,,,,90.0,
2023-01-21 18:00:00,Imported workout,3600,Triceps Pushdown (Cable - Straight Bar),2,18.0,8.0,,,
2023-01-21 18:00:00,Imported workout,3600,Triceps Pushdown (Cable - Straight Bar),Rest Timer,,,,90.0,
2023-01-21 18:00:00,Imported workout,3600,Triceps Pushdown (Cable - Straight Bar),3,18.0,8.0,,,
2023-01-21 18:00:00,Imported workout,3600,Triceps Pushdown (Cable - Straight Bar),Rest Timer,,,,90.0,
2023-01-21 18:00:00,Imported workout,3600,Incline Curl (Dumbbell),1,14.0,7.0,,,
2023-01-21 18:00:00,Imported workout,3600,Incline Curl (Dumbbell),Rest Timer,,,,90.0,
2023-01-21 18:00:00,Imported workout,3600,Incline Curl (Dumbbell),2,14.0,4.0,,,
2023-01-21 18:00:00,Imported workout,3600,Incline Curl (Dumbbell),Rest Timer,,,,90.0,
2023-01-21 18:00:00,Imported workout,3600,Incline Curl (Dumbbell),3,10.0,8.0,,,
2023-01-21 18:00:00,Imported workout,3600,Incline Curl (Dumbbell),Rest Timer,,,,90.0,
2023-01-21 18:00:00,Imported workout,3600,Decline Crunch,2,,10.0,,,
2023-01-21 18:00:00,Imported workout,3600,Decline Crunch,Rest Timer,,,,90.0,
2023-01-21 18:00:00,Imported workout,3600,Decline Crunch,1,,8.0,,,
2023-01-21 18:00:00,Imported workout,3600,Decline Crunch,Rest Timer,,,,90.0,
2023-01-23 18:00:00,Imported workout,3600,Pull Up,4,,9.0,,,
2023-01-23 18:00:00,Imported workout,3600,Pull Up,Rest Timer,,,,90.0,
2023-01-23 18:00:00,Imported workout,3600,Pull Up,1,,8.0,,,
2023-01-23 18:00:00,Imported workout,3600,Pull Up,Rest Timer,,,,90.0,
2023-01-23 18:00:00,Imported workout,3600,Pull Up,2,,6.0,,,
2023-01-23 18:00:00,Imported workout,3600,Pull Up,Rest Timer,,,,90.0,
2023-01-23 18:00:00,Imported workout,3600,Pull Up,3,,5.0,,,
2023-01-23 18:00:00,Imported workout,3600,Pull Up,Rest Timer,,,,90.0,
2023-01-23 18:00:00,Imported workout,3600,Overhead Press (Barbell),1,20.0,8.0,,,
2023-01-23 18:00:00,Imported workout,3600,Overhead Press (Barbell),Rest Timer,,,,90.0,
2023-01-23 18:00:00,Imported workout,3600,Overhead Press (Barbell),2,35.0,8.0,,,
2023-01-23 18:00:00,Imported workout,3600,Overhead Press (Barbell),Rest Timer,,,,90.0,
2023-01-23 18:00:00,Imported workout,3600,Overhead Press (Barbell),4,35.0,7.0,,,
2023-01-23 18:00:00,Imported workout,3600,Overhead Press (Barbell),Rest Timer,,,,90.0,
2023-01-23 18:00:00,Imported workout,3600,Overhead Press (Barbell),3,35.0,5.0,,,
2023-01-23 18:00:00,Imported workout,3600,Overhead Press (Barbell),Rest Timer,,,,90.0,
2023-01-23 18:00:00,Imported workout,3600,Overhead Press (Barbell),5,32.5,5.0,,,
2023-01-23 18:00:00,Imported workout,3600,Overhead Press (Barbell),Rest Timer,,,,90.0,
2023-01-23 18:00:00,Imported workout,3600,Pull Up,5,,6.0,,,
2023-01-23 18:00:00,Imported workout,3600,Pull Up,Rest Timer,,,,90.0,
2023-01-23 18:00:00,Imported workout,3600,Lying Leg Curl (Machine),3,45.0,10.0,,,
2023-01-23 18:00:00,Imported workout,3600,Lying Leg Curl (Machine),Rest Timer,,,,90.0,
2023-01-23 18:00:00,Imported workout,3600,Lying Leg Curl (Machine),2,54.0,8.0,,,
2023-01-23 18:00:00,Imported workout,3600,Lying Leg Curl (Machine),Rest Timer,,,,90.0,
2023-01-23 18:00:00,Imported workout,3600,Lying Leg Curl (Machine),1,54.0,8.0,,,
2023-01-23 18:00:00,Imported workout,3600,Lying Leg Curl (Machine),Rest Timer,,,,90.0,
2023-01-23 18:00:00,Imported workout,3600,Leg Press,3,150.0,12.0,,,
2023-01-23 18:00:00,Imported workout,3600,Leg Press,Rest Timer,,,,90.0,
2023-01-23 18:00:00,Imported workout,3600,Leg Press,2,150.0,12.0,,,
2023-01-23 18:00:00,Imported workout,3600,Leg Press,Rest Timer,,,,90.0,
2023-01-23 18:00:00,Imported workout,3600,Leg Press,1,150.0,12.0,,,
2023-01-23 18:00:00,Imported workout,3600,Leg Press,Rest Timer,,,,90.0,
2023-01-23 18:00:00,Imported workout,3600,Incline Curl (Dumbbell),1,10.0,8.0,,,
2023-01-23 18:00:00,Imported workout,3600,Incline Curl (Dumbbell),Rest Timer,,,,90.0,
2023-01-23 18:00:00,Imported workout,3600,Incline Curl (Dumbbell),2,10.0,8.0,,,
2023-01-23 18:00:00,Imported workout,3600,Incline Curl (Dumbbell),Rest Timer,,,,90.0,
2023-01-23 18:00:00,Imported workout,3600,Incline Curl (Dumbbell),3,10.0,8.0,,,
2023-01-23 18:00:00,Imported workout,3600,Incline Curl (Dumbbell),Rest Timer,,,,90.0,
2023-01-23 18:00:00,Imported workout,3600,Skullcrusher (Dumbbell),1,10.0,10.0,,,
2023-01-23 18:00:00,Imported workout,3600,Skullcrusher (Dumbbell),Rest Timer,,,,90.0,
2023-01-23 18:00:00,Imported workout,3600,Skullcrusher (Dumbbell),2,10.0,8.0,,,
2023-01-23 18:00:00,Imported workout,3600,Skullcrusher (Dumbbell),Rest Timer,,,,90.0,
2023-01-23 18:00:00,Imported workout,3600,Skullcrusher (Dumbbell),3,10.0,8.0,,,
2023-01-23 18:00:00,Imported workout,3600,Skullcrusher (Dumbbell),Rest Timer,,,,90.0,
2023-01-23 18:00:00,Imported workout,3600,Lateral Raise (Dumbbell),2,8.0,10.0,,,
2023-01-23 18:00:00,Imported workout,3600,Lateral Raise (Dumbbell),Rest Timer,,,,90.0,
2023-01-23 18:00:00,Imported workout,3600,Lateral Raise (Dumbbell),1,8.0,10.0,,,
2023-01-23 18:00:00,Imported workout,3600,Lateral Raise (Dumbbell),Rest Timer,,,,90.0,
2023-01-23 18:00:00,Imported workout,3600,Lateral Raise (Dumbbell),3,8.0,10.0,,,
2023-01-23 18:00:00,Imported workout,3600,Lateral Raise (Dumbbell),Rest Timer,,,,90.0,
2023-01-23 18:00:00,Imported workout,3600,Decline Crunch,1,,10.0,,,
2023-01-23 18:00:00,Imported workout,3600,Decline Crunch,Rest Timer,,,,90.0,
2023-01-23 18:00:00,Imported workout,3600,Decline Crunch,3,,10.0,,,
2023-01-23 18:00:00,Imported workout,3600,Decline Crunch,Rest Timer,,,,90.0,
2023-01-23 18:00:00,Imported workout,3600,Decline Crunch,2,,10.0,,,
2023-01-23 18:00:00,Imported workout,3600,Decline Crunch,Rest Timer,,,,90.0,
2023-01-24 18:00:00,Imported workout,3600,Bench Press (Barbell),7,20.0,8.0,,,
2023-01-24 18:00:00,Imported workout,3600,Bench Press (Barbell),Rest Timer,,,,90.0,
2023-01-24 18:00:00,Imported workout,3600,Bench Press (Barbell),6,50.0,8.0,,,
2023-01-24 18:00:00,Imported workout,3600,Bench Press (Barbell),Rest Timer,,,,90.0,
2023-01-24 18:00:00,Imported workout,3600,Bench Press (Barbell),5,70.0,4.0,,,
2023-01-24 18:00:00,Imported workout,3600,Bench Press (Barbell),Rest Timer,,,,90.0,
2023-01-24 18:00:00,Imported workout,3600,Bench Press (Barbell),4,70.0,3.0,,,
2023-01-24 18:00:00,Imported workout,3600,Bench Press (Barbell),Rest Timer,,,,90.0,
2023-01-24 18:00:00,Imported workout,3600,Bench Press (Barbell),3,65.0,6.0,,,
2023-01-24 18:00:00,Imported workout,3600,Bench Press (Barbell),Rest Timer,,,,90.0,
2023-01-24 18:00:00,Imported workout,3600,Bench Press (Barbell),2,65.0,6.0,,,
2023-01-24 18:00:00,Imported workout,3600,Bench Press (Barbell),Rest Timer,,,,90.0,
2023-01-24 18:00:00,Imported workout,3600,Bench Press (Barbell),1,65.0,5.0,,,
2023-01-24 18:00:00,Imported workout,3600,Bench Press (Barbell),Rest Timer,,,,90.0,
2023-01-24 18:00:00,Imported workout,3600,Bulgarian Split Squat,4,16.0,8.0,,,
2023-01-24 18:00:00,Imported workout,3600,Bulgarian Split Squat,Rest Timer,,,,90.0,
2023-01-24 18:00:00,Imported workout,3600,Bulgarian Split Squat,3,24.0,8.0,,,
2023-01-24 18:00:00,Imported workout,3600,Bulgarian Split Squat,Rest Timer,,,,90.0,
2023-01-24 18:00:00,Imported workout,3600,Bulgarian Split Squat,2,16.0,8.0,,,
2023-01-24 18:00:00,Imported workout,3600,Bulgarian Split Squat,Rest Timer,,,,90.0,
2023-01-24 18:00:00,Imported workout,3600,Bulgarian Split Squat,1,16.0,10.0,,,
2023-01-24 18:00:00,Imported workout,3600,Bulgarian Split Squat,Rest Timer,,,,90.0,
2023-01-24 18:00:00,Imported workout,3600,Bulgarian Split Squat,5,16.0,8.0,,,
2023-01-24 18:00:00,Imported workout,3600,Bulgarian Split Squat,Rest Timer,,,,90.0,
2023-01-24 18:00:00,Imported workout,3600,Decline Crunch,1,,10.0,,,
2023-01-24 18:00:00,Imported workout,3600,Decline Crunch,Rest Timer,,,,90.0,
2023-01-24 18:00:00,Imported workout,3600,Decline Crunch,3,,10.0,,,
2023-01-24 18:00:00,Imported workout,3600,Decline Crunch,Rest Timer,,,,90.0,
2023-01-24 18:00:00,Imported workout,3600,Decline Crunch,2,,10.0,,,
2023-01-24 18:00:00,Imported workout,3600,Decline Crunch,Rest Timer,,,,90.0,
2023-01-24 18:00:00,Imported workout,3600,Lat Pulldown (Cable),4,45.0,10.0,,,
2023-01-24 18:00:00,Imported workout,3600,Lat Pulldown (Cable),Rest Timer,,,,90.0,
2023-01-24 18:00:00,Imported workout,3600,Lat Pulldown (Cable),3,52.0,6.0,,,
2023-01-24 18:00:00,Imported workout,3600,Lat Pulldown (Cable),Rest Timer,,,,90.0,
2023-01-24 18:00:00,Imported workout,3600,Lat Pulldown (Cable),2,45.0,8.0,,,
2023-01-24 18:00:00,Imported workout,3600,Lat Pulldown (Cable),Rest Timer,,,,90.0,
2023-01-24 18:00:00,Imported workout,3600,Lat Pulldown (Cable),1,45.0,8.0,,,
2023-01-24 18:00:00,Imported workout,3600,Lat Pulldown (Cable),Rest Timer,,,,90.0,
2023-01-24 18:00:00,Imported workout,3600,Bicep Curl (Cable),1,14.0,12.0,,,
2023-01-24 18:00:00,Imported workout,3600,Bicep Curl (Cable),Rest Timer,,,,90.0,
2023-01-24 18:00:00,Imported workout,3600,Bicep Curl (Cable),2,23.0,8.0,,,
2023-01-24 18:00:00,Imported workout,3600,Bicep Curl (Cable),Rest Timer,,,,90.0,
2023-01-24 18:00:00,Imported workout,3600,Triceps Pushdown (Cable - Straight Bar),2,14.0,12.0,,,
2023-01-24 18:00:00,Imported workout,3600,Triceps Pushdown (Cable - Straight Bar),Rest Timer,,,,90.0,
2023-01-24 18:00:00,Imported workout,3600,Triceps Pushdown (Cable - Straight Bar),1,14.0,12.0,,,
2023-01-24 18:00:00,Imported workout,3600,Triceps Pushdown (Cable - Straight Bar),Rest Timer,,,,90.0,
2023-01-26 18:00:00,Imported workout,3600,Pull Up,1,,8.0,,,
2023-01-26 18:00:00,Imported workout,3600,Pull Up,Rest Timer,,,,90.0,
2023-01-26 18:00:00,Imported workout,3600,Pull Up,2,,8.0,,,
2023-01-26 18:00:00,Imported workout,3600,Pull Up,Rest Timer,,,,90.0,
2023-01-26 18:00:00,Imported workout,3600,Pull Up,3,,6.0,,,
2023-01-26 18:00:00,Imported workout,3600,Pull Up,Rest Timer,,,,90.0,
2023-01-26 18:00:00,Imported workout,3600,Pull Up,5,,8.0,,,
2023-01-26 18:00:00,Imported workout,3600,Pull Up,Rest Timer,,,,90.0,
2023-01-26 18:00:00,Imported workout,3600,Pull Up,4,,7.0,,,
2023-01-26 18:00:00,Imported workout,3600,Pull Up,Rest Timer,,,,90.0,
2023-01-26 18:00:00,Imported workout,3600,Seated Overhead Press (Dumbbell),2,18.0,8.0,,,
2023-01-26 18:00:00,Imported workout,3600,Seated Overhead Press (Dumbbell),Rest Timer,,,,90.0,
2023-01-26 18:00:00,Imported workout,3600,Seated Overhead Press (Dumbbell),5,22.0,8.0,,,
2023-01-26 18:00:00,Imported workout,3600,Seated Overhead Press (Dumbbell),Rest Timer,,,,90.0,
2023-01-26 18:00:00,Imported workout,3600,Seated Overhead Press (Dumbbell),3,22.0,7.0,,,
2023-01-26 18:00:00,Imported workout,3600,Seated Overhead Press (Dumbbell),Rest Timer,,,,90.0,
2023-01-26 18:00:00,Imported workout,3600,Seated Overhead Press (Dumbbell),1,20.0,7.0,,,
2023-01-26 18:00:00,Imported workout,3600,Seated Overhead Press (Dumbbell),Rest Timer,,,,90.0,
2023-01-26 18:00:00,Imported workout,3600,Seated Overhead Press (Dumbbell),4,18.0,9.0,,,
2023-01-26 18:00:00,Imported workout,3600,Seated Overhead Press (Dumbbell),Rest Timer,,,,90.0,
2023-01-26 18:00:00,Imported workout,3600,Leg Press,4,150.0,12.0,,,
2023-01-26 18:00:00,Imported workout,3600,Leg Press,Rest Timer,,,,90.0,
2023-01-26 18:00:00,Imported workout,3600,Leg Press,2,175.0,12.0,,,
2023-01-26 18:00:00,Imported workout,3600,Leg Press,Rest Timer,,,,90.0,
2023-01-26 18:00:00,Imported workout,3600,Leg Press,3,175.0,12.0,,,
2023-01-26 18:00:00,Imported workout,3600,Leg Press,Rest Timer,,,,90.0,
2023-01-26 18:00:00,Imported workout,3600,Leg Press,1,175.0,12.0,,,
2023-01-26 18:00:00,Imported workout,3600,Leg Press,Rest Timer,,,,90.0,
2023-01-26 18:00:00,Imported workout,3600,Standing Calf Raise (Machine),3,30.0,12.0,,,
2023-01-26 18:00:00,Imported workout,3600,Standing Calf Raise (Machine),Rest Timer,,,,90.0,
2023-01-26 18:00:00,Imported workout,3600,Lateral Raise (Dumbbell),1,8.0,10.0,,,
2023-01-26 18:00:00,Imported workout,3600,Lateral Raise (Dumbbell),Rest Timer,,,,90.0,
2023-01-26 18:00:00,Imported workout,3600,Lateral Raise (Dumbbell),2,8.0,10.0,,,
2023-01-26 18:00:00,Imported workout,3600,Lateral Raise (Dumbbell),Rest Timer,,,,90.0,
2023-01-26 18:00:00,Imported workout,3600,Standing Calf Raise (Machine),1,30.0,12.0,,,
2023-01-26 18:00:00,Imported workout,3600,Standing Calf Raise (Machine),Rest Timer,,,,90.0,
2023-01-26 18:00:00,Imported workout,3600,Standing Calf Raise (Machine),2,30.0,12.0,,,
2023-01-26 18:00:00,Imported workout,3600,Standing Calf Raise (Machine),Rest Timer,,,,90.0,
2023-01-26 18:00:00,Imported workout,3600,Lateral Raise (Dumbbell),3,8.0,10.0,,,
2023-01-26 18:00:00,Imported workout,3600,Lateral Raise (Dumbbell),Rest Timer,,,,90.0,
2023-01-26 18:00:00,Imported workout,3600,Chest Dip,3,0.0,8.0,,,
2023-01-26 18:00:00,Imported workout,3600,Chest Dip,Rest Timer,,,,90.0,
2023-01-26 18:00:00,Imported workout,3600,Chest Dip,1,0.0,8.0,,,
2023-01-26 18:00:00,Imported workout,3600,Chest Dip,Rest Timer,,,,90.0,
2023-01-26 18:00:00,Imported workout,3600,Chest Dip,2,0.0,8.0,,,
2023-01-26 18:00:00,Imported workout,3600,Chest Dip,Rest Timer,,,,90.0,
2023-01-26 18:00:00,Imported workout,3600,Bicep Curl (Barbell),2,20.0,10.0,,,
2023-01-26 18:00:00,Imported workout,3600,Bicep Curl (Barbell),Rest Timer,,,,90.0,
2023-01-26 18:00:00,Imported workout,3600,Bicep Curl (Barbell),3,20.0,8.0,,,
2023-01-26 18:00:00,Imported workout,3600,Bicep Curl (Barbell),Rest Timer,,,,90.0,
2023-01-26 18:00:00,Imported workout,3600,Bicep Curl (Barbell),1,20.0,8.0,,,
2023-01-26 18:00:00,Imported workout,3600,Bicep Curl (Barbell),Rest Timer,,,,90.0,
2023-01-28 18:00:00,Imported workout,3600,Bench Press (Smith Machine),1,30.0,12.0,,,
2023-01-28 18:00:00,Imported workout,3600,Bench Press (Smith Machine),Rest Timer,,,,90.0,
2023-01-28 18:00:00,Imported workout,3600,Bench Press (Smith Machine),5,60.0,12.0,,,
2023-01-28 18:00:00,Imported workout,3600,Bench Press (Smith Machine),Rest Timer,,,,90.0,
2023-01-28 18:00:00,Imported workout,3600,Bench Press (Smith Machine),2,65.0,7.0,,,
2023-01-28 18:00:00,Imported workout,3600,Bench Press (Smith Machine),Rest Timer,,,,90.0,
2023-01-28 18:00:00,Imported workout,3600,Bench Press (Smith Machine),3,65.0,8.0,,,
2023-01-28 18:00:00,Imported workout,3600,Bench Press (Smith Machine),Rest Timer,,,,90.0,
2023-01-28 18:00:00,Imported workout,3600,Bench Press (Smith Machine),4,65.0,8.0,,,
2023-01-28 18:00:00,Imported workout,3600,Bench Press (Smith Machine),Rest Timer,,,,90.0,
2023-01-28 18:00:00,Imported workout,3600,Bench Press (Dumbbell),1,18.0,8.0,,,
2023-01-28 18:00:00,Imported workout,3600,Bench Press (Dumbbell),Rest Timer,,,,90.0,
2023-01-28 18:00:00,Imported workout,3600,Bench Press (Dumbbell),2,18.0,10.0,,,
2023-01-28 18:00:00,Imported workout,3600,Bench Press (Dumbbell),Rest Timer,,,,90.0,
2023-01-28 18:00:00,Imported workout,3600,Bench Press (Dumbbell),3,18.0,8.0,,,
2023-01-28 18:00:00,Imported workout,3600,Bench Press (Dumbbell),Rest Timer,,,,90.0,
2023-01-28 18:00:00,Imported workout,3600,Bulgarian Split Squat,1,20.0,8.0,,,
2023-01-28 18:00:00,Imported workout,3600,Bulgarian Split Squat,Rest Timer,,,,90.0,
2023-01-28 18:00:00,Imported workout,3600,Bulgarian Split Squat,2,20.0,8.0,,,
2023-01-28 18:00:00,Imported workout,3600,Bulgarian Split Squat,Rest Timer,,,,90.0,
2023-01-28 18:00:00,Imported workout,3600,Bulgarian Split Squat,3,20.0,8.0,,,
2023-01-28 18:00:00,Imported workout,3600,Bulgarian Split Squat,Rest Timer,,,,90.0,
2023-01-28 18:00:00,Imported workout,3600,Pec Deck (Machine),2,45.0,12.0,,,
2023-01-28 18:00:00,Imported workout,3600,Pec Deck (Machine),Rest Timer,,,,90.0,
2023-01-28 18:00:00,Imported workout,3600,Pec Deck (Machine),3,45.0,12.0,,,
2023-01-28 18:00:00,Imported workout,3600,Pec Deck (Machine),Rest Timer,,,,90.0,
2023-01-28 18:00:00,Imported workout,3600,Pec Deck (Machine),1,45.0,12.0,,,
2023-01-28 18:00:00,Imported workout,3600,Pec Deck (Machine),Rest Timer,,,,90.0,
2023-01-28 18:00:00,Imported workout,3600,Seated Row (Cable),5,45.0,8.0,,,
2023-01-28 18:00:00,Imported workout,3600,Seated Row (Cable),Rest Timer,,,,90.0,
2023-01-28 18:00:00,Imported workout,3600,Seated Row (Cable),2,45.0,8.0,,,
2023-01-28 18:00:00,Imported workout,3600,Seated Row (Cable),Rest Timer,,,,90.0,
2023-01-28 18:00:00,Imported workout,3600,Seated Row (Cable),3,45.0,8.0,,,
2023-01-28 18:00:00,Imported workout,3600,Seated Row (Cable),Rest Timer,,,,90.0,
2023-01-28 18:00:00,Imported workout,3600,Seated Row (Cable),4,45.0,8.0,,,
2023-01-28 18:00:00,Imported workout,3600,Seated Row (Cable),Rest Timer,,,,90.0,
2023-01-28 18:00:00,Imported workout,3600,Seated Row (Cable),1,45.0,8.0,,,
2023-01-28 18:00:00,Imported workout,3600,Seated Row (Cable),Rest Timer,,,,90.0,
2023-01-28 18:00:00,Imported workout,3600,Bicep Curl (Dumbbell),1,14.0,8.0,,,
2023-01-28 18:00:00,Imported workout,3600,Bicep Curl (Dumbbell),Rest Timer,,,,90.0,
2023-01-28 18:00:00,Imported workout,3600,Bicep Curl (Dumbbell),3,14.0,8.0,,,
2023-01-28 18:00:00,Imported workout,3600,Bicep Curl (Dumbbell),Rest Timer,,,,90.0,
2023-01-28 18:00:00,Imported workout,3600,Bicep Curl (Dumbbell),2,14.0,8.0,,,
2023-01-28 18:00:00,Imported workout,3600,Bicep Curl (Dumbbell),Rest Timer,,,,90.0,
2023-01-28 18:00:00,Imported workout,3600,Triceps Pushdown (Cable - Straight Bar),1,18.0,12.0,,,
2023-01-28 18:00:00,Imported workout,3600,Triceps Pushdown (Cable - Straight Bar),Rest Timer,,,,90.0,
2023-01-28 18:00:00,Imported workout,3600,Triceps Pushdown (Cable - Straight Bar),2,18.0,10.0,,,
2023-01-28 18:00:00,Imported workout,3600,Triceps Pushdown (Cable - Straight Bar),Rest Timer,,,,90.0,
2023-01-28 18:00:00,Imported workout,3600,Triceps Pushdown (Cable - Straight Bar),3,18.0,7.0,,,
2023-01-28 18:00:00,Imported workout,3600,Triceps Pushdown (Cable - Straight Bar),Rest Timer,,,,90.0,
2023-01-28 18:00:00,Imported workout,3600,Decline Crunch,2,,8.0,,,
2023-01-28 18:00:00,Imported workout,3600,Decline Crunch,Rest Timer,,,,90.0,
2023-01-28 18:00:00,Imported workout,3600,Decline Crunch,1,,8.0,,,
2023-01-28 18:00:00,Imported workout,3600,Decline Crunch,Rest Timer,,,,90.0,
2023-01-31 18:00:00,Imported workout,3600,Bench Press (Barbell),5,20.0,8.0,,,
2023-01-31 18:00:00,Imported workout,3600,Bench Press (Barbell),Rest Timer,,,,90.0,
2023-01-31 18:00:00,Imported workout,3600,Bench Press (Barbell),4,60.0,5.0,,,
2023-01-31 18:00:00,Imported workout,3600,Bench Press (Barbell),Rest Timer,,,,90.0,
2023-01-31 18:00:00,Imported workout,3600,Bench Press (Barbell),3,60.0,8.0,,,
2023-01-31 18:00:00,Imported workout,3600,Bench Press (Barbell),Rest Timer,,,,90.0,
2023-01-31 18:00:00,Imported workout,3600,Bench Press (Barbell),2,60.0,7.0,,,
2023-01-31 18:00:00,Imported workout,3600,Bench Press (Barbell),Rest Timer,,,,90.0,
2023-01-31 18:00:00,Imported workout,3600,Bench Press (Barbell),1,60.0,8.0,,,
2023-01-31 18:00:00,Imported workout,3600,Bench Press (Barbell),Rest Timer,,,,90.0,
2023-01-31 18:00:00,Imported workout,3600,Incline Bench Press (Dumbbell),3,18.0,8.0,,,
2023-01-31 18:00:00,Imported workout,3600,Incline Bench Press (Dumbbell),Rest Timer,,,,90.0,
2023-01-31 18:00:00,Imported workout,3600,Incline Bench Press (Dumbbell),1,20.0,8.0,,,
2023-01-31 18:00:00,Imported workout,3600,Incline Bench Press (Dumbbell),Rest Timer,,,,90.0,
2023-01-31 18:00:00,Imported workout,3600,Incline Bench Press (Dumbbell),2,22.0,8.0,,,
2023-01-31 18:00:00,Imported workout,3600,Incline Bench Press (Dumbbell),Rest Timer,,,,90.0,
2023-01-31 18:00:00,Imported workout,3600,Seated Row (Cable),3,39.0,12.0,,,
2023-01-31 18:00:00,Imported workout,3600,Seated Row (Cable),Rest Timer,,,,90.0,
2023-01-31 18:00:00,Imported workout,3600,Seated Row (Cable),2,45.0,12.0,,,
2023-01-31 18:00:00,Imported workout,3600,Seated Row (Cable),Rest Timer,,,,90.0,
2023-01-31 18:00:00,Imported workout,3600,Seated Row (Cable),1,45.0,12.0,,,
2023-01-31 18:00:00,Imported workout,3600,Seated Row (Cable),Rest Timer,,,,90.0,
2023-01-31 18:00:00,Imported workout,3600,Cable Crossover,4,14.0,5.0,,,
2023-01-31 18:00:00,Imported workout,3600,Cable Crossover,Rest Timer,,,,90.0,
2023-01-31 18:00:00,Imported workout,3600,Cable Crossover,3,9.0,8.0,,,
2023-01-31 18:00:00,Imported workout,3600,Cable Crossover,Rest Timer,,,,90.0,
2023-01-31 18:00:00,Imported workout,3600,Cable Crossover,1,9.0,8.0,,,
2023-01-31 18:00:00,Imported workout,3600,Cable Crossover,Rest Timer,,,,90.0,
2023-01-31 18:00:00,Imported workout,3600,Cable Crossover,2,9.0,8.0,,,
2023-01-31 18:00:00,Imported workout,3600,Cable Crossover,Rest Timer,,,,90.0,
2023-01-31 18:00:00,Imported workout,3600,Bicep Curl (Cable),3,18.0,12.0,,,
2023-01-31 18:00:00,Imported workout,3600,Bicep Curl (Cable),Rest Timer,,,,90.0,
2023-01-31 18:00:00,Imported workout,3600,Bicep Curl (Cable),2,23.0,12.0,,,
2023-01-31 18:00:00,Imported workout,3600,Bicep Curl (Cable),Rest Timer,,,,90.0,
2023-01-31 18:00:00,Imported workout,3600,Bicep Curl (Cable),1,23.0,10.0,,,
2023-01-31 18:00:00,Imported workout,3600,Bicep Curl (Cable),Rest Timer,,,,90.0,
2023-01-31 18:00:00,Imported workout,3600,Triceps Pushdown (Cable - Straight Bar),3,18.0,12.0,,,
2023-01-31 18:00:00,Imported workout,3600,Triceps Pushdown (Cable - Straight Bar),Rest Timer,,,,90.0,
2023-01-31 18:00:00,Imported workout,3600,Triceps Pushdown (Cable - Straight Bar),2,18.0,10.0,,,
2023-01-31 18:00:00,Imported workout,3600,Triceps Pushdown (Cable - Straight Bar),Rest Timer,,,,90.0,
2023-01-31 18:00:00,Imported workout,3600,Triceps Pushdown (Cable - Straight Bar),1,14.0,12.0,,,
2023-01-31 18:00:00,Imported workout,3600,Triceps Pushdown (Cable - Straight Bar),Rest Timer,,,,90.0,
2023-01-31 18:00:00,Imported workout,3600,Leg Press,1,155.0,12.0,,,
2023-01-31 18:00:00,Imported workout,3600,Leg Press,Rest Timer,,,,90.0,
2023-01-31 18:00:00,Imported workout,3600,Leg Press,2,155.0,12.0,,,
2023-01-31 18:00:00,Imported workout,3600,Leg Press,Rest Timer,,,,90.0,
2023-02-03 18:00:00,Imported workout,3600,Bench Press (Barbell),3,20.0,8.0,,,
2023-02-03 18:00:00,Imported workout,3600,Bench Press (Barbell),Rest Timer,,,,90.0,
2023-02-03 18:00:00,Imported workout,3600,Bench Press (Barbell),2,50.0,8.0,,,
2023-02-03 18:00:00,Imported workout,3600,Bench Press (Barbell),Rest Timer,,,,90.0,
2023-02-03 18:00:00,Imported workout,3600,Bench Press (Barbell),1,70.0,5.0,,,
2023-02-03 18:00:00,Imported workout,3600,Bench Press (Barbell),Rest Timer,,,,90.0,
2023-02-03 18:00:00,Imported workout,3600,Bench Press (Barbell),4,70.0,4.0,,,
2023-02-03 18:00:00,Imported workout,3600,Bench Press (Barbell),Rest Timer,,,,90.0,
2023-02-03 18:00:00,Imported workout,3600,Seated Overhead Press (Dumbbell),3,17.5,10.0,,,
2023-02-03 18:00:00,Imported workout,3600,Seated Overhead Press (Dumbbell),Rest Timer,,,,90.0,
2023-02-03 18:00:00,Imported workout,3600,Seated Overhead Press (Dumbbell),1,22.5,5.0,,,
2023-02-03 18:00:00,Imported workout,3600,Seated Overhead Press (Dumbbell),Rest Timer,,,,90.0,
2023-02-03 18:00:00,Imported workout,3600,Seated Overhead Press (Dumbbell),2,20.0,6.0,,,
2023-02-03 18:00:00,Imported workout,3600,Seated Overhead Press (Dumbbell),Rest Timer,,,,90.0,
2023-02-03 18:00:00,Imported workout,3600,Seated Overhead Press (Dumbbell),4,20.0,7.0,,,
2023-02-03 18:00:00,Imported workout,3600,Seated Overhead Press (Dumbbell),Rest Timer,,,,90.0,
2023-02-15 18:00:00,Imported workout,3600,Pull Up,1,,10.0,,,
2023-02-15 18:00:00,Imported workout,3600,Pull Up,Rest Timer,,,,90.0,
2023-02-15 18:00:00,Imported workout,3600,Pull Up,2,,6.0,,,
2023-02-15 18:00:00,Imported workout,3600,Pull Up,Rest Timer,,,,90.0,
2023-02-15 18:00:00,Imported workout,3600,Pull Up,5,,7.0,,,
2023-02-15 18:00:00,Imported workout,3600,Pull Up,Rest Timer,,,,90.0,
2023-02-15 18:00:00,Imported workout,3600,Pull Up,3,,6.0,,,
2023-02-15 18:00:00,Imported workout,3600,Pull Up,Rest Timer,,,,90.0,
2023-02-15 18:00:00,Imported workout,3600,Pull Up,4,,5.0,,,
2023-02-15 18:00:00,Imported workout,3600,Pull Up,Rest Timer,,,,90.0,
2023-02-15 18:00:00,Imported workout,3600,Standing Calf Raise (Machine),1,50.0,12.0,,,
2023-02-15 18:00:00,Imported workout,3600,Standing Calf Raise (Machine),Rest Timer,,,,90.0,
2023-02-15 18:00:00,Imported workout,3600,Standing Calf Raise (Machine),2,50.0,12.0,,,
2023-02-15 18:00:00,Imported workout,3600,Standing Calf Raise (Machine),Rest Timer,,,,90.0,
2023-02-15 18:00:00,Imported workout,3600,Standing Calf Raise (Machine),3,50.0,12.0,,,
2023-02-15 18:00:00,Imported workout,3600,Standing Calf Raise (Machine),Rest Timer,,,,90.0,
2023-02-15 18:00:00,Imported workout,3600,Standing Calf Raise (Machine),4,50.0,12.0,,,
2023-02-15 18:00:00,Imported workout,3600,Standing Calf Raise (Machine),Rest Timer,,,,90.0,
2023-02-15 18:00:00,Imported workout,3600,Overhead Press (Barbell),3,20.0,12.0,,,
2023-02-15 18:00:00,Imported workout,3600,Overhead Press (Barbell),Rest Timer,,,,90.0,
2023-02-15 18:00:00,Imported workout,3600,Overhead Press (Barbell),4,30.0,8.0,,,
2023-02-15 18:00:00,Imported workout,3600,Overhead Press (Barbell),Rest Timer,,,,90.0,
2023-02-15 18:00:00,Imported workout,3600,Overhead Press (Barbell),2,30.0,8.0,,,
2023-02-15 18:00:00,Imported workout,3600,Overhead Press (Barbell),Rest Timer,,,,90.0,
2023-02-15 18:00:00,Imported workout,3600,Overhead Press (Barbell),1,30.0,8.0,,,
2023-02-15 18:00:00,Imported workout,3600,Overhead Press (Barbell),Rest Timer,,,,90.0,
2023-02-15 18:00:00,Imported workout,3600,Preacher Curl (Machine),4,41.0,12.0,,,
2023-02-15 18:00:00,Imported workout,3600,Preacher Curl (Machine),Rest Timer,,,,90.0,
2023-02-15 18:00:00,Imported workout,3600,Preacher Curl (Machine),3,36.0,8.0,,,
2023-02-15 18:00:00,Imported workout,3600,Preacher Curl (Machine),Rest Timer,,,,90.0,
2023-02-15 18:00:00,Imported workout,3600,Preacher Curl (Machine),2,36.0,6.0,,,
2023-02-15 18:00:00,Imported workout,3600,Preacher Curl (Machine),Rest Timer,,,,90.0,
2023-02-15 18:00:00,Imported workout,3600,Preacher Curl (Machine),1,32.0,6.0,,,
2023-02-15 18:00:00,Imported workout,3600,Preacher Curl (Machine),Rest Timer,,,,90.0,
2023-02-15 18:00:00,Imported workout,3600,Triceps Pushdown (Cable - Straight Bar),4,14.0,12.0,,,
2023-02-15 18:00:00,Imported workout,3600,Triceps Pushdown (Cable - Straight Bar),Rest Timer,,,,90.0,
2023-02-15 18:00:00,Imported workout,3600,Triceps Pushdown (Cable - Straight Bar),3,14.0,12.0,,,
2023-02-15 18:00:00,Imported workout,3600,Triceps Pushdown (Cable - Straight Bar),Rest Timer,,,,90.0,
2023-02-15 18:00:00,Imported workout,3600,Triceps Pushdown (Cable - Straight Bar),2,14.0,12.0,,,
2023-02-15 18:00:00,Imported workout,3600,Triceps Pushdown (Cable - Straight Bar),Rest Timer,,,,90.0,
2023-02-15 18:00:00,Imported workout,3600,Triceps Pushdown (Cable - Straight Bar),1,14.0,12.0,,,
2023-02-15 18:00:00,Imported workout,3600,Triceps Pushdown (Cable - Straight Bar),Rest Timer,,,,90.0,
2023-02-15 18:00:00,Imported workout,3600,Decline Crunch,2,,10.0,,,
2023-02-15 18:00:00,Imported workout,3600,Decline Crunch,Rest Timer,,,,90.0,
2023-02-15 18:00:00,Imported workout,3600,Decline Crunch,1,,10.0,,,
2023-02-15 18:00:00,Imported workout,3600,Decline Crunch,Rest Timer,,,,90.0,
2023-02-17 18:00:00,Imported workout,3600,Pec Deck (Machine),4,39.0,12.0,,,
2023-02-17 18:00:00,Imported workout,3600,Pec Deck (Machine),Rest Timer,,,,90.0,
2023-02-17 18:00:00,Imported workout,3600,Pec Deck (Machine),1,52.0,12.0,,,
2023-02-17 18:00:00,Imported workout,3600,Pec Deck (Machine),Rest Timer,,,,90.0,
2023-02-17 18:00:00,Imported workout,3600,Pec Deck (Machine),2,52.0,12.0,,,
2023-02-17 18:00:00,Imported workout,3600,Pec Deck (Machine),Rest Timer,,,,90.0,
2023-02-17 18:00:00,Imported workout,3600,Pec Deck (Machine),3,52.0,12.0,,,
2023-02-17 18:00:00,Imported workout,3600,Pec Deck (Machine),Rest Timer,,,,90.0,
2023-02-17 18:00:00,Imported workout,3600,Leg Extension (Machine),1,45.0,12.0,,,
2023-02-17 18:00:00,Imported workout,3600,Leg Extension (Machine),Rest Timer,,,,90.0,
2023-02-17 18:00:00,Imported workout,3600,Leg Extension (Machine),2,66.0,12.0,,,
2023-02-17 18:00:00,Imported workout,3600,Leg Extension (Machine),Rest Timer,,,,90.0,
2023-02-17 18:00:00,Imported workout,3600,Leg Extension (Machine),3,66.0,12.0,,,
2023-02-17 18:00:00,Imported workout,3600,Leg Extension (Machine),Rest Timer,,,,90.0,
2023-02-17 18:00:00,Imported workout,3600,Leg Extension (Machine),4,66.0,8.0,,,
2023-02-17 18:00:00,Imported workout,3600,Leg Extension (Machine),Rest Timer,,,,90.0,
2023-02-17 18:00:00,Imported workout,3600,Bench Press (Barbell),2,20.0,12.0,,,
2023-02-17 18:00:00,Imported workout,3600,Bench Press (Barbell),Rest Timer,,,,90.0,
2023-02-17 18:00:00,Imported workout,3600,Bench Press (Barbell),1,50.0,8.0,,,
2023-02-17 18:00:00,Imported workout,3600,Bench Press (Barbell),Rest Timer,,,,90.0,
2023-02-17 18:00:00,Imported workout,3600,Bench Press (Barbell),3,60.0,8.0,,,
2023-02-17 18:00:00,Imported workout,3600,Bench Press (Barbell),Rest Timer,,,,90.0,
2023-02-17 18:00:00,Imported workout,3600,Bench Press (Barbell),4,65.0,5.0,,,
2023-02-17 18:00:00,Imported workout,3600,Bench Press (Barbell),Rest Timer,,,,90.0,
2023-02-17 18:00:00,Imported workout,3600,Chest Dip,1,0.0,10.0,,,
2023-02-17 18:00:00,Imported workout,3600,Chest Dip,Rest Timer,,,,90.0,
2023-02-17 18:00:00,Imported workout,3600,Chest Dip,2,0.0,6.0,,,
2023-02-17 18:00:00,Imported workout,3600,Chest Dip,Rest Timer,,,,90.0,
2023-02-17 18:00:00,Imported workout,3600,Chest Dip,3,0.0,5.0,,,
2023-02-17 18:00:00,Imported workout,3600,Chest Dip,Rest Timer,,,,90.0,
2023-02-17 18:00:00,Imported workout,3600,Bulgarian Split Squat,2,20.0,8.0,,,
2023-02-17 18:00:00,Imported workout,3600,Bulgarian Split Squat,Rest Timer,,,,90.0,
2023-02-17 18:00:00,Imported workout,3600,Bulgarian Split Squat,3,20.0,8.0,,,
2023-02-17 18:00:00,Imported workout,3600,Bulgarian Split Squat,Rest Timer,,,,90.0,
2023-02-17 18:00:00,Imported workout,3600,Bulgarian Split Squat,1,20.0,5.0,,,
2023-02-17 18:00:00,Imported workout,3600,Bulgarian Split Squat,Rest Timer,,,,90.0,
2023-02-17 18:00:00,Imported workout,3600,Seated Row (Cable),4,45.0,8.0,,,
2023-02-17 18:00:00,Imported workout,3600,Seated Row (Cable),Rest Timer,,,,90.0,
2023-02-17 18:00:00,Imported workout,3600,Seated Row (Cable),3,39.0,10.0,,,
2023-02-17 18:00:00,Imported workout,3600,Seated Row (Cable),Rest Timer,,,,90.0,
2023-02-17 18:00:00,Imported workout,3600,Seated Row (Cable),1,39.0,10.0,,,
2023-02-17 18:00:00,Imported workout,3600,Seated Row (Cable),Rest Timer,,,,90.0,
2023-02-17 18:00:00,Imported workout,3600,Seated Row (Cable),2,39.0,10.0,,,
2023-02-17 18:00:00,Imported workout,3600,Seated Row (Cable),Rest Timer,,,,90.0,
2023-02-17 18:00:00,Imported workout,3600,Preacher Curl (Barbell),2,20.0,8.0,,,
2023-02-17 18:00:00,Imported workout,3600,Preacher Curl (Barbell),Rest Timer,,,,90.0,
2023-02-17 18:00:00,Imported workout,3600,Preacher Curl (Barbell),1,20.0,5.0,,,
2023-02-17 18:00:00,Imported workout,3600,Preacher Curl (Barbell),Rest Timer,,,,90.0,
2023-02-17 18:00:00,Imported workout,3600,Preacher Curl (Barbell),3,20.0,12.0,,,
2023-02-17 18:00:00,Imported workout,3600,Preacher Curl (Barbell),Rest Timer,,,,90.0,
2023-02-17 18:00:00,Imported workout,3600,Decline Crunch,3,,10.0,,,
2023-02-17 18:00:00,Imported workout,3600,Decline Crunch,Rest Timer,,,,90.0,
2023-02-17 18:00:00,Imported workout,3600,Decline Crunch,1,,10.0,,,
2023-02-17 18:00:00,Imported workout,3600,Decline Crunch,Rest Timer,,,,90.0,
2023-02-17 18:00:00,Imported workout,3600,Decline Crunch,2,,10.0,,,
2023-02-17 18:00:00,Imported workout,3600,Decline Crunch,Rest Timer,,,,90.0,
2023-02-17 18:00:00,Imported workout,3600,Knee Raise (Captain's Chair),2,,10.0,,,
2023-02-17 18:00:00,Imported workout,3600,Knee Raise (Captain's Chair),Rest Timer,,,,90.0,
2023-02-17 18:00:00,Imported workout,3600,Knee Raise (Captain's Chair),1,,10.0,,,
2023-02-17 18:00:00,Imported workout,3600,Knee Raise (Captain's Chair),Rest Timer,,,,90.0,
2023-02-17 18:00:00,Imported workout,3600,Triceps Pushdown (Cable - Straight Bar),2,14.0,12.0,,,
2023-02-17 18:00:00,Imported workout,3600,Triceps Pushdown (Cable - Straight Bar),Rest Timer,,,,90.0,
2023-02-17 18:00:00,Imported workout,3600,Triceps Pushdown (Cable - Straight Bar),3,14.0,12.0,,,
2023-02-17 18:00:00,Imported workout,3600,Triceps Pushdown (Cable - Straight Bar),Rest Timer,,,,90.0,
2023-02-17 18:00:00,Imported workout,3600,Triceps Pushdown (Cable - Straight Bar),1,14.0,8.0,,,
2023-02-17 18:00:00,Imported workout,3600,Triceps Pushdown (Cable - Straight Bar),Rest Timer,,,,90.0,
2023-02-19 18:00:00,Imported workout,3600,Pull Up,4,,8.0,,,
2023-02-19 18:00:00,Imported workout,3600,Pull Up,Rest Timer,,,,90.0,
2023-02-19 18:00:00,Imported workout,3600,Pull Up,1,,8.0,,,
2023-02-19 18:00:00,Imported workout,3600,Pull Up,Rest Timer,,,,90.0,
2023-02-19 18:00:00,Imported workout,3600,Pull Up,2,,8.0,,,
2023-02-19 18:00:00,Imported workout,3600,Pull Up,Rest Timer,,,,90.0,
2023-02-19 18:00:00,Imported workout,3600,Pull Up,3,,8.0,,,
2023-02-19 18:00:00,Imported workout,3600,Pull Up,Rest Timer,,,,90.0,
2023-02-19 18:00:00,Imported workout,3600,Seated Overhead Press (Dumbbell),1,14.0,8.0,,,
2023-02-19 18:00:00,Imported workout,3600,Seated Overhead Press (Dumbbell),Rest Timer,,,,90.0,
2023-02-19 18:00:00,Imported workout,3600,Seated Overhead Press (Dumbbell),2,18.0,8.0,,,
2023-02-19 18:00:00,Imported workout,3600,Seated Overhead Press (Dumbbell),Rest Timer,,,,90.0,
2023-02-19 18:00:00,Imported workout,3600,Seated Overhead Press (Dumbbell),5,20.0,7.0,,,
2023-02-19 18:00:00,Imported workout,3600,Seated Overhead Press (Dumbbell),Rest Timer,,,,90.0,
2023-02-19 18:00:00,Imported workout,3600,Seated Overhead Press (Dumbbell),3,20.0,8.0,,,
2023-02-19 18:00:00,Imported workout,3600,Seated Overhead Press (Dumbbell),Rest Timer,,,,90.0,
2023-02-19 18:00:00,Imported workout,3600,Seated Overhead Press (Dumbbell),4,20.0,5.0,,,
2023-02-19 18:00:00,Imported workout,3600,Seated Overhead Press (Dumbbell),Rest Timer,,,,90.0,
2023-02-19 18:00:00,Imported workout,3600,Standing Calf Raise (Machine),2,40.0,12.0,,,
2023-02-19 18:00:00,Imported workout,3600,Standing Calf Raise (Machine),Rest Timer,,,,90.0,
2023-02-19 18:00:00,Imported workout,3600,Standing Calf Raise (Machine),3,40.0,12.0,,,
2023-02-19 18:00:00,Imported workout,3600,Standing Calf Raise (Machine),Rest Timer,,,,90.0,
2023-02-19 18:00:00,Imported workout,3600,Standing Calf Raise (Machine),4,40.0,12.0,,,
2023-02-19 18:00:00,Imported workout,3600,Standing Calf Raise (Machine),Rest Timer,,,,90.0,
2023-02-19 18:00:00,Imported workout,3600,Standing Calf Raise (Machine),1,40.0,12.0,,,
2023-02-19 18:00:00,Imported workout,3600,Standing Calf Raise (Machine),Rest Timer,,,,90.0,
2023-02-19 18:00:00,Imported workout,3600,Lateral Raise (Dumbbell),3,7.0,8.0,,,
2023-02-19 18:00:00,Imported workout,3600,Lateral Raise (Dumbbell),Rest Timer,,,,90.0,
2023-02-19 18:00:00,Imported workout,3600,Lateral Raise (Dumbbell),2,7.0,8.0,,,
2023-02-19 18:00:00,Imported workout,3600,Lateral Raise (Dumbbell),Rest Timer,,,,90.0,
2023-02-19 18:00:00,Imported workout,3600,Lateral Raise (Dumbbell),1,7.0,8.0,,,
2023-02-19 18:00:00,Imported workout,3600,Lateral Raise (Dumbbell),Rest Timer,,,,90.0,
2023-02-19 18:00:00,Imported workout,3600,Incline Curl (Dumbbell),1,12.0,10.0,,,
2023-02-19 18:00:00,Imported workout,3600,Incline Curl (Dumbbell),Rest Timer,,,,90.0,
2023-02-19 18:00:00,Imported workout,3600,Incline Curl (Dumbbell),2,12.0,8.0,,,
2023-02-19 18:00:00,Imported workout,3600,Incline Curl (Dumbbell),Rest Timer,,,,90.0,
2023-02-19 18:00:00,Imported workout,3600,Incline Curl (Dumbbell),3,12.0,5.0,,,
2023-02-19 18:00:00,Imported workout,3600,Incline Curl (Dumbbell),Rest Timer,,,,90.0,
2023-02-19 18:00:00,Imported workout,3600,Skullcrusher (Dumbbell),1,9.0,12.0,,,
2023-02-19 18:00:00,Imported workout,3600,Skullcrusher (Dumbbell),Rest Timer,,,,90.0,
2023-02-19 18:00:00,Imported workout,3600,Skullcrusher (Dumbbell),2,9.0,10.0,,,
2023-02-19 18:00:00,Imported workout,3600,Skullcrusher (Dumbbell),Rest Timer,,,,90.0,
2023-02-19 18:00:00,Imported workout,3600,Skullcrusher (Dumbbell),3,9.0,8.0,,,
2023-02-19 18:00:00,Imported workout,3600,Skullcrusher (Dumbbell),Rest Timer,,,,90.0,
2023-02-19 18:00:00,Imported workout,3600,Leg Press,1,110.0,12.0,,,
2023-02-19 18:00:00,Imported workout,3600,Leg Press,Rest Timer,,,,90.0,
2023-02-19 18:00:00,Imported workout,3600,Leg Press,2,160.0,8.0,,,
2023-02-19 18:00:00,Imported workout,3600,Leg Press,Rest Timer,,,,90.0,
2023-02-19 18:00:00,Imported workout,3600,Leg Press,3,160.0,8.0,,,
2023-02-19 18:00:00,Imported workout,3600,Leg Press,Rest Timer,,,,90.0,
2023-02-19 18:00:00,Imported workout,3600,Knee Raise (Captain's Chair),2,,10.0,,,
2023-02-19 18:00:00,Imported workout,3600,Knee Raise (Captain's Chair),Rest Timer,,,,90.0,
2023-02-19 18:00:00,Imported workout,3600,Knee Raise (Captain's Chair),3,,10.0,,,
2023-02-19 18:00:00,Imported workout,3600,Knee Raise (Captain's Chair),Rest Timer,,,,90.0,
2023-02-19 18:00:00,Imported workout,3600,Knee Raise (Captain's Chair),1,,10.0,,,
2023-02-19 18:00:00,Imported workout,3600,Knee Raise (Captain's Chair),Rest Timer,,,,90.0,
2023-02-21 18:00:00,Imported workout,3600,Pec Deck (Machine),5,39.0,12.0,,,
2023-02-21 18:00:00,Imported workout,3600,Pec Deck (Machine),Rest Timer,,,,90.0,
2023-02-21 18:00:00,Imported workout,3600,Pec Deck (Machine),4,59.0,12.0,,,
2023-02-21 18:00:00,Imported workout,3600,Pec Deck (Machine),Rest Timer,,,,90.0,
2023-02-21 18:00:00,Imported workout,3600,Pec Deck (Machine),3,59.0,12.0,,,
2023-02-21 18:00:00,Imported workout,3600,Pec Deck (Machine),Rest Timer,,,,90.0,
2023-02-21 18:00:00,Imported workout,3600,Pec Deck (Machine),1,52.0,12.0,,,
2023-02-21 18:00:00,Imported workout,3600,Pec Deck (Machine),Rest Timer,,,,90.0,
2023-02-21 18:00:00,Imported workout,3600,Pec Deck (Machine),2,52.0,12.0,,,
2023-02-21 18:00:00,Imported workout,3600,Pec Deck (Machine),Rest Timer,,,,90.0,
2023-02-21 18:00:00,Imported workout,3600,Bench Press (Dumbbell),5,14.0,12.0,,,
2023-02-21 18:00:00,Imported workout,3600,Bench Press (Dumbbell),Rest Timer,,,,90.0,
2023-02-21 18:00:00,Imported workout,3600,Bench Press (Dumbbell),4,18.0,12.0,,,
2023-02-21 18:00:00,Imported workout,3600,Bench Press (Dumbbell),Rest Timer,,,,90.0,
2023-02-21 18:00:00,Imported workout,3600,Bench Press (Dumbbell),3,18.0,12.0,,,
2023-02-21 18:00:00,Imported workout,3600,Bench Press (Dumbbell),Rest Timer,,,,90.0,
2023-02-21 18:00:00,Imported workout,3600,Bench Press (Dumbbell),2,18.0,8.0,,,
2023-02-21 18:00:00,Imported workout,3600,Bench Press (Dumbbell),Rest Timer,,,,90.0,
2023-02-21 18:00:00,Imported workout,3600,Bench Press (Dumbbell),1,18.0,12.0,,,
2023-02-21 18:00:00,Imported workout,3600,Bench Press (Dumbbell),Rest Timer,,,,90.0,
2023-02-21 18:00:00,Imported workout,3600,Standing Calf Raise (Machine),4,50.0,12.0,,,
2023-02-21 18:00:00,Imported workout,3600,Standing Calf Raise (Machine),Rest Timer,,,,90.0,
2023-02-21 18:00:00,Imported workout,3600,Standing Calf Raise (Machine),3,50.0,12.0,,,
2023-02-21 18:00:00,Imported workout,3600,Standing Calf Raise (Machine),Rest Timer,,,,90.0,
2023-02-21 18:00:00,Imported workout,3600,Standing Calf Raise (Machine),5,50.0,12.0,,,
2023-02-21 18:00:00,Imported workout,3600,Standing Calf Raise (Machine),Rest Timer,,,,90.0,
2023-02-21 18:00:00,Imported workout,3600,Standing Calf Raise (Machine),2,50.0,12.0,,,
2023-02-21 18:00:00,Imported workout,3600,Standing Calf Raise (Machine),Rest Timer,,,,90.0,
2023-02-21 18:00:00,Imported workout,3600,Standing Calf Raise (Machine),1,50.0,12.0,,,
2023-02-21 18:00:00,Imported workout,3600,Standing Calf Raise (Machine),Rest Timer,,,,90.0,
2023-02-21 18:00:00,Imported workout,3600,Leg Extension (Machine),5,59.0,12.0,,,
2023-02-21 18:00:00,Imported workout,3600,Leg Extension (Machine),Rest Timer,,,,90.0,
2023-02-21 18:00:00,Imported workout,3600,Leg Extension (Machine),1,66.0,12.0,,,
2023-02-21 18:00:00,Imported workout,3600,Leg Extension (Machine),Rest Timer,,,,90.0,
2023-02-21 18:00:00,Imported workout,3600,Leg Extension (Machine),2,66.0,12.0,,,
2023-02-21 18:00:00,Imported workout,3600,Leg Extension (Machine),Rest Timer,,,,90.0,
2023-02-21 18:00:00,Imported workout,3600,Leg Extension (Machine),3,66.0,12.0,,,
2023-02-21 18:00:00,Imported workout,3600,Leg Extension (Machine),Rest Timer,,,,90.0,
2023-02-21 18:00:00,Imported workout,3600,Leg Extension (Machine),4,66.0,8.0,,,
2023-02-21 18:00:00,Imported workout,3600,Leg Extension (Machine),Rest Timer,,,,90.0,
2023-02-21 18:00:00,Imported workout,3600,Preacher Curl (Barbell),1,22.5,4.0,,,
2023-02-21 18:00:00,Imported workout,3600,Preacher Curl (Barbell),Rest Timer,,,,90.0,
2023-02-21 18:00:00,Imported workout,3600,Preacher Curl (Barbell),3,22.5,5.0,,,
2023-02-21 18:00:00,Imported workout,3600,Preacher Curl (Barbell),Rest Timer,,,,90.0,
2023-02-21 18:00:00,Imported workout,3600,Preacher Curl (Barbell),2,22.5,3.0,,,
2023-02-21 18:00:00,Imported workout,3600,Preacher Curl (Barbell),Rest Timer,,,,90.0,
2023-02-21 18:00:00,Imported workout,3600,Triceps Pushdown (Cable - Straight Bar),1,14.0,12.0,,,
2023-02-21 18:00:00,Imported workout,3600,Triceps Pushdown (Cable - Straight Bar),Rest Timer,,,,90.0,
2023-02-21 18:00:00,Imported workout,3600,Triceps Pushdown (Cable - Straight Bar),2,14.0,12.0,,,
2023-02-21 18:00:00,Imported workout,3600,Triceps Pushdown (Cable - Straight Bar),Rest Timer,,,,90.0,
2023-02-21 18:00:00,Imported workout,3600,Triceps Pushdown (Cable - Straight Bar),3,14.0,12.0,,,
2023-02-21 18:00:00,Imported workout,3600,Triceps Pushdown (Cable - Straight Bar),Rest Timer,,,,90.0,
2023-02-26 18:00:00,Imported workout,3600,Pull Up,2,,9.0,,,
2023-02-26 18:00:00,Imported workout,3600,Pull Up,Rest Timer,,,,90.0,
2023-02-26 18:00:00,Imported workout,3600,Pull Up,3,,9.0,,,
2023-02-26 18:00:00,Imported workout,3600,Pull Up,Rest Timer,,,,90.0,
2023-02-26 18:00:00,Imported workout,3600,Pull Up,1,,6.0,,,
2023-02-26 18:00:00,Imported workout,3600,Pull Up,Rest Timer,,,,90.0,
2023-02-26 18:00:00,Imported workout,3600,Pull Up,5,,6.0,,,
2023-02-26 18:00:00,Imported workout,3600,Pull Up,Rest Timer,,,,90.0,
2023-02-26 18:00:00,Imported workout,3600,Pull Up,4,,5.0,,,
2023-02-26 18:00:00,Imported workout,3600,Pull Up,Rest Timer,,,,90.0,
2023-02-26 18:00:00,Imported workout,3600,Overhead Press (Barbell),1,20.0,12.0,,,
2023-02-26 18:00:00,Imported workout,3600,Overhead Press (Barbell),Rest Timer,,,,90.0,
2023-02-26 18:00:00,Imported workout,3600,Overhead Press (Barbell),2,40.0,6.0,,,
2023-02-26 18:00:00,Imported workout,3600,Overhead Press (Barbell),Rest Timer,,,,90.0,
2023-02-26 18:00:00,Imported workout,3600,Overhead Press (Barbell),5,40.0,6.0,,,
2023-02-26 18:00:00,Imported workout,3600,Overhead Press (Barbell),Rest Timer,,,,90.0,
2023-02-26 18:00:00,Imported workout,3600,Overhead Press (Barbell),3,42.5,5.0,,,
2023-02-26 18:00:00,Imported workout,3600,Overhead Press (Barbell),Rest Timer,,,,90.0,
2023-02-26 18:00:00,Imported workout,3600,Overhead Press (Barbell),4,42.5,3.0,,,
2023-02-26 18:00:00,Imported workout,3600,Overhead Press (Barbell),Rest Timer,,,,90.0,
2023-02-26 18:00:00,Imported workout,3600,Seated Row (Cable),3,39.0,12.0,,,
2023-02-26 18:00:00,Imported workout,3600,Seated Row (Cable),Rest Timer,,,,90.0,
2023-02-26 18:00:00,Imported workout,3600,Seated Row (Cable),4,39.0,12.0,,,
2023-02-26 18:00:00,Imported workout,3600,Seated Row (Cable),Rest Timer,,,,90.0,
2023-02-26 18:00:00,Imported workout,3600,Seated Row (Cable),5,39.0,8.0,,,
2023-02-26 18:00:00,Imported workout,3600,Seated Row (Cable),Rest Timer,,,,90.0,
2023-02-26 18:00:00,Imported workout,3600,Seated Row (Cable),1,39.0,10.0,,,
2023-02-26 18:00:00,Imported workout,3600,Seated Row (Cable),Rest Timer,,,,90.0,
2023-02-26 18:00:00,Imported workout,3600,Seated Row (Cable),2,39.0,8.0,,,
2023-02-26 18:00:00,Imported workout,3600,Seated Row (Cable),Rest Timer,,,,90.0,
2023-02-26 18:00:00,Imported workout,3600,Leg Press,4,80.0,12.0,,,
2023-02-26 18:00:00,Imported workout,3600,Leg Press,Rest Timer,,,,90.0,
2023-02-26 18:00:00,Imported workout,3600,Leg Press,1,130.0,12.0,,,
2023-02-26 18:00:00,Imported workout,3600,Leg Press,Rest Timer,,,,90.0,
2023-02-26 18:00:00,Imported workout,3600,Leg Press,2,155.0,12.0,,,
2023-02-26 18:00:00,Imported workout,3600,Leg Press,Rest Timer,,,,90.0,
2023-02-26 18:00:00,Imported workout,3600,Leg Press,3,155.0,10.0,,,
2023-02-26 18:00:00,Imported workout,3600,Leg Press,Rest Timer,,,,90.0,
2023-02-26 18:00:00,Imported workout,3600,Incline Curl (Dumbbell),2,12.0,10.0,,,
2023-02-26 18:00:00,Imported workout,3600,Incline Curl (Dumbbell),Rest Timer,,,,90.0,
2023-02-26 18:00:00,Imported workout,3600,Incline Curl (Dumbbell),1,12.0,8.0,,,
2023-02-26 18:00:00,Imported workout,3600,Incline Curl (Dumbbell),Rest Timer,,,,90.0,
2023-02-26 18:00:00,Imported workout,3600,Incline Curl (Dumbbell),3,12.0,8.0,,,
2023-02-26 18:00:00,Imported workout,3600,Incline Curl (Dumbbell),Rest Timer,,,,90.0,
2023-02-26 18:00:00,Imported workout,3600,Skullcrusher (Dumbbell),1,10.0,10.0,,,
2023-02-26 18:00:00,Imported workout,3600,Skullcrusher (Dumbbell),Rest Timer,,,,90.0,
2023-02-26 18:00:00,Imported workout,3600,Skullcrusher (Dumbbell),3,10.0,10.0,,,
2023-02-26 18:00:00,Imported workout,3600,Skullcrusher (Dumbbell),Rest Timer,,,,90.0,
2023-02-26 18:00:00,Imported workout,3600,Skullcrusher (Dumbbell),2,10.0,10.0,,,
2023-02-26 18:00:00,Imported workout,3600,Skullcrusher (Dumbbell),Rest Timer,,,,90.0,
2023-02-26 18:00:00,Imported workout,3600,Standing Calf Raise (Machine),1,50.0,12.0,,,
2023-02-26 18:00:00,Imported workout,3600,Standing Calf Raise (Machine),Rest Timer,,,,90.0,
2023-02-26 18:00:00,Imported workout,3600,Standing Calf Raise (Machine),2,50.0,12.0,,,
2023-02-26 18:00:00,Imported workout,3600,Standing Calf Raise (Machine),Rest Timer,,,,90.0,
2023-02-26 18:00:00,Imported workout,3600,Standing Calf Raise (Machine),3,50.0,12.0,,,
2023-02-26 18:00:00,Imported workout,3600,Standing Calf Raise (Machine),Rest Timer,,,,90.0,
2023-02-26 18:00:00,Imported workout,3600,Decline Crunch,1,,10.0,,,
2023-02-26 18:00:00,Imported workout,3600,Decline Crunch,Rest Timer,,,,90.0,
2023-02-26 18:00:00,Imported workout,3600,Knee Raise (Captain's Chair),1,,10.0,,,
2023-02-26 18:00:00,Imported workout,3600,Knee Raise (Captain's Chair),Rest Timer,,,,90.0,
2023-02-27 18:00:00,Imported workout,3600,Bench Press (Dumbbell),6,12.0,12.0,,,
2023-02-27 18:00:00,Imported workout,3600,Bench Press (Dumbbell),Rest Timer,,,,90.0,
2023-02-27 18:00:00,Imported workout,3600,Bench Press (Dumbbell),1,20.0,12.0,,,
2023-02-27 18:00:00,Imported workout,3600,Bench Press (Dumbbell),Rest Timer,,,,90.0,
2023-02-27 18:00:00,Imported workout,3600,Bench Press (Dumbbell),2,20.0,12.0,,,
2023-02-27 18:00:00,Imported workout,3600,Bench Press (Dumbbell),Rest Timer,,,,90.0,
2023-02-27 18:00:00,Imported workout,3600,Bench Press (Dumbbell),3,20.0,12.0,,,
2023-02-27 18:00:00,Imported workout,3600,Bench Press (Dumbbell),Rest Timer,,,,90.0,
2023-02-27 18:00:00,Imported workout,3600,Bench Press (Dumbbell),4,20.0,8.0,,,
2023-02-27 18:00:00,Imported workout,3600,Bench Press (Dumbbell),Rest Timer,,,,90.0,
2023-02-27 18:00:00,Imported workout,3600,Bench Press (Dumbbell),5,20.0,8.0,,,
2023-02-27 18:00:00,Imported workout,3600,Bench Press (Dumbbell),Rest Timer,,,,90.0,
2023-02-27 18:00:00,Imported workout,3600,Seated Row (Cable),2,39.0,10.0,,,
2023-02-27 18:00:00,Imported workout,3600,Seated Row (Cable),Rest Timer,,,,90.0,
2023-02-27 18:00:00,Imported workout,3600,Seated Row (Cable),1,39.0,10.0,,,
2023-02-27 18:00:00,Imported workout,3600,Seated Row (Cable),Rest Timer,,,,90.0,
2023-02-27 18:00:00,Imported workout,3600,Seated Row (Cable),4,39.0,10.0,,,
2023-02-27 18:00:00,Imported workout,3600,Seated Row (Cable),Rest Timer,,,,90.0,
2023-02-27 18:00:00,Imported workout,3600,Seated Row (Cable),3,39.0,8.0,,,
2023-02-27 18:00:00,Imported workout,3600,Seated Row (Cable),Rest Timer,,,,90.0,
2023-02-27 18:00:00,Imported workout,3600,Lying Leg Curl (Machine),1,45.0,12.0,,,
2023-02-27 18:00:00,Imported workout,3600,Lying Leg Curl (Machine),Rest Timer,,,,90.0,
2023-02-27 18:00:00,Imported workout,3600,Lying Leg Curl (Machine),4,45.0,8.0,,,
2023-02-27 18:00:00,Imported workout,3600,Lying Leg Curl (Machine),Rest Timer,,,,90.0,
2023-02-27 18:00:00,Imported workout,3600,Lying Leg Curl (Machine),2,45.0,10.0,,,
2023-02-27 18:00:00,Imported workout,3600,Lying Leg Curl (Machine),Rest Timer,,,,90.0,
2023-02-27 18:00:00,Imported workout,3600,Lying Leg Curl (Machine),3,45.0,10.0,,,
2023-02-27 18:00:00,Imported workout,3600,Lying Leg Curl (Machine),Rest Timer,,,,90.0,
2023-02-27 18:00:00,Imported workout,3600,Leg Extension (Machine),3,45.0,12.0,,,
2023-02-27 18:00:00,Imported workout,3600,Leg Extension (Machine),Rest Timer,,,,90.0,
2023-02-27 18:00:00,Imported workout,3600,Leg Extension (Machine),4,59.0,12.0,,,
2023-02-27 18:00:00,Imported workout,3600,Leg Extension (Machine),Rest Timer,,,,90.0,
2023-02-27 18:00:00,Imported workout,3600,Leg Extension (Machine),2,66.0,12.0,,,
2023-02-27 18:00:00,Imported workout,3600,Leg Extension (Machine),Rest Timer,,,,90.0,
2023-02-27 18:00:00,Imported workout,3600,Leg Extension (Machine),1,73.0,12.0,,,
2023-02-27 18:00:00,Imported workout,3600,Leg Extension (Machine),Rest Timer,,,,90.0,
2023-02-27 18:00:00,Imported workout,3600,Chest Dip,1,0.0,4.0,,,
2023-02-27 18:00:00,Imported workout,3600,Chest Dip,Rest Timer,,,,90.0,
2023-02-27 18:00:00,Imported workout,3600,Chest Dip,2,0.0,5.0,,,
2023-02-27 18:00:00,Imported workout,3600,Chest Dip,Rest Timer,,,,90.0,
2023-02-27 18:00:00,Imported workout,3600,Triceps Pushdown (Cable - Straight Bar),2,18.0,8.0,,,
2023-02-27 18:00:00,Imported workout,3600,Triceps Pushdown (Cable - Straight Bar),Rest Timer,,,,90.0,
2023-02-27 18:00:00,Imported workout,3600,Triceps Pushdown (Cable - Straight Bar),3,18.0,8.0,,,
2023-02-27 18:00:00,Imported workout,3600,Triceps Pushdown (Cable - Straight Bar),Rest Timer,,,,90.0,
2023-02-27 18:00:00,Imported workout,3600,Triceps Pushdown (Cable - Straight Bar),1,18.0,8.0,,,
2023-02-27 18:00:00,Imported workout,3600,Triceps Pushdown (Cable - Straight Bar),Rest Timer,,,,90.0,
2023-02-27 18:00:00,Imported workout,3600,Lateral Raise (Dumbbell),1,8.0,12.0,,,
2023-02-27 18:00:00,Imported workout,3600,Lateral Raise (Dumbbell),Rest Timer,,,,90.0,
2023-02-27 18:00:00,Imported workout,3600,Lateral Raise (Dumbbell),3,8.0,12.0,,,
2023-02-27 18:00:00,Imported workout,3600,Lateral Raise (Dumbbell),Rest Timer,,,,90.0,
2023-02-27 18:00:00,Imported workout,3600,Lateral Raise (Dumbbell),2,8.0,12.0,,,
2023-02-27 18:00:00,Imported workout,3600,Lateral Raise (Dumbbell),Rest Timer,,,,90.0,
2023-02-27 18:00:00,Imported workout,3600,Bicep Curl (Dumbbell),1,14.0,8.0,,,
2023-02-27 18:00:00,Imported workout,3600,Bicep Curl (Dumbbell),Rest Timer,,,,90.0,
2023-02-27 18:00:00,Imported workout,3600,Bicep Curl (Dumbbell),2,14.0,8.0,,,
2023-02-27 18:00:00,Imported workout,3600,Bicep Curl (Dumbbell),Rest Timer,,,,90.0,
2023-02-27 18:00:00,Imported workout,3600,Bicep Curl (Dumbbell),3,14.0,8.0,,,
2023-02-27 18:00:00,Imported workout,3600,Bicep Curl (Dumbbell),Rest Timer,,,,90.0,
2023-02-27 18:00:00,Imported workout,3600,Bicep Curl (Dumbbell),4,14.0,5.0,,,
2023-02-27 18:00:00,Imported workout,3600,Bicep Curl (Dumbbell),Rest Timer,,,,90.0,
2023-02-27 18:00:00,Imported workout,3600,Decline Crunch,2,,10.0,,,
2023-02-27 18:00:00,Imported workout,3600,Decline Crunch,Rest Timer,,,,90.0,
2023-02-27 18:00:00,Imported workout,3600,Decline Crunch,1,,10.0,,,
2023-02-27 18:00:00,Imported workout,3600,Decline Crunch,Rest Timer,,,,90.0,
2023-03-01 18:00:00,Imported workout,3600,Pull Up,1,,5.0,,,
2023-03-01 18:00:00,Imported workout,3600,Pull Up,Rest Timer,,,,90.0,
2023-03-01 18:00:00,Imported workout,3600,Pull Up,2,,6.0,,,
2023-03-01 18:00:00,Imported workout,3600,Pull Up,Rest Timer,,,,90.0,
2023-03-01 18:00:00,Imported workout,3600,Pull Up,5,,7.0,,,
2023-03-01 18:00:00,Imported workout,3600,Pull Up,Rest Timer,,,,90.0,
2023-03-01 18:00:00,Imported workout,3600,Pull Up,3,,7.0,,,
2023-03-01 18:00:00,Imported workout,3600,Pull Up,Rest Timer,,,,90.0,
2023-03-01 18:00:00,Imported workout,3600,Pull Up,4,,3.0,,,
2023-03-01 18:00:00,Imported workout,3600,Pull Up,Rest Timer,,,,90.0,
2023-03-01 18:00:00,Imported workout,3600,Overhead Press (Barbell),5,15.0,8.0,,,
2023-03-01 18:00:00,Imported workout,3600,Overhead Press (Barbell),Rest Timer,,,,90.0,
2023-03-01 18:00:00,Imported workout,3600,Overhead Press (Barbell),1,25.0,8.0,,,
2023-03-01 18:00:00,Imported workout,3600,Overhead Press (Barbell),Rest Timer,,,,90.0,
2023-03-01 18:00:00,Imported workout,3600,Overhead Press (Barbell),2,35.0,8.0,,,
2023-03-01 18:00:00,Imported workout,3600,Overhead Press (Barbell),Rest Timer,,,,90.0,
2023-03-01 18:00:00,Imported workout,3600,Overhead Press (Barbell),3,37.5,6.0,,,
2023-03-01 18:00:00,Imported workout,3600,Overhead Press (Barbell),Rest Timer,,,,90.0,
2023-03-01 18:00:00,Imported workout,3600,Overhead Press (Barbell),4,37.5,7.0,,,
2023-03-01 18:00:00,Imported workout,3600,Overhead Press (Barbell),Rest Timer,,,,90.0,
2023-03-01 18:00:00,Imported workout,3600,Standing Calf Raise (Machine),4,60.0,12.0,,,
2023-03-01 18:00:00,Imported workout,3600,Standing Calf Raise (Machine),Rest Timer,,,,90.0,
2023-03-01 18:00:00,Imported workout,3600,Standing Calf Raise (Machine),5,60.0,12.0,,,
2023-03-01 18:00:00,Imported workout,3600,Standing Calf Raise (Machine),Rest Timer,,,,90.0,
2023-03-01 18:00:00,Imported workout,3600,Standing Calf Raise (Machine),3,60.0,9.0,,,
2023-03-01 18:00:00,Imported workout,3600,Standing Calf Raise (Machine),Rest Timer,,,,90.0,
2023-03-01 18:00:00,Imported workout,3600,Standing Calf Raise (Machine),1,60.0,12.0,,,
2023-03-01 18:00:00,Imported workout,3600,Standing Calf Raise (Machine),Rest Timer,,,,90.0,
2023-03-01 18:00:00,Imported workout,3600,Standing Calf Raise (Machine),2,60.0,12.0,,,
2023-03-01 18:00:00,Imported workout,3600,Standing Calf Raise (Machine),Rest Timer,,,,90.0,
2023-03-01 18:00:00,Imported workout,3600,Leg Press,4,135.0,12.0,,,
2023-03-01 18:00:00,Imported workout,3600,Leg Press,Rest Timer,,,,90.0,
2023-03-01 18:00:00,Imported workout,3600,Leg Press,3,135.0,12.0,,,
2023-03-01 18:00:00,Imported workout,3600,Leg Press,Rest Timer,,,,90.0,
2023-03-01 18:00:00,Imported workout,3600,Leg Press,2,135.0,12.0,,,
2023-03-01 18:00:00,Imported workout,3600,Leg Press,Rest Timer,,,,90.0,
2023-03-01 18:00:00,Imported workout,3600,Leg Press,1,135.0,12.0,,,
2023-03-01 18:00:00,Imported workout,3600,Leg Press,Rest Timer,,,,90.0,
2023-03-01 18:00:00,Imported workout,3600,Incline Curl (Dumbbell),3,12.0,9.0,,,
2023-03-01 18:00:00,Imported workout,3600,Incline Curl (Dumbbell),Rest Timer,,,,90.0,
2023-03-01 18:00:00,Imported workout,3600,Incline Curl (Dumbbell),2,12.0,9.0,,,
2023-03-01 18:00:00,Imported workout,3600,Incline Curl (Dumbbell),Rest Timer,,,,90.0,
2023-03-01 18:00:00,Imported workout,3600,Incline Curl (Dumbbell),4,12.0,7.0,,,
2023-03-01 18:00:00,Imported workout,3600,Incline Curl (Dumbbell),Rest Timer,,,,90.0,
2023-03-01 18:00:00,Imported workout,3600,Incline Curl (Dumbbell),1,12.0,5.0,,,
2023-03-01 18:00:00,Imported workout,3600,Incline Curl (Dumbbell),Rest Timer,,,,90.0,
2023-03-01 18:00:00,Imported workout,3600,Skullcrusher (Dumbbell),2,12.0,8.0,,,
2023-03-01 18:00:00,Imported workout,3600,Skullcrusher (Dumbbell),Rest Timer,,,,90.0,
2023-03-01 18:00:00,Imported workout,3600,Skullcrusher (Dumbbell),1,12.0,8.0,,,
2023-03-01 18:00:00,Imported workout,3600,Skullcrusher (Dumbbell),Rest Timer,,,,90.0,
2023-03-05 18:00:00,Imported workout,3600,Bench Press (Barbell),5,20.0,12.0,,,
2023-03-05 18:00:00,Imported workout,3600,Bench Press (Barbell),Rest Timer,,,,90.0,
2023-03-05 18:00:00,Imported workout,3600,Bench Press (Barbell),1,50.0,8.0,,,
2023-03-05 18:00:00,Imported workout,3600,Bench Press (Barbell),Rest Timer,,,,90.0,
2023-03-05 18:00:00,Imported workout,3600,Bench Press (Barbell),2,70.0,8.0,,,
2023-03-05 18:00:00,Imported workout,3600,Bench Press (Barbell),Rest Timer,,,,90.0,
2023-03-05 18:00:00,Imported workout,3600,Bench Press (Barbell),3,70.0,6.0,,,
2023-03-05 18:00:00,Imported workout,3600,Bench Press (Barbell),Rest Timer,,,,90.0,
2023-03-05 18:00:00,Imported workout,3600,Bench Press (Barbell),4,70.0,3.0,,,
2023-03-05 18:00:00,Imported workout,3600,Bench Press (Barbell),Rest Timer,,,,90.0,
2023-03-05 18:00:00,Imported workout,3600,Bench Press (Barbell),6,60.0,8.0,,,
2023-03-05 18:00:00,Imported workout,3600,Bench Press (Barbell),Rest Timer,,,,90.0,
2023-03-05 18:00:00,Imported workout,3600,Seated Row (Cable),1,39.0,10.0,,,
2023-03-05 18:00:00,Imported workout,3600,Seated Row (Cable),Rest Timer,,,,90.0,
2023-03-05 18:00:00,Imported workout,3600,Seated Row (Cable),2,45.0,8.0,,,
2023-03-05 18:00:00,Imported workout,3600,Seated Row (Cable),Rest Timer,,,,90.0,
2023-03-05 18:00:00,Imported workout,3600,Seated Row (Cable),3,45.0,8.0,,,
2023-03-05 18:00:00,Imported workout,3600,Seated Row (Cable),Rest Timer,,,,90.0,
2023-03-05 18:00:00,Imported workout,3600,Seated Row (Cable),4,45.0,8.0,,,
2023-03-05 18:00:00,Imported workout,3600,Seated Row (Cable),Rest Timer,,,,90.0,
2023-03-05 18:00:00,Imported workout,3600,Pec Deck (Machine),3,39.0,10.0,,,
2023-03-05 18:00:00,Imported workout,3600,Pec Deck (Machine),Rest Timer,,,,90.0,
2023-03-05 18:00:00,Imported workout,3600,Pec Deck (Machine),4,59.0,10.0,,,
2023-03-05 18:00:00,Imported workout,3600,Pec Deck (Machine),Rest Timer,,,,90.0,
2023-03-05 18:00:00,Imported workout,3600,Pec Deck (Machine),5,66.0,10.0,,,
2023-03-05 18:00:00,Imported workout,3600,Pec Deck (Machine),Rest Timer,,,,90.0,
2023-03-05 18:00:00,Imported workout,3600,Pec Deck (Machine),2,66.0,10.0,,,
2023-03-05 18:00:00,Imported workout,3600,Pec Deck (Machine),Rest Timer,,,,90.0,
2023-03-05 18:00:00,Imported workout,3600,Pec Deck (Machine),1,66.0,9.0,,,
2023-03-05 18:00:00,Imported workout,3600,Pec Deck (Machine),Rest Timer,,,,90.0,
2023-03-05 18:00:00,Imported workout,3600,Lying Leg Curl (Machine),2,33.0,10.0,,,
2023-03-05 18:00:00,Imported workout,3600,Lying Leg Curl (Machine),Rest Timer,,,,90.0,
2023-03-05 18:00:00,Imported workout,3600,Lying Leg Curl (Machine),3,54.0,10.0,,,
2023-03-05 18:00:00,Imported workout,3600,Lying Leg Curl (Machine),Rest Timer,,,,90.0,
2023-03-05 18:00:00,Imported workout,3600,Lying Leg Curl (Machine),1,54.0,10.0,,,
2023-03-05 18:00:00,Imported workout,3600,Lying Leg Curl (Machine),Rest Timer,,,,90.0,
2023-03-05 18:00:00,Imported workout,3600,Leg Extension (Machine),1,59.0,12.0,,,
2023-03-05 18:00:00,Imported workout,3600,Leg Extension (Machine),Rest Timer,,,,90.0,
2023-03-05 18:00:00,Imported workout,3600,Lying Leg Curl (Machine),5,50.0,10.0,,,
2023-03-05 18:00:00,Imported workout,3600,Lying Leg Curl (Machine),Rest Timer,,,,90.0,
2023-03-05 18:00:00,Imported workout,3600,Leg Extension (Machine),2,66.0,12.0,,,
2023-03-05 18:00:00,Imported workout,3600,Leg Extension (Machine),Rest Timer,,,,90.0,
2023-03-05 18:00:00,Imported workout,3600,Lying Leg Curl (Machine),4,50.0,10.0,,,
2023-03-05 18:00:00,Imported workout,3600,Lying Leg Curl (Machine),Rest Timer,,,,90.0,
2023-03-05 18:00:00,Imported workout,3600,Triceps Pushdown (Cable - Straight Bar),2,9.0,8.0,,,
2023-03-05 18:00:00,Imported workout,3600,Triceps Pushdown (Cable - Straight Bar),Rest Timer,,,,90.0,
2023-03-05 18:00:00,Imported workout,3600,Triceps Pushdown (Cable - Straight Bar),3,18.0,8.0,,,
2023-03-05 18:00:00,Imported workout,3600,Triceps Pushdown (Cable - Straight Bar),Rest Timer,,,,90.0,
2023-03-05 18:00:00,Imported workout,3600,Triceps Pushdown (Cable - Straight Bar),1,18.0,8.0,,,
2023-03-05 18:00:00,Imported workout,3600,Triceps Pushdown (Cable - Straight Bar),Rest Timer,,,,90.0,
2023-03-08 18:00:00,Imported workout,3600,Pull Up,4,,8.0,,,
2023-03-08 18:00:00,Imported workout,3600,Pull Up,Rest Timer,,,,90.0,
2023-03-08 18:00:00,Imported workout,3600,Pull Up,3,,8.0,,,
2023-03-08 18:00:00,Imported workout,3600,Pull Up,Rest Timer,,,,90.0,
2023-03-08 18:00:00,Imported workout,3600,Pull Up,2,,8.0,,,
2023-03-08 18:00:00,Imported workout,3600,Pull Up,Rest Timer,,,,90.0,
2023-03-08 18:00:00,Imported workout,3600,Pull Up,1,,4.0,,,
2023-03-08 18:00:00,Imported workout,3600,Pull Up,Rest Timer,,,,90.0,
2023-03-08 18:00:00,Imported workout,3600,Seated Overhead Press (Dumbbell),4,16.0,8.0,,,
2023-03-08 18:00:00,Imported workout,3600,Seated Overhead Press (Dumbbell),Rest Timer,,,,90.0,
2023-03-08 18:00:00,Imported workout,3600,Seated Overhead Press (Dumbbell),3,22.0,8.0,,,
2023-03-08 18:00:00,Imported workout,3600,Seated Overhead Press (Dumbbell),Rest Timer,,,,90.0,
2023-03-08 18:00:00,Imported workout,3600,Seated Overhead Press (Dumbbell),2,22.0,7.0,,,
2023-03-08 18:00:00,Imported workout,3600,Seated Overhead Press (Dumbbell),Rest Timer,,,,90.0,
2023-03-08 18:00:00,Imported workout,3600,Seated Overhead Press (Dumbbell),1,22.0,7.0,,,
2023-03-08 18:00:00,Imported workout,3600,Seated Overhead Press (Dumbbell),Rest Timer,,,,90.0,
2023-03-08 18:00:00,Imported workout,3600,Seated Overhead Press (Dumbbell),5,22.0,6.0,,,
2023-03-08 18:00:00,Imported workout,3600,Seated Overhead Press (Dumbbell),Rest Timer,,,,90.0,
2023-03-08 18:00:00,Imported workout,3600,Standing Calf Raise (Machine),2,50.0,12.0,,,
2023-03-08 18:00:00,Imported workout,3600,Standing Calf Raise (Machine),Rest Timer,,,,90.0,
2023-03-08 18:00:00,Imported workout,3600,Standing Calf Raise (Machine),1,62.5,12.0,,,
2023-03-08 18:00:00,Imported workout,3600,Standing Calf Raise (Machine),Rest Timer,,,,90.0,
2023-03-08 18:00:00,Imported workout,3600,Standing Calf Raise (Machine),3,62.5,12.0,,,
2023-03-08 18:00:00,Imported workout,3600,Standing Calf Raise (Machine),Rest Timer,,,,90.0,
2023-03-08 18:00:00,Imported workout,3600,Lat Pulldown (Cable),4,52.0,8.0,,,
2023-03-08 18:00:00,Imported workout,3600,Lat Pulldown (Cable),Rest Timer,,,,90.0,
2023-03-08 18:00:00,Imported workout,3600,Lat Pulldown (Cable),3,52.0,8.0,,,
2023-03-08 18:00:00,Imported workout,3600,Lat Pulldown (Cable),Rest Timer,,,,90.0,
2023-03-08 18:00:00,Imported workout,3600,Triceps Pushdown (Cable - Straight Bar),2,18.0,8.0,,,
2023-03-08 18:00:00,Imported workout,3600,Triceps Pushdown (Cable - Straight Bar),Rest Timer,,,,90.0,
2023-03-08 18:00:00,Imported workout,3600,Lat Pulldown (Cable),2,52.0,8.0,,,
2023-03-08 18:00:00,Imported workout,3600,Lat Pulldown (Cable),Rest Timer,,,,90.0,
2023-03-08 18:00:00,Imported workout,3600,Lat Pulldown (Cable),1,52.0,8.0,,,
2023-03-08 18:00:00,Imported workout,3600,Lat Pulldown (Cable),Rest Timer,,,,90.0,
2023-03-08 18:00:00,Imported workout,3600,Triceps Pushdown (Cable - Straight Bar),1,18.0,8.0,,,
2023-03-08 18:00:00,Imported workout,3600,Triceps Pushdown (Cable - Straight Bar),Rest Timer,,,,90.0,
2023-03-08 18:00:00,Imported workout,3600,Preacher Curl (Barbell),1,20.0,5.0,,,
2023-03-08 18:00:00,Imported workout,3600,Preacher Curl (Barbell),Rest Timer,,,,90.0,
2023-03-11 18:00:00,Imported workout,3600,Squat (Barbell),1,15.0,8.0,,,
2023-03-11 18:00:00,Imported workout,3600,Squat (Barbell),Rest Timer,,,,90.0,
2023-03-11 18:00:00,Imported workout,3600,Squat (Barbell),6,45.0,12.0,,,
2023-03-11 18:00:00,Imported workout,3600,Squat (Barbell),Rest Timer,,,,90.0,
2023-03-11 18:00:00,Imported workout,3600,Squat (Barbell),5,65.0,8.0,,,
2023-03-11 18:00:00,Imported workout,3600,Squat (Barbell),Rest Timer,,,,90.0,
2023-03-11 18:00:00,Imported workout,3600,Squat (Barbell),4,75.0,8.0,,,
2023-03-11 18:00:00,Imported workout,3600,Squat (Barbell),Rest Timer,,,,90.0,
2023-03-11 18:00:00,Imported workout,3600,Squat (Barbell),3,75.0,8.0,,,
2023-03-11 18:00:00,Imported workout,3600,Squat (Barbell),Rest Timer,,,,90.0,
2023-03-11 18:00:00,Imported workout,3600,Squat (Barbell),2,75.0,8.0,,,
2023-03-11 18:00:00,Imported workout,3600,Squat (Barbell),Rest Timer,,,,90.0,
2023-03-11 18:00:00,Imported workout,3600,Bench Press (Barbell),5,20.0,12.0,,,
2023-03-11 18:00:00,Imported workout,3600,Bench Press (Barbell),Rest Timer,,,,90.0,
2023-03-11 18:00:00,Imported workout,3600,Bench Press (Barbell),4,50.0,8.0,,,
2023-03-11 18:00:00,Imported workout,3600,Bench Press (Barbell),Rest Timer,,,,90.0,
2023-03-11 18:00:00,Imported workout,3600,Bench Press (Barbell),3,70.0,6.0,,,
2023-03-11 18:00:00,Imported workout,3600,Bench Press (Barbell),Rest Timer,,,,90.0,
2023-03-11 18:00:00,Imported workout,3600,Bench Press (Barbell),2,70.0,6.0,,,
2023-03-11 18:00:00,Imported workout,3600,Bench Press (Barbell),Rest Timer,,,,90.0,
2023-03-11 18:00:00,Imported workout,3600,Bench Press (Barbell),6,70.0,6.0,,,
2023-03-11 18:00:00,Imported workout,3600,Bench Press (Barbell),Rest Timer,,,,90.0,
2023-03-11 18:00:00,Imported workout,3600,Bench Press (Barbell),1,70.0,4.0,,,
2023-03-11 18:00:00,Imported workout,3600,Bench Press (Barbell),Rest Timer,,,,90.0,
2023-03-11 18:00:00,Imported workout,3600,Seated Overhead Press (Dumbbell),5,16.0,8.0,,,
2023-03-11 18:00:00,Imported workout,3600,Seated Overhead Press (Dumbbell),Rest Timer,,,,90.0,
2023-03-11 18:00:00,Imported workout,3600,Seated Overhead Press (Dumbbell),4,18.0,8.0,,,
2023-03-11 18:00:00,Imported workout,3600,Seated Overhead Press (Dumbbell),Rest Timer,,,,90.0,
2023-03-11 18:00:00,Imported workout,3600,Seated Overhead Press (Dumbbell),1,18.0,8.0,,,
2023-03-11 18:00:00,Imported workout,3600,Seated Overhead Press (Dumbbell),Rest Timer,,,,90.0,
2023-03-11 18:00:00,Imported workout,3600,Seated Overhead Press (Dumbbell),2,20.0,8.0,,,
2023-03-11 18:00:00,Imported workout,3600,Seated Overhead Press (Dumbbell),Rest Timer,,,,90.0,
2023-03-11 18:00:00,Imported workout,3600,Seated Overhead Press (Dumbbell),3,20.0,8.0,,,
2023-03-11 18:00:00,Imported workout,3600,Seated Overhead Press (Dumbbell),Rest Timer,,,,90.0,
2023-03-11 18:00:00,Imported workout,3600,Skullcrusher (Dumbbell),1,10.0,6.0,,,
2023-03-11 18:00:00,Imported workout,3600,Skullcrusher (Dumbbell),Rest Timer,,,,90.0,
2023-03-11 18:00:00,Imported workout,3600,Skullcrusher (Dumbbell),3,10.0,8.0,,,
2023-03-11 18:00:00,Imported workout,3600,Skullcrusher (Dumbbell),Rest Timer,,,,90.0,
2023-03-11 18:00:00,Imported workout,3600,Skullcrusher (Dumbbell),2,10.0,6.0,,,
2023-03-11 18:00:00,Imported workout,3600,Skullcrusher (Dumbbell),Rest Timer,,,,90.0,
2023-03-11 18:00:00,Imported workout,3600,Lateral Raise (Dumbbell),2,8.0,12.0,,,
2023-03-11 18:00:00,Imported workout,3600,Lateral Raise (Dumbbell),Rest Timer,,,,90.0,
2023-03-11 18:00:00,Imported workout,3600,Lateral Raise (Dumbbell),3,8.0,12.0,,,
2023-03-11 18:00:00,Imported workout,3600,Lateral Raise (Dumbbell),Rest Timer,,,,90.0,
2023-03-11 18:00:00,Imported workout,3600,Lateral Raise (Dumbbell),1,8.0,8.0,,,
2023-03-11 18:00:00,Imported workout,3600,Lateral Raise (Dumbbell),Rest Timer,,,,90.0,
2023-03-12 18:00:00,Imported workout,3600,Pull Up,5,,8.0,,,
2023-03-12 18:00:00,Imported workout,3600,Pull Up,Rest Timer,,,,90.0,
2023-03-12 18:00:00,Imported workout,3600,Pull Up,1,,8.0,,,
2023-03-12 18:00:00,Imported workout,3600,Pull Up,Rest Timer,,,,90.0,
2023-03-12 18:00:00,Imported workout,3600,Pull Up,4,,7.0,,,
2023-03-12 18:00:00,Imported workout,3600,Pull Up,Rest Timer,,,,90.0,
2023-03-12 18:00:00,Imported workout,3600,Pull Up,3,,5.0,,,
2023-03-12 18:00:00,Imported workout,3600,Pull Up,Rest Timer,,,,90.0,
2023-03-12 18:00:00,Imported workout,3600,Pull Up,2,,5.0,,,
2023-03-12 18:00:00,Imported workout,3600,Pull Up,Rest Timer,,,,90.0,
2023-03-12 18:00:00,Imported workout,3600,Lat Pulldown (Cable),5,45.0,8.0,,,
2023-03-12 18:00:00,Imported workout,3600,Lat Pulldown (Cable),Rest Timer,,,,90.0,
2023-03-12 18:00:00,Imported workout,3600,Lat Pulldown (Cable),4,52.0,8.0,,,
2023-03-12 18:00:00,Imported workout,3600,Lat Pulldown (Cable),Rest Timer,,,,90.0,
2023-03-12 18:00:00,Imported workout,3600,Lat Pulldown (Cable),3,45.0,8.0,,,
2023-03-12 18:00:00,Imported workout,3600,Lat Pulldown (Cable),Rest Timer,,,,90.0,
2023-03-12 18:00:00,Imported workout,3600,Lat Pulldown (Cable),2,45.0,8.0,,,
2023-03-12 18:00:00,Imported workout,3600,Lat Pulldown (Cable),Rest Timer,,,,90.0,
2023-03-12 18:00:00,Imported workout,3600,Lat Pulldown (Cable),1,45.0,8.0,,,
2023-03-12 18:00:00,Imported workout,3600,Lat Pulldown (Cable),Rest Timer,,,,90.0,
2023-03-12 18:00:00,Imported workout,3600,T Bar Row,6,20.0,8.0,,,
2023-03-12 18:00:00,Imported workout,3600,T Bar Row,Rest Timer,,,,90.0,
2023-03-12 18:00:00,Imported workout,3600,T Bar Row,5,40.0,8.0,,,
2023-03-12 18:00:00,Imported workout,3600,T Bar Row,Rest Timer,,,,90.0,
2023-03-12 18:00:00,Imported workout,3600,T Bar Row,4,50.0,10.0,,,
2023-03-12 18:00:00,Imported workout,3600,T Bar Row,Rest Timer,,,,90.0,
2023-03-12 18:00:00,Imported workout,3600,T Bar Row,1,50.0,10.0,,,
2023-03-12 18:00:00,Imported workout,3600,T Bar Row,Rest Timer,,,,90.0,
2023-03-12 18:00:00,Imported workout,3600,T Bar Row,2,50.0,10.0,,,
2023-03-12 18:00:00,Imported workout,3600,T Bar Row,Rest Timer,,,,90.0,
2023-03-12 18:00:00,Imported workout,3600,T Bar Row,3,50.0,10.0,,,
2023-03-12 18:00:00,Imported workout,3600,T Bar Row,Rest Timer,,,,90.0,
2023-03-12 18:00:00,Imported workout,3600,Lateral Raise (Dumbbell),1,7.0,12.0,,,
2023-03-12 18:00:00,Imported workout,3600,Lateral Raise (Dumbbell),Rest Timer,,,,90.0,
2023-03-12 18:00:00,Imported workout,3600,Lateral Raise (Dumbbell),3,7.0,12.0,,,
2023-03-12 18:00:00,Imported workout,3600,Lateral Raise (Dumbbell),Rest Timer,,,,90.0,
2023-03-12 18:00:00,Imported workout,3600,Lateral Raise (Dumbbell),2,7.0,12.0,,,
2023-03-12 18:00:00,Imported workout,3600,Lateral Raise (Dumbbell),Rest Timer,,,,90.0,
2023-03-12 18:00:00,Imported workout,3600,Preacher Curl (Barbell),1,20.0,8.0,,,
2023-03-12 18:00:00,Imported workout,3600,Preacher Curl (Barbell),Rest Timer,,,,90.0,
2023-03-12 18:00:00,Imported workout,3600,Hammer Curl (Dumbbell),1,8.0,12.0,,,
2023-03-12 18:00:00,Imported workout,3600,Hammer Curl (Dumbbell),Rest Timer,,,,90.0,
2023-03-12 18:00:00,Imported workout,3600,Hammer Curl (Dumbbell),2,8.0,12.0,,,
2023-03-12 18:00:00,Imported workout,3600,Hammer Curl (Dumbbell),Rest Timer,,,,90.0,
2023-03-14 18:00:00,Imported workout,3600,Romanian Deadlift (Barbell),5,28.0,8.0,,,
2023-03-14 18:00:00,Imported workout,3600,Romanian Deadlift (Barbell),Rest Timer,,,,90.0,
2023-03-14 18:00:00,Imported workout,3600,Romanian Deadlift (Barbell),1,28.0,8.0,,,
2023-03-14 18:00:00,Imported workout,3600,Romanian Deadlift (Barbell),Rest Timer,,,,90.0,
2023-03-14 18:00:00,Imported workout,3600,Romanian Deadlift (Barbell),2,28.0,8.0,,,
2023-03-14 18:00:00,Imported workout,3600,Romanian Deadlift (Barbell),Rest Timer,,,,90.0,
2023-03-14 18:00:00,Imported workout,3600,Romanian Deadlift (Barbell),3,28.0,8.0,,,
2023-03-14 18:00:00,Imported workout,3600,Romanian Deadlift (Barbell),Rest Timer,,,,90.0,
2023-03-14 18:00:00,Imported workout,3600,Romanian Deadlift (Barbell),4,28.0,8.0,,,
2023-03-14 18:00:00,Imported workout,3600,Romanian Deadlift (Barbell),Rest Timer,,,,90.0,
2023-03-14 18:00:00,Imported workout,3600,Incline Bench Press (Dumbbell),1,18.0,8.0,,,
2023-03-14 18:00:00,Imported workout,3600,Incline Bench Press (Dumbbell),Rest Timer,,,,90.0,
2023-03-14 18:00:00,Imported workout,3600,Incline Bench Press (Dumbbell),3,22.0,8.0,,,
2023-03-14 18:00:00,Imported workout,3600,Incline Bench Press (Dumbbell),Rest Timer,,,,90.0,
2023-03-14 18:00:00,Imported workout,3600,Incline Bench Press (Dumbbell),2,24.0,8.0,,,
2023-03-14 18:00:00,Imported workout,3600,Incline Bench Press (Dumbbell),Rest Timer,,,,90.0,
2023-03-14 18:00:00,Imported workout,3600,Incline Bench Press (Dumbbell),5,24.0,8.0,,,
2023-03-14 18:00:00,Imported workout,3600,Incline Bench Press (Dumbbell),Rest Timer,,,,90.0,
2023-03-14 18:00:00,Imported workout,3600,Incline Bench Press (Dumbbell),6,24.0,8.0,,,
2023-03-14 18:00:00,Imported workout,3600,Incline Bench Press (Dumbbell),Rest Timer,,,,90.0,
2023-03-14 18:00:00,Imported workout,3600,Incline Bench Press (Dumbbell),4,22.0,7.0,,,
2023-03-14 18:00:00,Imported workout,3600,Incline Bench Press (Dumbbell),Rest Timer,,,,90.0,
2023-03-14 18:00:00,Imported workout,3600,Seated Row (Cable),2,39.0,8.0,,,
2023-03-14 18:00:00,Imported workout,3600,Seated Row (Cable),Rest Timer,,,,90.0,
2023-03-14 18:00:00,Imported workout,3600,Seated Row (Cable),3,45.0,8.0,,,
2023-03-14 18:00:00,Imported workout,3600,Seated Row (Cable),Rest Timer,,,,90.0,
2023-03-14 18:00:00,Imported workout,3600,Seated Row (Cable),1,45.0,8.0,,,
2023-03-14 18:00:00,Imported workout,3600,Seated Row (Cable),Rest Timer,,,,90.0,
2023-03-14 18:00:00,Imported workout,3600,Leg Press,2,150.0,10.0,,,
2023-03-14 18:00:00,Imported workout,3600,Leg Press,Rest Timer,,,,90.0,
2023-03-14 18:00:00,Imported workout,3600,Leg Press,1,150.0,10.0,,,
2023-03-14 18:00:00,Imported workout,3600,Leg Press,Rest Timer,,,,90.0,
2023-03-14 18:00:00,Imported workout,3600,Standing Calf Raise (Machine),3,50.0,12.0,,,
2023-03-14 18:00:00,Imported workout,3600,Standing Calf Raise (Machine),Rest Timer,,,,90.0,
2023-03-14 18:00:00,Imported workout,3600,Standing Calf Raise (Machine),1,50.0,12.0,,,
2023-03-14 18:00:00,Imported workout,3600,Standing Calf Raise (Machine),Rest Timer,,,,90.0,
2023-03-14 18:00:00,Imported workout,3600,Standing Calf Raise (Machine),2,50.0,12.0,,,
2023-03-14 18:00:00,Imported workout,3600,Standing Calf Raise (Machine),Rest Timer,,,,90.0,
2023-03-14 18:00:00,Imported workout,3600,Reverse Fly (Machine),1,45.0,8.0,,,
2023-03-14 18:00:00,Imported workout,3600,Reverse Fly (Machine),Rest Timer,,,,90.0,
2023-03-14 18:00:00,Imported workout,3600,Reverse Fly (Machine),2,45.0,8.0,,,
2023-03-14 18:00:00,Imported workout,3600,Reverse Fly (Machine),Rest Timer,,,,90.0,
2023-03-14 18:00:00,Imported workout,3600,Preacher Curl (Machine),3,36.0,10.0,,,
2023-03-14 18:00:00,Imported workout,3600,Preacher Curl (Machine),Rest Timer,,,,90.0,
2023-03-14 18:00:00,Imported workout,3600,Preacher Curl (Machine),2,36.0,10.0,,,
2023-03-14 18:00:00,Imported workout,3600,Preacher Curl (Machine),Rest Timer,,,,90.0,
2023-03-14 18:00:00,Imported workout,3600,Triceps Extension (Cable),1,11.0,8.0,,,
2023-03-14 18:00:00,Imported workout,3600,Triceps Extension (Cable),Rest Timer,,,,90.0,
2023-03-14 18:00:00,Imported workout,3600,Triceps Extension (Cable),2,11.0,8.0,,,
2023-03-14 18:00:00,Imported workout,3600,Triceps Extension (Cable),Rest Timer,,,,90.0,
2023-03-14 18:00:00,Imported workout,3600,Preacher Curl (Machine),1,45.0,10.0,,,
2023-03-14 18:00:00,Imported workout,3600,Preacher Curl (Machine),Rest Timer,,,,90.0,
2023-03-14 18:00:00,Imported workout,3600,Triceps Extension (Cable),3,18.0,8.0,,,
2023-03-14 18:00:00,Imported workout,3600,Triceps Extension (Cable),Rest Timer,,,,90.0,
2023-03-15 18:00:00,Imported workout,3600,Bench Press (Barbell),1,20.0,12.0,,,
2023-03-15 18:00:00,Imported workout,3600,Bench Press (Barbell),Rest Timer,,,,90.0,
2023-03-15 18:00:00,Imported workout,3600,Bench Press (Barbell),6,40.0,8.0,,,
2023-03-15 18:00:00,Imported workout,3600,Bench Press (Barbell),Rest Timer,,,,90.0,
2023-03-15 18:00:00,Imported workout,3600,Bench Press (Barbell),2,70.0,8.0,,,
2023-03-15 18:00:00,Imported workout,3600,Bench Press (Barbell),Rest Timer,,,,90.0,
2023-03-15 18:00:00,Imported workout,3600,Bench Press (Barbell),3,70.0,7.0,,,
2023-03-15 18:00:00,Imported workout,3600,Bench Press (Barbell),Rest Timer,,,,90.0,
2023-03-15 18:00:00,Imported workout,3600,Bench Press (Barbell),4,70.0,7.0,,,
2023-03-15 18:00:00,Imported workout,3600,Bench Press (Barbell),Rest Timer,,,,90.0,
2023-03-15 18:00:00,Imported workout,3600,Bench Press (Barbell),5,70.0,5.0,,,
2023-03-15 18:00:00,Imported workout,3600,Bench Press (Barbell),Rest Timer,,,,90.0,
2023-03-15 18:00:00,Imported workout,3600,Overhead Press (Barbell),5,20.0,8.0,,,
2023-03-15 18:00:00,Imported workout,3600,Overhead Press (Barbell),Rest Timer,,,,90.0,
2023-03-15 18:00:00,Imported workout,3600,Overhead Press (Barbell),1,35.0,6.0,,,
2023-03-15 18:00:00,Imported workout,3600,Overhead Press (Barbell),Rest Timer,,,,90.0,
2023-03-15 18:00:00,Imported workout,3600,Overhead Press (Barbell),2,35.0,8.0,,,
2023-03-15 18:00:00,Imported workout,3600,Overhead Press (Barbell),Rest Timer,,,,90.0,
2023-03-15 18:00:00,Imported workout,3600,Overhead Press (Barbell),3,35.0,5.0,,,
2023-03-15 18:00:00,Imported workout,3600,Overhead Press (Barbell),Rest Timer,,,,90.0,
2023-03-15 18:00:00,Imported workout,3600,Overhead Press (Barbell),4,35.0,5.0,,,
2023-03-15 18:00:00,Imported workout,3600,Overhead Press (Barbell),Rest Timer,,,,90.0,
2023-03-15 18:00:00,Imported workout,3600,Lateral Raise (Dumbbell),2,8.0,12.0,,,
2023-03-15 18:00:00,Imported workout,3600,Lateral Raise (Dumbbell),Rest Timer,,,,90.0,
2023-03-15 18:00:00,Imported workout,3600,Lateral Raise (Dumbbell),1,8.0,12.0,,,
2023-03-15 18:00:00,Imported workout,3600,Lateral Raise (Dumbbell),Rest Timer,,,,90.0,
2023-03-15 18:00:00,Imported workout,3600,Lateral Raise (Dumbbell),3,8.0,10.0,,,
2023-03-15 18:00:00,Imported workout,3600,Lateral Raise (Dumbbell),Rest Timer,,,,90.0,
2023-03-15 18:00:00,Imported workout,3600,Chest Dip,3,0.0,8.0,,,
2023-03-15 18:00:00,Imported workout,3600,Chest Dip,Rest Timer,,,,90.0,
2023-03-15 18:00:00,Imported workout,3600,Chest Dip,1,0.0,8.0,,,
2023-03-15 18:00:00,Imported workout,3600,Chest Dip,Rest Timer,,,,90.0,
2023-03-15 18:00:00,Imported workout,3600,Chest Dip,2,0.0,8.0,,,
2023-03-15 18:00:00,Imported workout,3600,Chest Dip,Rest Timer,,,,90.0,
2023-03-15 18:00:00,Imported workout,3600,Pec Deck (Machine),3,59.0,10.0,,,
2023-03-15 18:00:00,Imported workout,3600,Pec Deck (Machine),Rest Timer,,,,90.0,
2023-03-15 18:00:00,Imported workout,3600,Pec Deck (Machine),2,66.0,10.0,,,
2023-03-15 18:00:00,Imported workout,3600,Pec Deck (Machine),Rest Timer,,,,90.0,
2023-03-15 18:00:00,Imported workout,3600,Pec Deck (Machine),1,66.0,8.0,,,
2023-03-15 18:00:00,Imported workout,3600,Pec Deck (Machine),Rest Timer,,,,90.0,
2023-03-15 18:00:00,Imported workout,3600,Triceps Pushdown (Cable - Straight Bar),2,18.0,8.0,,,
2023-03-15 18:00:00,Imported workout,3600,Triceps Pushdown (Cable - Straight Bar),Rest Timer,,,,90.0,
2023-03-15 18:00:00,Imported workout,3600,Triceps Pushdown (Cable - Straight Bar),1,20.0,6.0,,,
2023-03-15 18:00:00,Imported workout,3600,Triceps Pushdown (Cable - Straight Bar),Rest Timer,,,,90.0,
2023-03-15 18:00:00,Imported workout,3600,Knee Raise (Captain's Chair),2,,10.0,,,
2023-03-15 18:00:00,Imported workout,3600,Knee Raise (Captain's Chair),Rest Timer,,,,90.0,
2023-03-15 18:00:00,Imported workout,3600,Knee Raise (Captain's Chair),3,,10.0,,,
2023-03-15 18:00:00,Imported workout,3600,Knee Raise (Captain's Chair),Rest Timer,,,,90.0,
2023-03-15 18:00:00,Imported workout,3600,Knee Raise (Captain's Chair),1,,10.0,,,
2023-03-15 18:00:00,Imported workout,3600,Knee Raise (Captain's Chair),Rest Timer,,,,90.0,
2023-03-15 18:00:00,Imported workout,3600,Plank,3,,,,,
2023-03-15 18:00:00,Imported workout,3600,Plank,Rest Timer,,,,90.0,
2023-03-15 18:00:00,Imported workout,3600,Plank,2,,,,,
2023-03-15 18:00:00,Imported workout,3600,Plank,Rest Timer,,,,90.0,
2023-03-15 18:00:00,Imported workout,3600,Plank,1,,,,,
2023-03-15 18:00:00,Imported workout,3600,Plank,Rest Timer,,,,90.0,
2023-03-17 18:00:00,Imported workout,3600,Pull Up,5,,10.0,,,
2023-03-17 18:00:00,Imported workout,3600,Pull Up,Rest Timer,,,,90.0,
2023-03-17 18:00:00,Imported workout,3600,Pull Up,4,,8.0,,,
2023-03-17 18:00:00,Imported workout,3600,Pull Up,Rest Timer,,,,90.0,
2023-03-17 18:00:00,Imported workout,3600,Pull Up,3,,8.0,,,
2023-03-17 18:00:00,Imported workout,3600,Pull Up,Rest Timer,,,,90.0,
2023-03-17 18:00:00,Imported workout,3600,Pull Up,2,,6.0,,,
2023-03-17 18:00:00,Imported workout,3600,Pull Up,Rest Timer,,,,90.0,
2023-03-17 18:00:00,Imported workout,3600,Pull Up,1,,6.0,,,
2023-03-17 18:00:00,Imported workout,3600,Pull Up,Rest Timer,,,,90.0,
2023-03-17 18:00:00,Imported workout,3600,Squat (Barbell),4,50.0,8.0,,,
2023-03-17 18:00:00,Imported workout,3600,Squat (Barbell),Rest Timer,,,,90.0,
2023-03-17 18:00:00,Imported workout,3600,Squat (Barbell),3,70.0,8.0,,,
2023-03-17 18:00:00,Imported workout,3600,Squat (Barbell),Rest Timer,,,,90.0,
2023-03-17 18:00:00,Imported workout,3600,Squat (Barbell),2,70.0,8.0,,,
2023-03-17 18:00:00,Imported workout,3600,Squat (Barbell),Rest Timer,,,,90.0,
2023-03-17 18:00:00,Imported workout,3600,Squat (Barbell),5,80.0,7.0,,,
2023-03-17 18:00:00,Imported workout,3600,Squat (Barbell),Rest Timer,,,,90.0,
2023-03-17 18:00:00,Imported workout,3600,Squat (Barbell),1,80.0,6.0,,,
2023-03-17 18:00:00,Imported workout,3600,Squat (Barbell),Rest Timer,,,,90.0,
2023-03-17 18:00:00,Imported workout,3600,Preacher Curl (Barbell),1,20.0,8.0,,,
2023-03-17 18:00:00,Imported workout,3600,Preacher Curl (Barbell),Rest Timer,,,,90.0,
2023-03-17 18:00:00,Imported workout,3600,Preacher Curl (Barbell),3,22.5,8.0,,,
2023-03-17 18:00:00,Imported workout,3600,Preacher Curl (Barbell),Rest Timer,,,,90.0,
2023-03-17 18:00:00,Imported workout,3600,Preacher Curl (Barbell),2,22.5,6.0,,,
2023-03-17 18:00:00,Imported workout,3600,Preacher Curl (Barbell),Rest Timer,,,,90.0,
2023-03-17 18:00:00,Imported workout,3600,Lateral Raise (Dumbbell),3,8.0,12.0,,,
2023-03-17 18:00:00,Imported workout,3600,Lateral Raise (Dumbbell),Rest Timer,,,,90.0,
2023-03-17 18:00:00,Imported workout,3600,Lateral Raise (Dumbbell),2,8.0,12.0,,,
2023-03-17 18:00:00,Imported workout,3600,Lateral Raise (Dumbbell),Rest Timer,,,,90.0,
2023-03-17 18:00:00,Imported workout,3600,Lateral Raise (Dumbbell),1,8.0,8.0,,,
2023-03-17 18:00:00,Imported workout,3600,Lateral Raise (Dumbbell),Rest Timer,,,,90.0,
2023-03-17 18:00:00,Imported workout,3600,Knee Raise (Captain's Chair),3,,8.0,,,
2023-03-17 18:00:00,Imported workout,3600,Knee Raise (Captain's Chair),Rest Timer,,,,90.0,
2023-03-17 18:00:00,Imported workout,3600,Knee Raise (Captain's Chair),2,,10.0,,,
2023-03-17 18:00:00,Imported workout,3600,Knee Raise (Captain's Chair),Rest Timer,,,,90.0,
2023-03-17 18:00:00,Imported workout,3600,Knee Raise (Captain's Chair),1,,10.0,,,
2023-03-17 18:00:00,Imported workout,3600,Knee Raise (Captain's Chair),Rest Timer,,,,90.0,
2023-03-20 18:00:00,Imported workout,3600,Romanian Deadlift (Barbell),1,44.0,8.0,,,
2023-03-20 18:00:00,Imported workout,3600,Romanian Deadlift (Barbell),Rest Timer,,,,90.0,
2023-03-20 18:00:00,Imported workout,3600,Romanian Deadlift (Barbell),5,44.0,8.0,,,
2023-03-20 18:00:00,Imported workout,3600,Romanian Deadlift (Barbell),Rest Timer,,,,90.0,
2023-03-20 18:00:00,Imported workout,3600,Romanian Deadlift (Barbell),2,44.0,8.0,,,
2023-03-20 18:00:00,Imported workout,3600,Romanian Deadlift (Barbell),Rest Timer,,,,90.0,
2023-03-20 18:00:00,Imported workout,3600,Romanian Deadlift (Barbell),3,44.0,8.0,,,
2023-03-20 18:00:00,Imported workout,3600,Romanian Deadlift (Barbell),Rest Timer,,,,90.0,
2023-03-20 18:00:00,Imported workout,3600,Romanian Deadlift (Barbell),4,44.0,8.0,,,
2023-03-20 18:00:00,Imported workout,3600,Romanian Deadlift (Barbell),Rest Timer,,,,90.0,
2023-03-20 18:00:00,Imported workout,3600,Incline Bench Press (Barbell),1,30.0,12.0,,,
2023-03-20 18:00:00,Imported workout,3600,Incline Bench Press (Barbell),Rest Timer,,,,90.0,
2023-03-20 18:00:00,Imported workout,3600,Incline Bench Press (Barbell),6,50.0,8.0,,,
2023-03-20 18:00:00,Imported workout,3600,Incline Bench Press (Barbell),Rest Timer,,,,90.0,
2023-03-20 18:00:00,Imported workout,3600,Incline Bench Press (Barbell),2,50.0,10.0,,,
2023-03-20 18:00:00,Imported workout,3600,Incline Bench Press (Barbell),Rest Timer,,,,90.0,
2023-03-20 18:00:00,Imported workout,3600,Incline Bench Press (Barbell),3,50.0,10.0,,,
2023-03-20 18:00:00,Imported workout,3600,Incline Bench Press (Barbell),Rest Timer,,,,90.0,
2023-03-20 18:00:00,Imported workout,3600,Incline Bench Press (Barbell),4,50.0,10.0,,,
2023-03-20 18:00:00,Imported workout,3600,Incline Bench Press (Barbell),Rest Timer,,,,90.0,
2023-03-20 18:00:00,Imported workout,3600,Incline Bench Press (Barbell),5,50.0,10.0,,,
2023-03-20 18:00:00,Imported workout,3600,Incline Bench Press (Barbell),Rest Timer,,,,90.0,
2023-03-20 18:00:00,Imported workout,3600,Flat Leg Raise,3,,8.0,,,
2023-03-20 18:00:00,Imported workout,3600,Flat Leg Raise,Rest Timer,,,,90.0,
2023-03-20 18:00:00,Imported workout,3600,Plank,2,,,,,
2023-03-20 18:00:00,Imported workout,3600,Plank,Rest Timer,,,,90.0,
2023-03-20 18:00:00,Imported workout,3600,Plank,1,,,,,
2023-03-20 18:00:00,Imported workout,3600,Plank,Rest Timer,,,,90.0,
2023-03-20 18:00:00,Imported workout,3600,Flat Leg Raise,2,,8.0,,,
2023-03-20 18:00:00,Imported workout,3600,Flat Leg Raise,Rest Timer,,,,90.0,
2023-03-20 18:00:00,Imported workout,3600,Flat Leg Raise,1,,8.0,,,
2023-03-20 18:00:00,Imported workout,3600,Flat Leg Raise,Rest Timer,,,,90.0,
2023-03-20 18:00:00,Imported workout,3600,Seated Row (Cable),2,52.0,8.0,,,
2023-03-20 18:00:00,Imported workout,3600,Seated Row (Cable),Rest Timer,,,,90.0,
2023-03-20 18:00:00,Imported workout,3600,Seated Row (Cable),1,52.0,8.0,,,
2023-03-20 18:00:00,Imported workout,3600,Seated Row (Cable),Rest Timer,,,,90.0,
2023-03-20 18:00:00,Imported workout,3600,Leg Press,1,150.0,8.0,,,
2023-03-20 18:00:00,Imported workout,3600,Leg Press,Rest Timer,,,,90.0,
2023-03-20 18:00:00,Imported workout,3600,Standing Calf Raise (Machine),1,60.0,12.0,,,
2023-03-20 18:00:00,Imported workout,3600,Standing Calf Raise (Machine),Rest Timer,,,,90.0,
2023-03-20 18:00:00,Imported workout,3600,Standing Calf Raise (Machine),2,60.0,12.0,,,
2023-03-20 18:00:00,Imported workout,3600,Standing Calf Raise (Machine),Rest Timer,,,,90.0,
2023-03-20 18:00:00,Imported workout,3600,Standing Calf Raise (Machine),3,60.0,12.0,,,
2023-03-20 18:00:00,Imported workout,3600,Standing Calf Raise (Machine),Rest Timer,,,,90.0,
2023-03-20 18:00:00,Imported workout,3600,Skullcrusher (Dumbbell),1,10.0,8.0,,,
2023-03-20 18:00:00,Imported workout,3600,Skullcrusher (Dumbbell),Rest Timer,,,,90.0,
2023-03-20 18:00:00,Imported workout,3600,Skullcrusher (Dumbbell),3,10.0,8.0,,,
2023-03-20 18:00:00,Imported workout,3600,Skullcrusher (Dumbbell),Rest Timer,,,,90.0,
2023-03-20 18:00:00,Imported workout,3600,Skullcrusher (Dumbbell),2,10.0,8.0,,,
2023-03-20 18:00:00,Imported workout,3600,Skullcrusher (Dumbbell),Rest Timer,,,,90.0,
2023-03-20 18:00:00,Imported workout,3600,Incline Curl (Dumbbell),2,12.0,12.0,,,
2023-03-20 18:00:00,Imported workout,3600,Incline Curl (Dumbbell),Rest Timer,,,,90.0,
2023-03-20 18:00:00,Imported workout,3600,Incline Curl (Dumbbell),1,12.0,10.0,,,
2023-03-20 18:00:00,Imported workout,3600,Incline Curl (Dumbbell),Rest Timer,,,,90.0,
2023-03-20 18:00:00,Imported workout,3600,Incline Curl (Dumbbell),3,12.0,8.0,,,
2023-03-20 18:00:00,Imported workout,3600,Incline Curl (Dumbbell),Rest Timer,,,,90.0,
2023-03-20 18:00:00,Imported workout,3600,Reverse Fly (Machine),1,39.0,12.0,,,
2023-03-20 18:00:00,Imported workout,3600,Reverse Fly (Machine),Rest Timer,,,,90.0,
2023-03-20 18:00:00,Imported workout,3600,Reverse Fly (Machine),2,52.0,12.0,,,
2023-03-20 18:00:00,Imported workout,3600,Reverse Fly (Machine),Rest Timer,,,,90.0,
2023-03-22 18:00:00,Imported workout,3600,Bench Press (Dumbbell),1,16.0,8.0,,,
2023-03-22 18:00:00,Imported workout,3600,Bench Press (Dumbbell),Rest Timer,,,,90.0,
2023-03-22 18:00:00,Imported workout,3600,Bench Press (Dumbbell),2,22.0,8.0,,,
2023-03-22 18:00:00,Imported workout,3600,Bench Press (Dumbbell),Rest Timer,,,,90.0,
2023-03-22 18:00:00,Imported workout,3600,Bench Press (Dumbbell),6,26.0,8.0,,,
2023-03-22 18:00:00,Imported workout,3600,Bench Press (Dumbbell),Rest Timer,,,,90.0,
2023-03-22 18:00:00,Imported workout,3600,Bench Press (Dumbbell),3,26.0,9.0,,,
2023-03-22 18:00:00,Imported workout,3600,Bench Press (Dumbbell),Rest Timer,,,,90.0,
2023-03-22 18:00:00,Imported workout,3600,Bench Press (Dumbbell),4,28.0,8.0,,,
2023-03-22 18:00:00,Imported workout,3600,Bench Press (Dumbbell),Rest Timer,,,,90.0,
2023-03-22 18:00:00,Imported workout,3600,Bench Press (Dumbbell),5,26.0,9.0,,,
2023-03-22 18:00:00,Imported workout,3600,Bench Press (Dumbbell),Rest Timer,,,,90.0,
2023-03-22 18:00:00,Imported workout,3600,Chest Dip,5,0.0,8.0,,,
2023-03-22 18:00:00,Imported workout,3600,Chest Dip,Rest Timer,,,,90.0,
2023-03-22 18:00:00,Imported workout,3600,Chest Dip,1,0.0,8.0,,,
2023-03-22 18:00:00,Imported workout,3600,Chest Dip,Rest Timer,,,,90.0,
2023-03-22 18:00:00,Imported workout,3600,Chest Dip,2,0.0,8.0,,,
2023-03-22 18:00:00,Imported workout,3600,Chest Dip,Rest Timer,,,,90.0,
2023-03-22 18:00:00,Imported workout,3600,Chest Dip,3,0.0,8.0,,,
2023-03-22 18:00:00,Imported workout,3600,Chest Dip,Rest Timer,,,,90.0,
2023-03-22 18:00:00,Imported workout,3600,Chest Dip,4,0.0,5.0,,,
2023-03-22 18:00:00,Imported workout,3600,Chest Dip,Rest Timer,,,,90.0,
2023-03-22 18:00:00,Imported workout,3600,Cable Crossover,3,14.0,8.0,,,
2023-03-22 18:00:00,Imported workout,3600,Cable Crossover,Rest Timer,,,,90.0,
2023-03-22 18:00:00,Imported workout,3600,Cable Crossover,2,14.0,8.0,,,
2023-03-22 18:00:00,Imported workout,3600,Cable Crossover,Rest Timer,,,,90.0,
2023-03-22 18:00:00,Imported workout,3600,Cable Crossover,1,18.6,10.0,,,
2023-03-22 18:00:00,Imported workout,3600,Cable Crossover,Rest Timer,,,,90.0,
2023-03-22 18:00:00,Imported workout,3600,Seated Overhead Press (Dumbbell),5,14.0,8.0,,,
2023-03-22 18:00:00,Imported workout,3600,Seated Overhead Press (Dumbbell),Rest Timer,,,,90.0,
2023-03-22 18:00:00,Imported workout,3600,Seated Overhead Press (Dumbbell),1,18.0,8.0,,,
2023-03-22 18:00:00,Imported workout,3600,Seated Overhead Press (Dumbbell),Rest Timer,,,,90.0,
2023-03-22 18:00:00,Imported workout,3600,Seated Overhead Press (Dumbbell),2,18.0,10.0,,,
2023-03-22 18:00:00,Imported workout,3600,Seated Overhead Press (Dumbbell),Rest Timer,,,,90.0,
2023-03-22 18:00:00,Imported workout,3600,Seated Overhead Press (Dumbbell),3,18.0,7.0,,,
2023-03-22 18:00:00,Imported workout,3600,Seated Overhead Press (Dumbbell),Rest Timer,,,,90.0,
2023-03-22 18:00:00,Imported workout,3600,Seated Overhead Press (Dumbbell),4,18.0,8.0,,,
2023-03-22 18:00:00,Imported workout,3600,Seated Overhead Press (Dumbbell),Rest Timer,,,,90.0,
2023-03-22 18:00:00,Imported workout,3600,Lateral Raise (Dumbbell),1,8.0,12.0,,,
2023-03-22 18:00:00,Imported workout,3600,Lateral Raise (Dumbbell),Rest Timer,,,,90.0,
2023-03-22 18:00:00,Imported workout,3600,Lateral Raise (Dumbbell),3,8.0,12.0,,,
2023-03-22 18:00:00,Imported workout,3600,Lateral Raise (Dumbbell),Rest Timer,,,,90.0,
2023-03-22 18:00:00,Imported workout,3600,Lateral Raise (Dumbbell),2,8.0,10.0,,,
2023-03-22 18:00:00,Imported workout,3600,Lateral Raise (Dumbbell),Rest Timer,,,,90.0,
2023-03-22 18:00:00,Imported workout,3600,Triceps Pushdown (Cable - Straight Bar),1,16.6,12.0,,,
2023-03-22 18:00:00,Imported workout,3600,Triceps Pushdown (Cable - Straight Bar),Rest Timer,,,,90.0,
2023-03-22 18:00:00,Imported workout,3600,Triceps Pushdown (Cable - Straight Bar),2,16.6,10.0,,,
2023-03-22 18:00:00,Imported workout,3600,Triceps Pushdown (Cable - Straight Bar),Rest Timer,,,,90.0,
2023-03-22 18:00:00,Imported workout,3600,Triceps Pushdown (Cable - Straight Bar),3,16.6,8.0,,,
2023-03-22 18:00:00,Imported workout,3600,Triceps Pushdown (Cable - Straight Bar),Rest Timer,,,,90.0,
2023-03-24 18:00:00,Imported workout,3600,Pull Up,5,,8.0,,,
2023-03-24 18:00:00,Imported workout,3600,Pull Up,Rest Timer,,,,90.0,
2023-03-24 18:00:00,Imported workout,3600,Pull Up,2,,3.0,,,
2023-03-24 18:00:00,Imported workout,3600,Pull Up,Rest Timer,,,,90.0,
2023-03-24 18:00:00,Imported workout,3600,Pull Up,3,,5.0,,,
2023-03-24 18:00:00,Imported workout,3600,Pull Up,Rest Timer,,,,90.0,
2023-03-24 18:00:00,Imported workout,3600,Pull Up,1,,3.0,,,
2023-03-24 18:00:00,Imported workout,3600,Pull Up,Rest Timer,,,,90.0,
2023-03-24 18:00:00,Imported workout,3600,Pull Up,4,,4.0,,,
2023-03-24 18:00:00,Imported workout,3600,Pull Up,Rest Timer,,,,90.0,
2023-03-24 18:00:00,Imported workout,3600,Squat (Barbell),1,20.0,8.0,,,
2023-03-24 18:00:00,Imported workout,3600,Squat (Barbell),Rest Timer,,,,90.0,
2023-03-24 18:00:00,Imported workout,3600,Squat (Barbell),2,70.0,8.0,,,
2023-03-24 18:00:00,Imported workout,3600,Squat (Barbell),Rest Timer,,,,90.0,
2023-03-24 18:00:00,Imported workout,3600,Squat (Barbell),3,70.0,8.0,,,
2023-03-24 18:00:00,Imported workout,3600,Squat (Barbell),Rest Timer,,,,90.0,
2023-03-24 18:00:00,Imported workout,3600,Squat (Barbell),6,50.0,8.0,,,
2023-03-24 18:00:00,Imported workout,3600,Squat (Barbell),Rest Timer,,,,90.0,
2023-03-24 18:00:00,Imported workout,3600,Squat (Barbell),4,50.0,8.0,,,
2023-03-24 18:00:00,Imported workout,3600,Squat (Barbell),Rest Timer,,,,90.0,
2023-03-24 18:00:00,Imported workout,3600,Squat (Barbell),5,50.0,8.0,,,
2023-03-24 18:00:00,Imported workout,3600,Squat (Barbell),Rest Timer,,,,90.0,
2023-03-24 18:00:00,Imported workout,3600,Lat Pulldown (Cable),1,45.0,8.0,,,
2023-03-24 18:00:00,Imported workout,3600,Lat Pulldown (Cable),Rest Timer,,,,90.0,
2023-03-24 18:00:00,Imported workout,3600,Lat Pulldown (Cable),2,52.0,8.0,,,
2023-03-24 18:00:00,Imported workout,3600,Lat Pulldown (Cable),Rest Timer,,,,90.0,
2023-03-24 18:00:00,Imported workout,3600,Lat Pulldown (Cable),3,52.0,8.0,,,
2023-03-24 18:00:00,Imported workout,3600,Lat Pulldown (Cable),Rest Timer,,,,90.0,
2023-03-24 18:00:00,Imported workout,3600,Lat Pulldown (Cable),4,52.0,8.0,,,
2023-03-24 18:00:00,Imported workout,3600,Lat Pulldown (Cable),Rest Timer,,,,90.0,
2023-03-24 18:00:00,Imported workout,3600,T Bar Row,2,20.0,8.0,,,
2023-03-24 18:00:00,Imported workout,3600,T Bar Row,Rest Timer,,,,90.0,
2023-03-24 18:00:00,Imported workout,3600,T Bar Row,3,40.0,8.0,,,
2023-03-24 18:00:00,Imported workout,3600,T Bar Row,Rest Timer,,,,90.0,
2023-03-24 18:00:00,Imported workout,3600,T Bar Row,1,50.0,8.0,,,
2023-03-24 18:00:00,Imported workout,3600,T Bar Row,Rest Timer,,,,90.0,
2023-03-24 18:00:00,Imported workout,3600,Bent Over One Arm Row (Dumbbell),3,14.0,8.0,,,
2023-03-24 18:00:00,Imported workout,3600,Bent Over One Arm Row (Dumbbell),Rest Timer,,,,90.0,
2023-03-24 18:00:00,Imported workout,3600,Bent Over One Arm Row (Dumbbell),1,14.0,8.0,,,
2023-03-24 18:00:00,Imported workout,3600,Bent Over One Arm Row (Dumbbell),Rest Timer,,,,90.0,
2023-03-24 18:00:00,Imported workout,3600,Bent Over One Arm Row (Dumbbell),2,16.0,8.0,,,
2023-03-24 18:00:00,Imported workout,3600,Bent Over One Arm Row (Dumbbell),Rest Timer,,,,90.0,
2023-03-24 18:00:00,Imported workout,3600,Incline Curl (Dumbbell),1,10.0,12.0,,,
2023-03-24 18:00:00,Imported workout,3600,Incline Curl (Dumbbell),Rest Timer,,,,90.0,
2023-03-24 18:00:00,Imported workout,3600,Incline Curl (Dumbbell),2,10.0,12.0,,,
2023-03-24 18:00:00,Imported workout,3600,Incline Curl (Dumbbell),Rest Timer,,,,90.0,
2023-03-24 18:00:00,Imported workout,3600,Incline Curl (Dumbbell),3,10.0,10.0,,,
2023-03-24 18:00:00,Imported workout,3600,Incline Curl (Dumbbell),Rest Timer,,,,90.0,
2023-03-24 18:00:00,Imported workout,3600,Hammer Curl (Dumbbell),1,10.0,10.0,,,
2023-03-24 18:00:00,Imported workout,3600,Hammer Curl (Dumbbell),Rest Timer,,,,90.0,
2023-03-24 18:00:00,Imported workout,3600,Plank,1,,,,,
2023-03-24 18:00:00,Imported workout,3600,Plank,Rest Timer,,,,90.0,
2023-03-24 18:00:00,Imported workout,3600,Plank,3,,,,,
2023-03-24 18:00:00,Imported workout,3600,Plank,Rest Timer,,,,90.0,
2023-03-24 18:00:00,Imported workout,3600,Knee Raise (Captain's Chair),1,,8.0,,,
2023-03-24 18:00:00,Imported workout,3600,Knee Raise (Captain's Chair),Rest Timer,,,,90.0,
2023-03-24 18:00:00,Imported workout,3600,Knee Raise (Captain's Chair),2,,8.0,,,
2023-03-24 18:00:00,Imported workout,3600,Knee Raise (Captain's Chair),Rest Timer,,,,90.0,
2023-03-24 18:00:00,Imported workout,3600,Knee Raise (Captain's Chair),3,,12.0,,,
2023-03-24 18:00:00,Imported workout,3600,Knee Raise (Captain's Chair),Rest Timer,,,,90.0,
2023-03-24 18:00:00,Imported workout,3600,Plank,2,,,,,
2023-03-24 18:00:00,Imported workout,3600,Plank,Rest Timer,,,,90.0,
2023-03-24 18:00:00,Imported workout,3600,Hammer Curl (Dumbbell),2,10.0,10.0,,,
2023-03-24 18:00:00,Imported workout,3600,Hammer Curl (Dumbbell),Rest Timer,,,,90.0,
2023-03-24 18:00:00,Imported workout,3600,Hammer Curl (Dumbbell),3,10.0,10.0,,,
2023-03-24 18:00:00,Imported workout,3600,Hammer Curl (Dumbbell),Rest Timer,,,,90.0,
2023-03-28 18:00:00,Imported workout,3600,Romanian Deadlift (Barbell),5,48.0,8.0,,,
2023-03-28 18:00:00,Imported workout,3600,Romanian Deadlift (Barbell),Rest Timer,,,,90.0,
2023-03-28 18:00:00,Imported workout,3600,Romanian Deadlift (Barbell),1,48.0,8.0,,,
2023-03-28 18:00:00,Imported workout,3600,Romanian Deadlift (Barbell),Rest Timer,,,,90.0,
2023-03-28 18:00:00,Imported workout,3600,Romanian Deadlift (Barbell),2,48.0,8.0,,,
2023-03-28 18:00:00,Imported workout,3600,Romanian Deadlift (Barbell),Rest Timer,,,,90.0,
2023-03-28 18:00:00,Imported workout,3600,Romanian Deadlift (Barbell),3,48.0,8.0,,,
2023-03-28 18:00:00,Imported workout,3600,Romanian Deadlift (Barbell),Rest Timer,,,,90.0,
2023-03-28 18:00:00,Imported workout,3600,Romanian Deadlift (Barbell),4,48.0,8.0,,,
2023-03-28 18:00:00,Imported workout,3600,Romanian Deadlift (Barbell),Rest Timer,,,,90.0,
2023-03-28 18:00:00,Imported workout,3600,Incline Bench Press (Dumbbell),1,20.0,8.0,,,
2023-03-28 18:00:00,Imported workout,3600,Incline Bench Press (Dumbbell),Rest Timer,,,,90.0,
2023-03-28 18:00:00,Imported workout,3600,Incline Bench Press (Dumbbell),6,24.0,8.0,,,
2023-03-28 18:00:00,Imported workout,3600,Incline Bench Press (Dumbbell),Rest Timer,,,,90.0,
2023-03-28 18:00:00,Imported workout,3600,Incline Bench Press (Dumbbell),2,26.0,8.0,,,
2023-03-28 18:00:00,Imported workout,3600,Incline Bench Press (Dumbbell),Rest Timer,,,,90.0,
2023-03-28 18:00:00,Imported workout,3600,Incline Bench Press (Dumbbell),3,26.0,8.0,,,
2023-03-28 18:00:00,Imported workout,3600,Incline Bench Press (Dumbbell),Rest Timer,,,,90.0,
2023-03-28 18:00:00,Imported workout,3600,Incline Bench Press (Dumbbell),4,24.0,8.0,,,
2023-03-28 18:00:00,Imported workout,3600,Incline Bench Press (Dumbbell),Rest Timer,,,,90.0,
2023-03-28 18:00:00,Imported workout,3600,Incline Bench Press (Dumbbell),5,24.0,9.0,,,
2023-03-28 18:00:00,Imported workout,3600,Incline Bench Press (Dumbbell),Rest Timer,,,,90.0,
2023-03-28 18:00:00,Imported workout,3600,Seated Row (Cable),1,45.0,8.0,,,
2023-03-28 18:00:00,Imported workout,3600,Seated Row (Cable),Rest Timer,,,,90.0,
2023-03-28 18:00:00,Imported workout,3600,Seated Row (Cable),2,52.0,8.0,,,
2023-03-28 18:00:00,Imported workout,3600,Seated Row (Cable),Rest Timer,,,,90.0,
2023-03-28 18:00:00,Imported workout,3600,Standing Calf Raise (Machine),3,137.0,12.0,,,
2023-03-28 18:00:00,Imported workout,3600,Standing Calf Raise (Machine),Rest Timer,,,,90.0,
2023-03-28 18:00:00,Imported workout,3600,Leg Press,2,140.0,8.0,,,
2023-03-28 18:00:00,Imported workout,3600,Leg Press,Rest Timer,,,,90.0,
2023-03-28 18:00:00,Imported workout,3600,Leg Press,3,140.0,12.0,,,
2023-03-28 18:00:00,Imported workout,3600,Leg Press,Rest Timer,,,,90.0,
2023-03-28 18:00:00,Imported workout,3600,Leg Press,1,140.0,12.0,,,
2023-03-28 18:00:00,Imported workout,3600,Leg Press,Rest Timer,,,,90.0,
2023-03-28 18:00:00,Imported workout,3600,Standing Calf Raise (Machine),2,137.0,12.0,,,
2023-03-28 18:00:00,Imported workout,3600,Standing Calf Raise (Machine),Rest Timer,,,,90.0,
2023-03-28 18:00:00,Imported workout,3600,Standing Calf Raise (Machine),1,137.0,12.0,,,
2023-03-28 18:00:00,Imported workout,3600,Standing Calf Raise (Machine),Rest Timer,,,,90.0,
2023-03-28 18:00:00,Imported workout,3600,Incline Curl (Dumbbell),1,10.0,12.0,,,
2023-03-28 18:00:00,Imported workout,3600,Incline Curl (Dumbbell),Rest Timer,,,,90.0,
2023-03-28 18:00:00,Imported workout,3600,Incline Curl (Dumbbell),2,10.0,12.0,,,
2023-03-28 18:00:00,Imported workout,3600,Incline Curl (Dumbbell),Rest Timer,,,,90.0,
2023-03-28 18:00:00,Imported workout,3600,Incline Curl (Dumbbell),3,10.0,12.0,,,
2023-03-28 18:00:00,Imported workout,3600,Incline Curl (Dumbbell),Rest Timer,,,,90.0,
2023-03-28 18:00:00,Imported workout,3600,Skullcrusher (Dumbbell),1,10.0,12.0,,,
2023-03-28 18:00:00,Imported workout,3600,Skullcrusher (Dumbbell),Rest Timer,,,,90.0,
2023-03-28 18:00:00,Imported workout,3600,Skullcrusher (Dumbbell),3,10.0,12.0,,,
2023-03-28 18:00:00,Imported workout,3600,Skullcrusher (Dumbbell),Rest Timer,,,,90.0,
2023-03-28 18:00:00,Imported workout,3600,Skullcrusher (Dumbbell),2,10.0,8.0,,,
2023-03-28 18:00:00,Imported workout,3600,Skullcrusher (Dumbbell),Rest Timer,,,,90.0,
2023-03-28 18:00:00,Imported workout,3600,Plank,2,,,,,
2023-03-28 18:00:00,Imported workout,3600,Plank,Rest Timer,,,,90.0,
2023-03-28 18:00:00,Imported workout,3600,Plank,1,,,,,
2023-03-28 18:00:00,Imported workout,3600,Plank,Rest Timer,,,,90.0,
2023-03-28 18:00:00,Imported workout,3600,Decline Crunch,2,,10.0,,,
2023-03-28 18:00:00,Imported workout,3600,Decline Crunch,Rest Timer,,,,90.0,
2023-03-28 18:00:00,Imported workout,3600,Decline Crunch,3,,10.0,,,
2023-03-28 18:00:00,Imported workout,3600,Decline Crunch,Rest Timer,,,,90.0,
2023-03-28 18:00:00,Imported workout,3600,Plank,3,,,,,
2023-03-28 18:00:00,Imported workout,3600,Plank,Rest Timer,,,,90.0,
2023-03-28 18:00:00,Imported workout,3600,Decline Crunch,1,,10.0,,,
2023-03-28 18:00:00,Imported workout,3600,Decline Crunch,Rest Timer,,,,90.0,
2023-03-29 18:00:00,Imported workout,3600,Bench Press (Barbell),1,20.0,10.0,,,
2023-03-29 18:00:00,Imported workout,3600,Bench Press (Barbell),Rest Timer,,,,90.0,
2023-03-29 18:00:00,Imported workout,3600,Bench Press (Barbell),2,50.0,8.0,,,
2023-03-29 18:00:00,Imported workout,3600,Bench Press (Barbell),Rest Timer,,,,90.0,
2023-03-29 18:00:00,Imported workout,3600,Bench Press (Barbell),3,70.0,8.0,,,
2023-03-29 18:00:00,Imported workout,3600,Bench Press (Barbell),Rest Timer,,,,90.0,
2023-03-29 18:00:00,Imported workout,3600,Bench Press (Barbell),4,75.0,4.0,,,
2023-03-29 18:00:00,Imported workout,3600,Bench Press (Barbell),Rest Timer,,,,90.0,
2023-03-29 18:00:00,Imported workout,3600,Bench Press (Barbell),5,75.0,3.0,,,
2023-03-29 18:00:00,Imported workout,3600,Bench Press (Barbell),Rest Timer,,,,90.0,
2023-03-29 18:00:00,Imported workout,3600,Bench Press (Barbell),6,72.5,3.0,,,
2023-03-29 18:00:00,Imported workout,3600,Bench Press (Barbell),Rest Timer,,,,90.0,
2023-03-29 18:00:00,Imported workout,3600,Seated Overhead Press (Dumbbell),2,18.0,8.0,,,
2023-03-29 18:00:00,Imported workout,3600,Seated Overhead Press (Dumbbell),Rest Timer,,,,90.0,
2023-03-29 18:00:00,Imported workout,3600,Seated Overhead Press (Dumbbell),3,20.0,8.0,,,
2023-03-29 18:00:00,Imported workout,3600,Seated Overhead Press (Dumbbell),Rest Timer,,,,90.0,
2023-03-29 18:00:00,Imported workout,3600,Seated Overhead Press (Dumbbell),4,20.0,8.0,,,
2023-03-29 18:00:00,Imported workout,3600,Seated Overhead Press (Dumbbell),Rest Timer,,,,90.0,
2023-03-29 18:00:00,Imported workout,3600,Seated Overhead Press (Dumbbell),5,20.0,8.0,,,
2023-03-29 18:00:00,Imported workout,3600,Seated Overhead Press (Dumbbell),Rest Timer,,,,90.0,
2023-03-29 18:00:00,Imported workout,3600,Seated Overhead Press (Dumbbell),1,20.0,11.0,,,
2023-03-29 18:00:00,Imported workout,3600,Seated Overhead Press (Dumbbell),Rest Timer,,,,90.0,
2023-03-29 18:00:00,Imported workout,3600,Chest Dip,5,0.0,6.0,,,
2023-03-29 18:00:00,Imported workout,3600,Chest Dip,Rest Timer,,,,90.0,
2023-03-29 18:00:00,Imported workout,3600,Chest Dip,4,0.0,6.0,,,
2023-03-29 18:00:00,Imported workout,3600,Chest Dip,Rest Timer,,,,90.0,
2023-03-29 18:00:00,Imported workout,3600,Chest Dip,3,0.0,6.0,,,
2023-03-29 18:00:00,Imported workout,3600,Chest Dip,Rest Timer,,,,90.0,
2023-03-29 18:00:00,Imported workout,3600,Chest Dip,1,0.0,6.0,,,
2023-03-29 18:00:00,Imported workout,3600,Chest Dip,Rest Timer,,,,90.0,
2023-03-29 18:00:00,Imported workout,3600,Chest Dip,2,0.0,6.0,,,
2023-03-29 18:00:00,Imported workout,3600,Chest Dip,Rest Timer,,,,90.0,
2023-03-29 18:00:00,Imported workout,3600,Triceps Pushdown (Cable - Straight Bar),1,16.3,12.0,,,
2023-03-29 18:00:00,Imported workout,3600,Triceps Pushdown (Cable - Straight Bar),Rest Timer,,,,90.0,
2023-03-29 18:00:00,Imported workout,3600,Lateral Raise (Dumbbell),1,7.0,12.0,,,
2023-03-29 18:00:00,Imported workout,3600,Lateral Raise (Dumbbell),Rest Timer,,,,90.0,
2023-03-29 18:00:00,Imported workout,3600,Lateral Raise (Dumbbell),2,7.0,12.0,,,
2023-03-29 18:00:00,Imported workout,3600,Lateral Raise (Dumbbell),Rest Timer,,,,90.0,
2023-03-29 18:00:00,Imported workout,3600,Lateral Raise (Dumbbell),3,7.0,12.0,,,
2023-03-29 18:00:00,Imported workout,3600,Lateral Raise (Dumbbell),Rest Timer,,,,90.0,
2023-03-29 18:00:00,Imported workout,3600,Triceps Pushdown (Cable - Straight Bar),3,16.3,12.0,,,
2023-03-29 18:00:00,Imported workout,3600,Triceps Pushdown (Cable - Straight Bar),Rest Timer,,,,90.0,
2023-03-29 18:00:00,Imported workout,3600,Triceps Pushdown (Cable - Straight Bar),2,16.3,12.0,,,
2023-03-29 18:00:00,Imported workout,3600,Triceps Pushdown (Cable - Straight Bar),Rest Timer,,,,90.0,
2023-03-29 18:00:00,Imported workout,3600,Cable Crossover,1,14.0,8.0,,,
2023-03-29 18:00:00,Imported workout,3600,Cable Crossover,Rest Timer,,,,90.0,
2023-03-29 18:00:00,Imported workout,3600,Cable Crossover,2,14.0,8.0,,,
2023-03-29 18:00:00,Imported workout,3600,Cable Crossover,Rest Timer,,,,90.0,
2023-03-29 18:00:00,Imported workout,3600,Cable Crossover,3,14.0,8.0,,,
2023-03-29 18:00:00,Imported workout,3600,Cable Crossover,Rest Timer,,,,90.0,
2023-03-31 18:00:00,Imported workout,3600,Pull Up,1,,9.0,,,
2023-03-31 18:00:00,Imported workout,3600,Pull Up,Rest Timer,,,,90.0,
2023-03-31 18:00:00,Imported workout,3600,Pull Up,2,,8.0,,,
2023-03-31 18:00:00,Imported workout,3600,Pull Up,Rest Timer,,,,90.0,
2023-03-31 18:00:00,Imported workout,3600,Pull Up,5,,6.0,,,
2023-03-31 18:00:00,Imported workout,3600,Pull Up,Rest Timer,,,,90.0,
2023-03-31 18:00:00,Imported workout,3600,Pull Up,3,,7.0,,,
2023-03-31 18:00:00,Imported workout,3600,Pull Up,Rest Timer,,,,90.0,
2023-03-31 18:00:00,Imported workout,3600,Pull Up,4,,6.0,,,
2023-03-31 18:00:00,Imported workout,3600,Pull Up,Rest Timer,,,,90.0,
2023-03-31 18:00:00,Imported workout,3600,Lat Pulldown (Cable),4,32.0,6.0,,,
2023-03-31 18:00:00,Imported workout,3600,Lat Pulldown (Cable),Rest Timer,,,,90.0,
2023-03-31 18:00:00,Imported workout,3600,Lat Pulldown (Cable),3,59.0,7.0,,,
2023-03-31 18:00:00,Imported workout,3600,Lat Pulldown (Cable),Rest Timer,,,,90.0,
2023-03-31 18:00:00,Imported workout,3600,Squat (Barbell),2,15.0,8.0,,,
2023-03-31 18:00:00,Imported workout,3600,Squat (Barbell),Rest Timer,,,,90.0,
2023-03-31 18:00:00,Imported workout,3600,Squat (Barbell),3,35.0,8.0,,,
2023-03-31 18:00:00,Imported workout,3600,Squat (Barbell),Rest Timer,,,,90.0,
2023-03-31 18:00:00,Imported workout,3600,Squat (Barbell),4,75.0,8.0,,,
2023-03-31 18:00:00,Imported workout,3600,Squat (Barbell),Rest Timer,,,,90.0,
2023-03-31 18:00:00,Imported workout,3600,Squat (Barbell),5,75.0,8.0,,,
2023-03-31 18:00:00,Imported workout,3600,Squat (Barbell),Rest Timer,,,,90.0,
2023-03-31 18:00:00,Imported workout,3600,Squat (Barbell),1,75.0,8.0,,,
2023-03-31 18:00:00,Imported workout,3600,Squat (Barbell),Rest Timer,,,,90.0,
2023-03-31 18:00:00,Imported workout,3600,Lat Pulldown (Cable),2,59.0,8.0,,,
2023-03-31 18:00:00,Imported workout,3600,Lat Pulldown (Cable),Rest Timer,,,,90.0,
2023-03-31 18:00:00,Imported workout,3600,Lat Pulldown (Cable),1,59.0,8.0,,,
2023-03-31 18:00:00,Imported workout,3600,Lat Pulldown (Cable),Rest Timer,,,,90.0,
2023-03-31 18:00:00,Imported workout,3600,Preacher Curl (Barbell),3,22.5,6.0,,,
2023-03-31 18:00:00,Imported workout,3600,Preacher Curl (Barbell),Rest Timer,,,,90.0,
2023-03-31 18:00:00,Imported workout,3600,Preacher Curl (Barbell),1,22.5,7.0,,,
2023-03-31 18:00:00,Imported workout,3600,Preacher Curl (Barbell),Rest Timer,,,,90.0,
2023-03-31 18:00:00,Imported workout,3600,Preacher Curl (Barbell),2,22.5,6.0,,,
2023-03-31 18:00:00,Imported workout,3600,Preacher Curl (Barbell),Rest Timer,,,,90.0,
2023-03-31 18:00:00,Imported workout,3600,Hammer Curl (Dumbbell),1,10.0,12.0,,,
2023-03-31 18:00:00,Imported workout,3600,Hammer Curl (Dumbbell),Rest Timer,,,,90.0,
2023-03-31 18:00:00,Imported workout,3600,Lateral Raise (Dumbbell),1,8.0,12.0,,,
2023-03-31 18:00:00,Imported workout,3600,Lateral Raise (Dumbbell),Rest Timer,,,,90.0,
2023-03-31 18:00:00,Imported workout,3600,Lateral Raise (Dumbbell),2,8.0,12.0,,,
2023-03-31 18:00:00,Imported workout,3600,Lateral Raise (Dumbbell),Rest Timer,,,,90.0,
2023-03-31 18:00:00,Imported workout,3600,Hammer Curl (Dumbbell),3,10.0,12.0,,,
2023-03-31 18:00:00,Imported workout,3600,Hammer Curl (Dumbbell),Rest Timer,,,,90.0,
2023-03-31 18:00:00,Imported workout,3600,Lateral Raise (Dumbbell),3,8.0,8.0,,,
2023-03-31 18:00:00,Imported workout,3600,Lateral Raise (Dumbbell),Rest Timer,,,,90.0,
2023-03-31 18:00:00,Imported workout,3600,Hammer Curl (Dumbbell),2,10.0,12.0,,,
2023-03-31 18:00:00,Imported workout,3600,Hammer Curl (Dumbbell),Rest Timer,,,,90.0,
2023-03-31 18:00:00,Imported workout,3600,Knee Raise (Captain's Chair),1,,12.0,,,
2023-03-31 18:00:00,Imported workout,3600,Knee Raise (Captain's Chair),Rest Timer,,,,90.0,
2023-03-31 18:00:00,Imported workout,3600,Knee Raise (Captain's Chair),2,,12.0,,,
2023-03-31 18:00:00,Imported workout,3600,Knee Raise (Captain's Chair),Rest Timer,,,,90.0,
2023-03-31 18:00:00,Imported workout,3600,Knee Raise (Captain's Chair),3,,12.0,,,
2023-03-31 18:00:00,Imported workout,3600,Knee Raise (Captain's Chair),Rest Timer,,,,90.0,
2023-04-02 18:00:00,Imported workout,3600,Romanian Deadlift (Barbell),5,48.0,8.0,,,
2023-04-02 18:00:00,Imported workout,3600,Romanian Deadlift (Barbell),Rest Timer,,,,90.0,
2023-04-02 18:00:00,Imported workout,3600,Romanian Deadlift (Barbell),1,48.0,8.0,,,
2023-04-02 18:00:00,Imported workout,3600,Romanian Deadlift (Barbell),Rest Timer,,,,90.0,
2023-04-02 18:00:00,Imported workout,3600,Romanian Deadlift (Barbell),2,48.0,6.0,,,
2023-04-02 18:00:00,Imported workout,3600,Romanian Deadlift (Barbell),Rest Timer,,,,90.0,
2023-04-02 18:00:00,Imported workout,3600,Romanian Deadlift (Barbell),3,48.0,8.0,,,
2023-04-02 18:00:00,Imported workout,3600,Romanian Deadlift (Barbell),Rest Timer,,,,90.0,
2023-04-02 18:00:00,Imported workout,3600,Romanian Deadlift (Barbell),4,48.0,8.0,,,
2023-04-02 18:00:00,Imported workout,3600,Romanian Deadlift (Barbell),Rest Timer,,,,90.0,
2023-04-02 18:00:00,Imported workout,3600,Incline Bench Press (Barbell),2,20.0,8.0,,,
2023-04-02 18:00:00,Imported workout,3600,Incline Bench Press (Barbell),Rest Timer,,,,90.0,
2023-04-02 18:00:00,Imported workout,3600,Incline Bench Press (Barbell),6,50.0,8.0,,,
2023-04-02 18:00:00,Imported workout,3600,Incline Bench Press (Barbell),Rest Timer,,,,90.0,
2023-04-02 18:00:00,Imported workout,3600,Incline Bench Press (Barbell),3,60.0,6.0,,,
2023-04-02 18:00:00,Imported workout,3600,Incline Bench Press (Barbell),Rest Timer,,,,90.0,
2023-04-02 18:00:00,Imported workout,3600,Incline Bench Press (Barbell),4,60.0,8.0,,,
2023-04-02 18:00:00,Imported workout,3600,Incline Bench Press (Barbell),Rest Timer,,,,90.0,
2023-04-02 18:00:00,Imported workout,3600,Incline Bench Press (Barbell),5,60.0,8.0,,,
2023-04-02 18:00:00,Imported workout,3600,Incline Bench Press (Barbell),Rest Timer,,,,90.0,
2023-04-02 18:00:00,Imported workout,3600,Incline Bench Press (Barbell),1,60.0,8.0,,,
2023-04-02 18:00:00,Imported workout,3600,Incline Bench Press (Barbell),Rest Timer,,,,90.0,
2023-04-02 18:00:00,Imported workout,3600,Seated Row (Cable),2,45.0,8.0,,,
2023-04-02 18:00:00,Imported workout,3600,Seated Row (Cable),Rest Timer,,,,90.0,
2023-04-02 18:00:00,Imported workout,3600,Seated Row (Cable),3,45.0,8.0,,,
2023-04-02 18:00:00,Imported workout,3600,Seated Row (Cable),Rest Timer,,,,90.0,
2023-04-02 18:00:00,Imported workout,3600,Seated Row (Cable),1,45.0,8.0,,,
2023-04-02 18:00:00,Imported workout,3600,Seated Row (Cable),Rest Timer,,,,90.0,
2023-04-02 18:00:00,Imported workout,3600,Standing Calf Raise (Machine),3,60.0,8.0,,,
2023-04-02 18:00:00,Imported workout,3600,Standing Calf Raise (Machine),Rest Timer,,,,90.0,
2023-04-02 18:00:00,Imported workout,3600,Standing Calf Raise (Machine),2,60.0,12.0,,,
2023-04-02 18:00:00,Imported workout,3600,Standing Calf Raise (Machine),Rest Timer,,,,90.0,
2023-04-02 18:00:00,Imported workout,3600,Standing Calf Raise (Machine),1,80.0,8.0,,,
2023-04-02 18:00:00,Imported workout,3600,Standing Calf Raise (Machine),Rest Timer,,,,90.0,
2023-04-02 18:00:00,Imported workout,3600,Leg Press,1,150.0,8.0,,,
2023-04-02 18:00:00,Imported workout,3600,Leg Press,Rest Timer,,,,90.0,
2023-04-02 18:00:00,Imported workout,3600,Leg Press,2,150.0,8.0,,,
2023-04-02 18:00:00,Imported workout,3600,Leg Press,Rest Timer,,,,90.0,
2023-04-02 18:00:00,Imported workout,3600,Leg Press,3,150.0,8.0,,,
2023-04-02 18:00:00,Imported workout,3600,Leg Press,Rest Timer,,,,90.0,
2023-04-02 18:00:00,Imported workout,3600,Incline Curl (Dumbbell),1,12.0,12.0,,,
2023-04-02 18:00:00,Imported workout,3600,Incline Curl (Dumbbell),Rest Timer,,,,90.0,
2023-04-02 18:00:00,Imported workout,3600,Incline Curl (Dumbbell),2,12.0,10.0,,,
2023-04-02 18:00:00,Imported workout,3600,Incline Curl (Dumbbell),Rest Timer,,,,90.0,
2023-04-02 18:00:00,Imported workout,3600,Incline Curl (Dumbbell),3,12.0,9.0,,,
2023-04-02 18:00:00,Imported workout,3600,Incline Curl (Dumbbell),Rest Timer,,,,90.0,
2023-04-02 18:00:00,Imported workout,3600,Skullcrusher (Dumbbell),1,10.0,12.0,,,
2023-04-02 18:00:00,Imported workout,3600,Skullcrusher (Dumbbell),Rest Timer,,,,90.0,
2023-04-02 18:00:00,Imported workout,3600,Skullcrusher (Dumbbell),2,10.0,10.0,,,
2023-04-02 18:00:00,Imported workout,3600,Skullcrusher (Dumbbell),Rest Timer,,,,90.0,
2023-04-02 18:00:00,Imported workout,3600,Skullcrusher (Dumbbell),3,10.0,10.0,,,
2023-04-02 18:00:00,Imported workout,3600,Skullcrusher (Dumbbell),Rest Timer,,,,90.0,
2023-04-02 18:00:00,Imported workout,3600,Knee Raise (Captain's Chair),2,,6.0,,,
2023-04-02 18:00:00,Imported workout,3600,Knee Raise (Captain's Chair),Rest Timer,,,,90.0,
2023-04-02 18:00:00,Imported workout,3600,Plank,1,,,,,
2023-04-02 18:00:00,Imported workout,3600,Plank,Rest Timer,,,,90.0,
2023-04-02 18:00:00,Imported workout,3600,Knee Raise (Captain's Chair),1,,6.0,,,
2023-04-02 18:00:00,Imported workout,3600,Knee Raise (Captain's Chair),Rest Timer,,,,90.0,
2023-04-03 18:00:00,Imported workout,3600,Bench Press (Barbell),6,20.0,12.0,,,
2023-04-03 18:00:00,Imported workout,3600,Bench Press (Barbell),Rest Timer,,,,90.0,
2023-04-03 18:00:00,Imported workout,3600,Bench Press (Barbell),5,50.0,8.0,,,
2023-04-03 18:00:00,Imported workout,3600,Bench Press (Barbell),Rest Timer,,,,90.0,
2023-04-03 18:00:00,Imported workout,3600,Bench Press (Barbell),1,75.0,7.0,,,
2023-04-03 18:00:00,Imported workout,3600,Bench Press (Barbell),Rest Timer,,,,90.0,
2023-04-03 18:00:00,Imported workout,3600,Bench Press (Barbell),4,75.0,7.0,,,
2023-04-03 18:00:00,Imported workout,3600,Bench Press (Barbell),Rest Timer,,,,90.0,
2023-04-03 18:00:00,Imported workout,3600,Bench Press (Barbell),3,75.0,6.0,,,
2023-04-03 18:00:00,Imported workout,3600,Bench Press (Barbell),Rest Timer,,,,90.0,
2023-04-03 18:00:00,Imported workout,3600,Bench Press (Barbell),2,75.0,6.0,,,
2023-04-03 18:00:00,Imported workout,3600,Bench Press (Barbell),Rest Timer,,,,90.0,
2023-04-03 18:00:00,Imported workout,3600,Chest Dip,5,0.0,10.0,,,
2023-04-03 18:00:00,Imported workout,3600,Chest Dip,Rest Timer,,,,90.0,
2023-04-03 18:00:00,Imported workout,3600,Chest Dip,4,0.0,10.0,,,
2023-04-03 18:00:00,Imported workout,3600,Chest Dip,Rest Timer,,,,90.0,
2023-04-03 18:00:00,Imported workout,3600,Chest Dip,3,0.0,6.0,,,
2023-04-03 18:00:00,Imported workout,3600,Chest Dip,Rest Timer,,,,90.0,
2023-04-03 18:00:00,Imported workout,3600,Chest Dip,2,0.0,6.0,,,
2023-04-03 18:00:00,Imported workout,3600,Chest Dip,Rest Timer,,,,90.0,
2023-04-03 18:00:00,Imported workout,3600,Chest Dip,1,0.0,5.0,,,
2023-04-03 18:00:00,Imported workout,3600,Chest Dip,Rest Timer,,,,90.0,
2023-04-03 18:00:00,Imported workout,3600,Overhead Press (Barbell),5,30.0,8.0,,,
2023-04-03 18:00:00,Imported workout,3600,Overhead Press (Barbell),Rest Timer,,,,90.0,
2023-04-03 18:00:00,Imported workout,3600,Overhead Press (Barbell),3,40.0,5.0,,,
2023-04-03 18:00:00,Imported workout,3600,Overhead Press (Barbell),Rest Timer,,,,90.0,
2023-04-03 18:00:00,Imported workout,3600,Overhead Press (Barbell),4,40.0,5.0,,,
2023-04-03 18:00:00,Imported workout,3600,Overhead Press (Barbell),Rest Timer,,,,90.0,
2023-04-03 18:00:00,Imported workout,3600,Overhead Press (Barbell),2,30.0,6.0,,,
2023-04-03 18:00:00,Imported workout,3600,Overhead Press (Barbell),Rest Timer,,,,90.0,
2023-04-03 18:00:00,Imported workout,3600,Overhead Press (Barbell),1,30.0,6.0,,,
2023-04-03 18:00:00,Imported workout,3600,Overhead Press (Barbell),Rest Timer,,,,90.0,
2023-04-03 18:00:00,Imported workout,3600,Lateral Raise (Dumbbell),1,7.0,12.0,,,
2023-04-03 18:00:00,Imported workout,3600,Lateral Raise (Dumbbell),Rest Timer,,,,90.0,
2023-04-03 18:00:00,Imported workout,3600,Lateral Raise (Dumbbell),2,7.0,12.0,,,
2023-04-03 18:00:00,Imported workout,3600,Lateral Raise (Dumbbell),Rest Timer,,,,90.0,
2023-04-03 18:00:00,Imported workout,3600,Lateral Raise (Dumbbell),3,7.0,8.0,,,
2023-04-03 18:00:00,Imported workout,3600,Lateral Raise (Dumbbell),Rest Timer,,,,90.0,
2023-04-03 18:00:00,Imported workout,3600,Skullcrusher (Dumbbell),1,10.0,8.0,,,
2023-04-03 18:00:00,Imported workout,3600,Skullcrusher (Dumbbell),Rest Timer,,,,90.0,
2023-04-03 18:00:00,Imported workout,3600,Skullcrusher (Dumbbell),3,10.0,8.0,,,
2023-04-03 18:00:00,Imported workout,3600,Skullcrusher (Dumbbell),Rest Timer,,,,90.0,
2023-04-03 18:00:00,Imported workout,3600,Skullcrusher (Dumbbell),2,10.0,7.0,,,
2023-04-03 18:00:00,Imported workout,3600,Skullcrusher (Dumbbell),Rest Timer,,,,90.0,
2023-04-03 18:00:00,Imported workout,3600,Chest Fly (Dumbbell),1,10.0,8.0,,,
2023-04-03 18:00:00,Imported workout,3600,Chest Fly (Dumbbell),Rest Timer,,,,90.0,
2023-04-03 18:00:00,Imported workout,3600,Chest Fly (Dumbbell),2,10.0,8.0,,,
2023-04-03 18:00:00,Imported workout,3600,Chest Fly (Dumbbell),Rest Timer,,,,90.0,
2023-04-03 18:00:00,Imported workout,3600,Chest Fly (Dumbbell),3,10.0,8.0,,,
2023-04-03 18:00:00,Imported workout,3600,Chest Fly (Dumbbell),Rest Timer,,,,90.0,
2023-04-05 18:00:00,Imported workout,3600,Pull Up,4,7.0,7.0,,,
2023-04-05 18:00:00,Imported workout,3600,Pull Up,Rest Timer,,,,90.0,
2023-04-05 18:00:00,Imported workout,3600,Pull Up,2,7.0,7.0,,,
2023-04-05 18:00:00,Imported workout,3600,Pull Up,Rest Timer,,,,90.0,
2023-04-05 18:00:00,Imported workout,3600,Pull Up,3,7.0,6.0,,,
2023-04-05 18:00:00,Imported workout,3600,Pull Up,Rest Timer,,,,90.0,
2023-04-05 18:00:00,Imported workout,3600,Pull Up,1,7.0,3.0,,,
2023-04-05 18:00:00,Imported workout,3600,Pull Up,Rest Timer,,,,90.0,
2023-04-05 18:00:00,Imported workout,3600,Squat (Barbell),1,20.0,8.0,,,
2023-04-05 18:00:00,Imported workout,3600,Squat (Barbell),Rest Timer,,,,90.0,
2023-04-05 18:00:00,Imported workout,3600,Squat (Barbell),2,50.0,8.0,,,
2023-04-05 18:00:00,Imported workout,3600,Squat (Barbell),Rest Timer,,,,90.0,
2023-04-05 18:00:00,Imported workout,3600,Squat (Barbell),3,70.0,8.0,,,
2023-04-05 18:00:00,Imported workout,3600,Squat (Barbell),Rest Timer,,,,90.0,
2023-04-05 18:00:00,Imported workout,3600,Squat (Barbell),5,70.0,8.0,,,
2023-04-05 18:00:00,Imported workout,3600,Squat (Barbell),Rest Timer,,,,90.0,
2023-04-05 18:00:00,Imported workout,3600,Squat (Barbell),4,70.0,8.0,,,
2023-04-05 18:00:00,Imported workout,3600,Squat (Barbell),Rest Timer,,,,90.0,
2023-04-05 18:00:00,Imported workout,3600,Lat Pulldown (Cable),2,45.0,8.0,,,
2023-04-05 18:00:00,Imported workout,3600,Lat Pulldown (Cable),Rest Timer,,,,90.0,
2023-04-05 18:00:00,Imported workout,3600,Lat Pulldown (Cable),3,59.0,8.0,,,
2023-04-05 18:00:00,Imported workout,3600,Lat Pulldown (Cable),Rest Timer,,,,90.0,
2023-04-05 18:00:00,Imported workout,3600,Lat Pulldown (Cable),4,59.0,8.0,,,
2023-04-05 18:00:00,Imported workout,3600,Lat Pulldown (Cable),Rest Timer,,,,90.0,
2023-04-05 18:00:00,Imported workout,3600,Lat Pulldown (Cable),5,59.0,7.0,,,
2023-04-05 18:00:00,Imported workout,3600,Lat Pulldown (Cable),Rest Timer,,,,90.0,
2023-04-05 18:00:00,Imported workout,3600,Lat Pulldown (Cable),6,52.0,8.0,,,
2023-04-05 18:00:00,Imported workout,3600,Lat Pulldown (Cable),Rest Timer,,,,90.0,
2023-04-05 18:00:00,Imported workout,3600,Lat Pulldown (Cable),1,52.0,8.0,,,
2023-04-05 18:00:00,Imported workout,3600,Lat Pulldown (Cable),Rest Timer,,,,90.0,
2023-04-05 18:00:00,Imported workout,3600,Seated Row (Machine),4,32.0,8.0,,,
2023-04-05 18:00:00,Imported workout,3600,Seated Row (Machine),Rest Timer,,,,90.0,
2023-04-05 18:00:00,Imported workout,3600,Seated Row (Machine),3,32.0,8.0,,,
2023-04-05 18:00:00,Imported workout,3600,Seated Row (Machine),Rest Timer,,,,90.0,
2023-04-05 18:00:00,Imported workout,3600,Seated Row (Machine),1,32.0,8.0,,,
2023-04-05 18:00:00,Imported workout,3600,Seated Row (Machine),Rest Timer,,,,90.0,
2023-04-05 18:00:00,Imported workout,3600,Seated Row (Machine),2,32.0,8.0,,,
2023-04-05 18:00:00,Imported workout,3600,Seated Row (Machine),Rest Timer,,,,90.0,
2023-04-05 18:00:00,Imported workout,3600,Preacher Curl (Barbell),3,22.5,5.0,,,
2023-04-05 18:00:00,Imported workout,3600,Preacher Curl (Barbell),Rest Timer,,,,90.0,
2023-04-05 18:00:00,Imported workout,3600,Preacher Curl (Barbell),2,22.5,5.0,,,
2023-04-05 18:00:00,Imported workout,3600,Preacher Curl (Barbell),Rest Timer,,,,90.0,
2023-04-05 18:00:00,Imported workout,3600,Preacher Curl (Barbell),1,22.5,4.0,,,
2023-04-05 18:00:00,Imported workout,3600,Preacher Curl (Barbell),Rest Timer,,,,90.0,
2023-04-05 18:00:00,Imported workout,3600,Hammer Curl (Dumbbell),1,10.0,10.0,,,
2023-04-05 18:00:00,Imported workout,3600,Hammer Curl (Dumbbell),Rest Timer,,,,90.0,
2023-04-05 18:00:00,Imported workout,3600,Hammer Curl (Dumbbell),2,10.0,12.0,,,
2023-04-05 18:00:00,Imported workout,3600,Hammer Curl (Dumbbell),Rest Timer,,,,90.0,
2023-04-05 18:00:00,Imported workout,3600,Hammer Curl (Dumbbell),3,10.0,12.0,,,
2023-04-05 18:00:00,Imported workout,3600,Hammer Curl (Dumbbell),Rest Timer,,,,90.0,
2023-04-05 18:00:00,Imported workout,3600,Lateral Raise (Dumbbell),1,8.0,8.0,,,
2023-04-05 18:00:00,Imported workout,3600,Lateral Raise (Dumbbell),Rest Timer,,,,90.0,
2023-04-05 18:00:00,Imported workout,3600,Lateral Raise (Dumbbell),2,8.0,8.0,,,
2023-04-05 18:00:00,Imported workout,3600,Lateral Raise (Dumbbell),Rest Timer,,,,90.0,
2023-04-05 18:00:00,Imported workout,3600,Lateral Raise (Dumbbell),3,8.0,8.0,,,
2023-04-05 18:00:00,Imported workout,3600,Lateral Raise (Dumbbell),Rest Timer,,,,90.0,
2023-04-05 18:00:00,Imported workout,3600,Knee Raise (Captain's Chair),2,,12.0,,,
2023-04-05 18:00:00,Imported workout,3600,Knee Raise (Captain's Chair),Rest Timer,,,,90.0,
2023-04-05 18:00:00,Imported workout,3600,Knee Raise (Captain's Chair),3,,12.0,,,
2023-04-05 18:00:00,Imported workout,3600,Knee Raise (Captain's Chair),Rest Timer,,,,90.0,
2023-04-05 18:00:00,Imported workout,3600,Knee Raise (Captain's Chair),1,,12.0,,,
2023-04-05 18:00:00,Imported workout,3600,Knee Raise (Captain's Chair),Rest Timer,,,,90.0,
2023-04-05 18:00:00,Imported workout,3600,Decline Crunch,1,,8.0,,,
2023-04-05 18:00:00,Imported workout,3600,Decline Crunch,Rest Timer,,,,90.0,
2023-04-07 18:00:00,Imported workout,3600,Knee Raise (Captain's Chair),3,,12.0,,,
2023-04-07 18:00:00,Imported workout,3600,Knee Raise (Captain's Chair),Rest Timer,,,,90.0,
2023-04-07 18:00:00,Imported workout,3600,Knee Raise (Captain's Chair),1,,12.0,,,
2023-04-07 18:00:00,Imported workout,3600,Knee Raise (Captain's Chair),Rest Timer,,,,90.0,
2023-04-07 18:00:00,Imported workout,3600,Knee Raise (Captain's Chair),2,,12.0,,,
2023-04-07 18:00:00,Imported workout,3600,Knee Raise (Captain's Chair),Rest Timer,,,,90.0,
2023-04-07 18:00:00,Imported workout,3600,Romanian Deadlift (Barbell),1,48.0,8.0,,,
2023-04-07 18:00:00,Imported workout,3600,Romanian Deadlift (Barbell),Rest Timer,,,,90.0,
2023-04-07 18:00:00,Imported workout,3600,Romanian Deadlift (Barbell),2,48.0,8.0,,,
2023-04-07 18:00:00,Imported workout,3600,Romanian Deadlift (Barbell),Rest Timer,,,,90.0,
2023-04-07 18:00:00,Imported workout,3600,Romanian Deadlift (Barbell),3,48.0,8.0,,,
2023-04-07 18:00:00,Imported workout,3600,Romanian Deadlift (Barbell),Rest Timer,,,,90.0,
2023-04-07 18:00:00,Imported workout,3600,Romanian Deadlift (Barbell),5,48.0,8.0,,,
2023-04-07 18:00:00,Imported workout,3600,Romanian Deadlift (Barbell),Rest Timer,,,,90.0,
2023-04-07 18:00:00,Imported workout,3600,Romanian Deadlift (Barbell),4,48.0,8.0,,,
2023-04-07 18:00:00,Imported workout,3600,Romanian Deadlift (Barbell),Rest Timer,,,,90.0,
2023-04-07 18:00:00,Imported workout,3600,Incline Bench Press (Smith Machine),3,50.0,8.0,,,
2023-04-07 18:00:00,Imported workout,3600,Incline Bench Press (Smith Machine),Rest Timer,,,,90.0,
2023-04-07 18:00:00,Imported workout,3600,Incline Bench Press (Smith Machine),4,70.0,8.0,,,
2023-04-07 18:00:00,Imported workout,3600,Incline Bench Press (Smith Machine),Rest Timer,,,,90.0,
2023-04-07 18:00:00,Imported workout,3600,Incline Bench Press (Smith Machine),5,72.5,8.0,,,
2023-04-07 18:00:00,Imported workout,3600,Incline Bench Press (Smith Machine),Rest Timer,,,,90.0,
2023-04-07 18:00:00,Imported workout,3600,Incline Bench Press (Smith Machine),1,72.5,8.0,,,
2023-04-07 18:00:00,Imported workout,3600,Incline Bench Press (Smith Machine),Rest Timer,,,,90.0,
2023-04-07 18:00:00,Imported workout,3600,Incline Bench Press (Smith Machine),2,70.0,8.0,,,
2023-04-07 18:00:00,Imported workout,3600,Incline Bench Press (Smith Machine),Rest Timer,,,,90.0,
2023-04-07 18:00:00,Imported workout,3600,Leg Press,3,150.0,10.0,,,
2023-04-07 18:00:00,Imported workout,3600,Leg Press,Rest Timer,,,,90.0,
2023-04-07 18:00:00,Imported workout,3600,Leg Press,2,150.0,10.0,,,
2023-04-07 18:00:00,Imported workout,3600,Leg Press,Rest Timer,,,,90.0,
2023-04-07 18:00:00,Imported workout,3600,Leg Press,1,150.0,10.0,,,
2023-04-07 18:00:00,Imported workout,3600,Leg Press,Rest Timer,,,,90.0,
2023-04-07 18:00:00,Imported workout,3600,Standing Calf Raise (Machine),1,45.0,12.0,,,
2023-04-07 18:00:00,Imported workout,3600,Standing Calf Raise (Machine),Rest Timer,,,,90.0,
2023-04-07 18:00:00,Imported workout,3600,Standing Calf Raise (Machine),2,45.0,12.0,,,
2023-04-07 18:00:00,Imported workout,3600,Standing Calf Raise (Machine),Rest Timer,,,,90.0,
2023-04-07 18:00:00,Imported workout,3600,Standing Calf Raise (Machine),3,45.0,12.0,,,
2023-04-07 18:00:00,Imported workout,3600,Standing Calf Raise (Machine),Rest Timer,,,,90.0,
2023-04-07 18:00:00,Imported workout,3600,Seated Row (Machine),1,41.0,8.0,,,
2023-04-07 18:00:00,Imported workout,3600,Seated Row (Machine),Rest Timer,,,,90.0,
2023-04-07 18:00:00,Imported workout,3600,Seated Row (Machine),2,45.0,8.0,,,
2023-04-07 18:00:00,Imported workout,3600,Seated Row (Machine),Rest Timer,,,,90.0,
2023-04-07 18:00:00,Imported workout,3600,Seated Row (Machine),3,45.0,8.0,,,
2023-04-07 18:00:00,Imported workout,3600,Seated Row (Machine),Rest Timer,,,,90.0,
2023-04-07 18:00:00,Imported workout,3600,Triceps Pushdown (Cable - Straight Bar),3,18.0,12.0,,,
2023-04-07 18:00:00,Imported workout,3600,Triceps Pushdown (Cable - Straight Bar),Rest Timer,,,,90.0,
2023-04-07 18:00:00,Imported workout,3600,Triceps Pushdown (Cable - Straight Bar),2,18.0,8.0,,,
2023-04-07 18:00:00,Imported workout,3600,Triceps Pushdown (Cable - Straight Bar),Rest Timer,,,,90.0,
2023-04-07 18:00:00,Imported workout,3600,Triceps Pushdown (Cable - Straight Bar),1,18.0,8.0,,,
2023-04-07 18:00:00,Imported workout,3600,Triceps Pushdown (Cable - Straight Bar),Rest Timer,,,,90.0,
2023-04-07 18:00:00,Imported workout,3600,Preacher Curl (Machine),1,41.0,12.0,,,
2023-04-07 18:00:00,Imported workout,3600,Preacher Curl (Machine),Rest Timer,,,,90.0,
2023-04-07 18:00:00,Imported workout,3600,Preacher Curl (Machine),2,45.0,10.0,,,
2023-04-07 18:00:00,Imported workout,3600,Preacher Curl (Machine),Rest Timer,,,,90.0,
2023-04-07 18:00:00,Imported workout,3600,Preacher Curl (Machine),3,45.0,12.0,,,
2023-04-07 18:00:00,Imported workout,3600,Preacher Curl (Machine),Rest Timer,,,,90.0,
2023-04-11 18:00:00,Imported workout,3600,Bench Press (Dumbbell),1,18.0,8.0,,,
2023-04-11 18:00:00,Imported workout,3600,Bench Press (Dumbbell),Rest Timer,,,,90.0,
2023-04-11 18:00:00,Imported workout,3600,Bench Press (Dumbbell),2,28.0,10.0,,,
2023-04-11 18:00:00,Imported workout,3600,Bench Press (Dumbbell),Rest Timer,,,,90.0,
2023-04-11 18:00:00,Imported workout,3600,Bench Press (Dumbbell),3,32.0,1.0,,,
2023-04-11 18:00:00,Imported workout,3600,Bench Press (Dumbbell),Rest Timer,,,,90.0,
2023-04-11 18:00:00,Imported workout,3600,Bench Press (Dumbbell),6,30.0,7.0,,,
2023-04-11 18:00:00,Imported workout,3600,Bench Press (Dumbbell),Rest Timer,,,,90.0,
2023-04-11 18:00:00,Imported workout,3600,Bench Press (Dumbbell),4,30.0,6.0,,,
2023-04-11 18:00:00,Imported workout,3600,Bench Press (Dumbbell),Rest Timer,,,,90.0,
2023-04-11 18:00:00,Imported workout,3600,Bench Press (Dumbbell),5,28.0,8.0,,,
2023-04-11 18:00:00,Imported workout,3600,Bench Press (Dumbbell),Rest Timer,,,,90.0,
2023-04-11 18:00:00,Imported workout,3600,Chest Dip,5,0.0,8.0,,,
2023-04-11 18:00:00,Imported workout,3600,Chest Dip,Rest Timer,,,,90.0,
2023-04-11 18:00:00,Imported workout,3600,Chest Dip,1,0.0,8.0,,,
2023-04-11 18:00:00,Imported workout,3600,Chest Dip,Rest Timer,,,,90.0,
2023-04-11 18:00:00,Imported workout,3600,Chest Dip,2,0.0,8.0,,,
2023-04-11 18:00:00,Imported workout,3600,Chest Dip,Rest Timer,,,,90.0,
2023-04-11 18:00:00,Imported workout,3600,Chest Dip,3,0.0,8.0,,,
2023-04-11 18:00:00,Imported workout,3600,Chest Dip,Rest Timer,,,,90.0,
2023-04-11 18:00:00,Imported workout,3600,Chest Dip,4,0.0,6.0,,,
2023-04-11 18:00:00,Imported workout,3600,Chest Dip,Rest Timer,,,,90.0,
2023-04-11 18:00:00,Imported workout,3600,Seated Overhead Press (Dumbbell),5,18.0,8.0,,,
2023-04-11 18:00:00,Imported workout,3600,Seated Overhead Press (Dumbbell),Rest Timer,,,,90.0,
2023-04-11 18:00:00,Imported workout,3600,Seated Overhead Press (Dumbbell),4,18.0,8.0,,,
2023-04-11 18:00:00,Imported workout,3600,Seated Overhead Press (Dumbbell),Rest Timer,,,,90.0,
2023-04-11 18:00:00,Imported workout,3600,Seated Overhead Press (Dumbbell),3,18.0,8.0,,,
2023-04-11 18:00:00,Imported workout,3600,Seated Overhead Press (Dumbbell),Rest Timer,,,,90.0,
2023-04-11 18:00:00,Imported workout,3600,Seated Overhead Press (Dumbbell),2,18.0,8.0,,,
2023-04-11 18:00:00,Imported workout,3600,Seated Overhead Press (Dumbbell),Rest Timer,,,,90.0,
2023-04-11 18:00:00,Imported workout,3600,Seated Overhead Press (Dumbbell),1,18.0,8.0,,,
2023-04-11 18:00:00,Imported workout,3600,Seated Overhead Press (Dumbbell),Rest Timer,,,,90.0,
2023-04-11 18:00:00,Imported workout,3600,Chest Fly (Dumbbell),1,10.0,8.0,,,
2023-04-11 18:00:00,Imported workout,3600,Chest Fly (Dumbbell),Rest Timer,,,,90.0,
2023-04-11 18:00:00,Imported workout,3600,Chest Fly (Dumbbell),2,10.0,6.0,,,
2023-04-11 18:00:00,Imported workout,3600,Chest Fly (Dumbbell),Rest Timer,,,,90.0,
2023-04-11 18:00:00,Imported workout,3600,Chest Fly (Dumbbell),3,10.0,8.0,,,
2023-04-11 18:00:00,Imported workout,3600,Chest Fly (Dumbbell),Rest Timer,,,,90.0,
2023-04-11 18:00:00,Imported workout,3600,Lateral Raise (Dumbbell),1,7.0,8.0,,,
2023-04-11 18:00:00,Imported workout,3600,Lateral Raise (Dumbbell),Rest Timer,,,,90.0,
2023-04-11 18:00:00,Imported workout,3600,Lateral Raise (Dumbbell),3,7.0,8.0,,,
2023-04-11 18:00:00,Imported workout,3600,Lateral Raise (Dumbbell),Rest Timer,,,,90.0,
2023-04-11 18:00:00,Imported workout,3600,Lateral Raise (Dumbbell),2,7.0,8.0,,,
2023-04-11 18:00:00,Imported workout,3600,Lateral Raise (Dumbbell),Rest Timer,,,,90.0,
2023-04-11 18:00:00,Imported workout,3600,Triceps Pushdown (Cable - Straight Bar),1,14.0,7.0,,,
2023-04-11 18:00:00,Imported workout,3600,Triceps Pushdown (Cable - Straight Bar),Rest Timer,,,,90.0,
2023-04-11 18:00:00,Imported workout,3600,Triceps Pushdown (Cable - Straight Bar),2,14.0,6.0,,,
2023-04-11 18:00:00,Imported workout,3600,Triceps Pushdown (Cable - Straight Bar),Rest Timer,,,,90.0,
2023-04-11 18:00:00,Imported workout,3600,Triceps Pushdown (Cable - Straight Bar),3,14.0,6.0,,,
2023-04-11 18:00:00,Imported workout,3600,Triceps Pushdown (Cable - Straight Bar),Rest Timer,,,,90.0,
2023-04-11 18:00:00,Imported workout,3600,Triceps Pushdown (Cable - Straight Bar),4,14.0,8.0,,,
2023-04-11 18:00:00,Imported workout,3600,Triceps Pushdown (Cable - Straight Bar),Rest Timer,,,,90.0,
2023-04-12 18:00:00,Imported workout,3600,Pull Up,1,8.0,8.0,,,
2023-04-12 18:00:00,Imported workout,3600,Pull Up,Rest Timer,,,,90.0,
2023-04-12 18:00:00,Imported workout,3600,Pull Up,2,8.0,5.0,,,
2023-04-12 18:00:00,Imported workout,3600,Pull Up,Rest Timer,,,,90.0,
2023-04-12 18:00:00,Imported workout,3600,Pull Up,3,8.0,5.0,,,
2023-04-12 18:00:00,Imported workout,3600,Pull Up,Rest Timer,,,,90.0,
2023-04-12 18:00:00,Imported workout,3600,Pull Up,5,8.0,4.0,,,
2023-04-12 18:00:00,Imported workout,3600,Pull Up,Rest Timer,,,,90.0,
2023-04-12 18:00:00,Imported workout,3600,Pull Up,4,8.0,4.0,,,
2023-04-12 18:00:00,Imported workout,3600,Pull Up,Rest Timer,,,,90.0,
2023-04-12 18:00:00,Imported workout,3600,Squat (Barbell),1,20.0,8.0,,,
2023-04-12 18:00:00,Imported workout,3600,Squat (Barbell),Rest Timer,,,,90.0,
2023-04-12 18:00:00,Imported workout,3600,Squat (Barbell),5,40.0,8.0,,,
2023-04-12 18:00:00,Imported workout,3600,Squat (Barbell),Rest Timer,,,,90.0,
2023-04-12 18:00:00,Imported workout,3600,Squat (Barbell),2,50.0,8.0,,,
2023-04-12 18:00:00,Imported workout,3600,Squat (Barbell),Rest Timer,,,,90.0,
2023-04-12 18:00:00,Imported workout,3600,Squat (Barbell),3,90.0,6.0,,,
2023-04-12 18:00:00,Imported workout,3600,Squat (Barbell),Rest Timer,,,,90.0,
2023-04-12 18:00:00,Imported workout,3600,Squat (Barbell),4,90.0,8.0,,,
2023-04-12 18:00:00,Imported workout,3600,Squat (Barbell),Rest Timer,,,,90.0,
2023-04-12 18:00:00,Imported workout,3600,Lat Pulldown (Cable),5,39.0,8.0,,,
2023-04-12 18:00:00,Imported workout,3600,Lat Pulldown (Cable),Rest Timer,,,,90.0,
2023-04-12 18:00:00,Imported workout,3600,Lat Pulldown (Cable),3,52.0,8.0,,,
2023-04-12 18:00:00,Imported workout,3600,Lat Pulldown (Cable),Rest Timer,,,,90.0,
2023-04-12 18:00:00,Imported workout,3600,Lat Pulldown (Cable),4,52.0,8.0,,,
2023-04-12 18:00:00,Imported workout,3600,Lat Pulldown (Cable),Rest Timer,,,,90.0,
2023-04-12 18:00:00,Imported workout,3600,Lat Pulldown (Cable),2,52.0,8.0,,,
2023-04-12 18:00:00,Imported workout,3600,Lat Pulldown (Cable),Rest Timer,,,,90.0,
2023-04-12 18:00:00,Imported workout,3600,Lat Pulldown (Cable),1,52.0,8.0,,,
2023-04-12 18:00:00,Imported workout,3600,Lat Pulldown (Cable),Rest Timer,,,,90.0,
2023-04-12 18:00:00,Imported workout,3600,Seated Row (Machine),2,25.0,8.0,,,
2023-04-12 18:00:00,Imported workout,3600,Seated Row (Machine),Rest Timer,,,,90.0,
2023-04-12 18:00:00,Imported workout,3600,Seated Row (Machine),3,25.0,8.0,,,
2023-04-12 18:00:00,Imported workout,3600,Seated Row (Machine),Rest Timer,,,,90.0,
2023-04-12 18:00:00,Imported workout,3600,Seated Row (Machine),4,25.0,8.0,,,
2023-04-12 18:00:00,Imported workout,3600,Seated Row (Machine),Rest Timer,,,,90.0,
2023-04-12 18:00:00,Imported workout,3600,Seated Row (Machine),1,25.0,8.0,,,
2023-04-12 18:00:00,Imported workout,3600,Seated Row (Machine),Rest Timer,,,,90.0,
2023-04-12 18:00:00,Imported workout,3600,Seated Row (Machine),5,25.0,8.0,,,
2023-04-12 18:00:00,Imported workout,3600,Seated Row (Machine),Rest Timer,,,,90.0,
2023-04-12 18:00:00,Imported workout,3600,Preacher Curl (Barbell),3,25.0,8.0,,,
2023-04-12 18:00:00,Imported workout,3600,Preacher Curl (Barbell),Rest Timer,,,,90.0,
2023-04-12 18:00:00,Imported workout,3600,Preacher Curl (Barbell),1,25.0,6.0,,,
2023-04-12 18:00:00,Imported workout,3600,Preacher Curl (Barbell),Rest Timer,,,,90.0,
2023-04-12 18:00:00,Imported workout,3600,Preacher Curl (Barbell),2,25.0,4.0,,,
2023-04-12 18:00:00,Imported workout,3600,Preacher Curl (Barbell),Rest Timer,,,,90.0,
2023-04-12 18:00:00,Imported workout,3600,Hammer Curl (Dumbbell),1,12.0,8.0,,,
2023-04-12 18:00:00,Imported workout,3600,Hammer Curl (Dumbbell),Rest Timer,,,,90.0,
2023-04-12 18:00:00,Imported workout,3600,Hanging Leg Raise,2,,8.0,,,
2023-04-12 18:00:00,Imported workout,3600,Hanging Leg Raise,Rest Timer,,,,90.0,
2023-04-12 18:00:00,Imported workout,3600,Hanging Leg Raise,1,,5.0,,,
2023-04-12 18:00:00,Imported workout,3600,Hanging Leg Raise,Rest Timer,,,,90.0,
2023-04-14 18:00:00,Imported workout,3600,Romanian Deadlift (Barbell),1,48.0,8.0,,,
2023-04-14 18:00:00,Imported workout,3600,Romanian Deadlift (Barbell),Rest Timer,,,,90.0,
2023-04-14 18:00:00,Imported workout,3600,Romanian Deadlift (Barbell),2,48.0,8.0,,,
2023-04-14 18:00:00,Imported workout,3600,Romanian Deadlift (Barbell),Rest Timer,,,,90.0,
2023-04-14 18:00:00,Imported workout,3600,Romanian Deadlift (Barbell),3,48.0,8.0,,,
2023-04-14 18:00:00,Imported workout,3600,Romanian Deadlift (Barbell),Rest Timer,,,,90.0,
2023-04-14 18:00:00,Imported workout,3600,Romanian Deadlift (Barbell),4,48.0,8.0,,,
2023-04-14 18:00:00,Imported workout,3600,Romanian Deadlift (Barbell),Rest Timer,,,,90.0,
2023-04-14 18:00:00,Imported workout,3600,Romanian Deadlift (Barbell),5,48.0,8.0,,,
2023-04-14 18:00:00,Imported workout,3600,Romanian Deadlift (Barbell),Rest Timer,,,,90.0,
2023-04-14 18:00:00,Imported workout,3600,Incline Bench Press (Dumbbell),1,18.0,8.0,,,
2023-04-14 18:00:00,Imported workout,3600,Incline Bench Press (Dumbbell),Rest Timer,,,,90.0,
2023-04-14 18:00:00,Imported workout,3600,Incline Bench Press (Dumbbell),2,24.0,8.0,,,
2023-04-14 18:00:00,Imported workout,3600,Incline Bench Press (Dumbbell),Rest Timer,,,,90.0,
2023-04-14 18:00:00,Imported workout,3600,Incline Bench Press (Dumbbell),6,28.0,8.0,,,
2023-04-14 18:00:00,Imported workout,3600,Incline Bench Press (Dumbbell),Rest Timer,,,,90.0,
2023-04-14 18:00:00,Imported workout,3600,Incline Bench Press (Dumbbell),3,28.0,8.0,,,
2023-04-14 18:00:00,Imported workout,3600,Incline Bench Press (Dumbbell),Rest Timer,,,,90.0,
2023-04-14 18:00:00,Imported workout,3600,Incline Bench Press (Dumbbell),4,28.0,7.0,,,
2023-04-14 18:00:00,Imported workout,3600,Incline Bench Press (Dumbbell),Rest Timer,,,,90.0,
2023-04-14 18:00:00,Imported workout,3600,Incline Bench Press (Dumbbell),5,26.0,7.0,,,
2023-04-14 18:00:00,Imported workout,3600,Incline Bench Press (Dumbbell),Rest Timer,,,,90.0,
2023-04-14 18:00:00,Imported workout,3600,Leg Press,1,150.0,12.0,,,
2023-04-14 18:00:00,Imported workout,3600,Leg Press,Rest Timer,,,,90.0,
2023-04-14 18:00:00,Imported workout,3600,Leg Press,2,150.0,12.0,,,
2023-04-14 18:00:00,Imported workout,3600,Leg Press,Rest Timer,,,,90.0,
2023-04-14 18:00:00,Imported workout,3600,Leg Press,3,160.0,12.0,,,
2023-04-14 18:00:00,Imported workout,3600,Leg Press,Rest Timer,,,,90.0,
2023-04-14 18:00:00,Imported workout,3600,Standing Calf Raise (Machine),2,60.0,8.0,,,
2023-04-14 18:00:00,Imported workout,3600,Standing Calf Raise (Machine),Rest Timer,,,,90.0,
2023-04-14 18:00:00,Imported workout,3600,Standing Calf Raise (Machine),3,60.0,8.0,,,
2023-04-14 18:00:00,Imported workout,3600,Standing Calf Raise (Machine),Rest Timer,,,,90.0,
2023-04-14 18:00:00,Imported workout,3600,Seated Row (Cable),3,39.0,12.0,,,
2023-04-14 18:00:00,Imported workout,3600,Seated Row (Cable),Rest Timer,,,,90.0,
2023-04-14 18:00:00,Imported workout,3600,Seated Row (Cable),2,52.0,8.0,,,
2023-04-14 18:00:00,Imported workout,3600,Seated Row (Cable),Rest Timer,,,,90.0,
2023-04-14 18:00:00,Imported workout,3600,Seated Row (Cable),1,52.0,8.0,,,
2023-04-14 18:00:00,Imported workout,3600,Seated Row (Cable),Rest Timer,,,,90.0,
2023-04-14 18:00:00,Imported workout,3600,Incline Curl (Dumbbell),1,14.0,6.0,,,
2023-04-14 18:00:00,Imported workout,3600,Incline Curl (Dumbbell),Rest Timer,,,,90.0,
2023-04-14 18:00:00,Imported workout,3600,Incline Curl (Dumbbell),2,14.0,8.0,,,
2023-04-14 18:00:00,Imported workout,3600,Incline Curl (Dumbbell),Rest Timer,,,,90.0,
2023-04-14 18:00:00,Imported workout,3600,Plank,2,,,,,
2023-04-14 18:00:00,Imported workout,3600,Plank,Rest Timer,,,,90.0,
2023-04-14 18:00:00,Imported workout,3600,Plank,1,,,,,
2023-04-14 18:00:00,Imported workout,3600,Plank,Rest Timer,,,,90.0,
2023-04-14 18:00:00,Imported workout,3600,Knee Raise (Captain's Chair),1,,12.0,,,
2023-04-14 18:00:00,Imported workout,3600,Knee Raise (Captain's Chair),Rest Timer,,,,90.0,
2023-04-14 18:00:00,Imported workout,3600,Knee Raise (Captain's Chair),2,,12.0,,,
2023-04-14 18:00:00,Imported workout,3600,Knee Raise (Captain's Chair),Rest Timer,,,,90.0,
2023-04-14 18:00:00,Imported workout,3600,Reverse Fly (Machine),1,39.0,12.0,,,
2023-04-14 18:00:00,Imported workout,3600,Reverse Fly (Machine),Rest Timer,,,,90.0,
2023-04-14 18:00:00,Imported workout,3600,Reverse Fly (Machine),2,39.0,12.0,,,
2023-04-14 18:00:00,Imported workout,3600,Reverse Fly (Machine),Rest Timer,,,,90.0,
2023-04-14 18:00:00,Imported workout,3600,Reverse Fly (Machine),3,52.0,12.0,,,
2023-04-14 18:00:00,Imported workout,3600,Reverse Fly (Machine),Rest Timer,,,,90.0,
2023-04-14 18:00:00,Imported workout,3600,Reverse Fly (Machine),4,52.0,12.0,,,
2023-04-14 18:00:00,Imported workout,3600,Reverse Fly (Machine),Rest Timer,,,,90.0,
2023-04-14 18:00:00,Imported workout,3600,Incline Curl (Dumbbell),3,14.0,5.0,,,
2023-04-14 18:00:00,Imported workout,3600,Incline Curl (Dumbbell),Rest Timer,,,,90.0,
2023-04-14 18:00:00,Imported workout,3600,Standing Calf Raise (Machine),1,60.0,8.0,,,
2023-04-14 18:00:00,Imported workout,3600,Standing Calf Raise (Machine),Rest Timer,,,,90.0,
2023-04-16 18:00:00,Imported workout,3600,Bench Press (Barbell),1,20.0,8.0,,,
2023-04-16 18:00:00,Imported workout,3600,Bench Press (Barbell),Rest Timer,,,,90.0,
2023-04-16 18:00:00,Imported workout,3600,Bench Press (Barbell),2,50.0,8.0,,,
2023-04-16 18:00:00,Imported workout,3600,Bench Press (Barbell),Rest Timer,,,,90.0,
2023-04-16 18:00:00,Imported workout,3600,Bench Press (Barbell),3,75.0,8.0,,,
2023-04-16 18:00:00,Imported workout,3600,Bench Press (Barbell),Rest Timer,,,,90.0,
2023-04-16 18:00:00,Imported workout,3600,Bench Press (Barbell),6,75.0,8.0,,,
2023-04-16 18:00:00,Imported workout,3600,Bench Press (Barbell),Rest Timer,,,,90.0,
2023-04-16 18:00:00,Imported workout,3600,Bench Press (Barbell),4,75.0,5.0,,,
2023-04-16 18:00:00,Imported workout,3600,Bench Press (Barbell),Rest Timer,,,,90.0,
2023-04-16 18:00:00,Imported workout,3600,Bench Press (Barbell),5,70.0,7.0,,,
2023-04-16 18:00:00,Imported workout,3600,Bench Press (Barbell),Rest Timer,,,,90.0,
2023-04-16 18:00:00,Imported workout,3600,Bench Press (Barbell),7,70.0,8.0,,,
2023-04-16 18:00:00,Imported workout,3600,Bench Press (Barbell),Rest Timer,,,,90.0,
2023-04-16 18:00:00,Imported workout,3600,Seated Overhead Press (Dumbbell),1,16.0,8.0,,,
2023-04-16 18:00:00,Imported workout,3600,Seated Overhead Press (Dumbbell),Rest Timer,,,,90.0,
2023-04-16 18:00:00,Imported workout,3600,Seated Overhead Press (Dumbbell),2,20.0,8.0,,,
2023-04-16 18:00:00,Imported workout,3600,Seated Overhead Press (Dumbbell),Rest Timer,,,,90.0,
2023-04-16 18:00:00,Imported workout,3600,Seated Overhead Press (Dumbbell),3,20.0,8.0,,,
2023-04-16 18:00:00,Imported workout,3600,Seated Overhead Press (Dumbbell),Rest Timer,,,,90.0,
2023-04-16 18:00:00,Imported workout,3600,Seated Overhead Press (Dumbbell),4,20.0,8.0,,,
2023-04-16 18:00:00,Imported workout,3600,Seated Overhead Press (Dumbbell),Rest Timer,,,,90.0,
2023-04-16 18:00:00,Imported workout,3600,Seated Overhead Press (Dumbbell),5,20.0,8.0,,,
2023-04-16 18:00:00,Imported workout,3600,Seated Overhead Press (Dumbbell),Rest Timer,,,,90.0,
2023-04-16 18:00:00,Imported workout,3600,Chest Dip,5,0.0,8.0,,,
2023-04-16 18:00:00,Imported workout,3600,Chest Dip,Rest Timer,,,,90.0,
2023-04-16 18:00:00,Imported workout,3600,Chest Dip,4,0.0,8.0,,,
2023-04-16 18:00:00,Imported workout,3600,Chest Dip,Rest Timer,,,,90.0,
2023-04-16 18:00:00,Imported workout,3600,Chest Dip,3,0.0,8.0,,,
2023-04-16 18:00:00,Imported workout,3600,Chest Dip,Rest Timer,,,,90.0,
2023-04-16 18:00:00,Imported workout,3600,Chest Dip,2,0.0,4.0,,,
2023-04-16 18:00:00,Imported workout,3600,Chest Dip,Rest Timer,,,,90.0,
2023-04-16 18:00:00,Imported workout,3600,Chest Dip,1,0.0,6.0,,,
2023-04-16 18:00:00,Imported workout,3600,Chest Dip,Rest Timer,,,,90.0,
2023-04-16 18:00:00,Imported workout,3600,Pec Deck (Machine),1,45.0,10.0,,,
2023-04-16 18:00:00,Imported workout,3600,Pec Deck (Machine),Rest Timer,,,,90.0,
2023-04-16 18:00:00,Imported workout,3600,Pec Deck (Machine),2,66.0,8.0,,,
2023-04-16 18:00:00,Imported workout,3600,Pec Deck (Machine),Rest Timer,,,,90.0,
2023-04-16 18:00:00,Imported workout,3600,Pec Deck (Machine),3,66.0,7.0,,,
2023-04-16 18:00:00,Imported workout,3600,Pec Deck (Machine),Rest Timer,,,,90.0,
2023-04-16 18:00:00,Imported workout,3600,Triceps Pushdown (Cable - Straight Bar),1,18.0,12.0,,,
2023-04-16 18:00:00,Imported workout,3600,Triceps Pushdown (Cable - Straight Bar),Rest Timer,,,,90.0,
2023-04-16 18:00:00,Imported workout,3600,Lateral Raise (Dumbbell),1,7.0,8.0,,,
2023-04-16 18:00:00,Imported workout,3600,Lateral Raise (Dumbbell),Rest Timer,,,,90.0,
2023-04-16 18:00:00,Imported workout,3600,Lateral Raise (Dumbbell),3,7.0,8.0,,,
2023-04-16 18:00:00,Imported workout,3600,Lateral Raise (Dumbbell),Rest Timer,,,,90.0,
2023-04-16 18:00:00,Imported workout,3600,Triceps Pushdown (Cable - Straight Bar),3,18.0,12.0,,,
2023-04-16 18:00:00,Imported workout,3600,Triceps Pushdown (Cable - Straight Bar),Rest Timer,,,,90.0,
2023-04-16 18:00:00,Imported workout,3600,Triceps Pushdown (Cable - Straight Bar),2,18.0,8.0,,,
2023-04-16 18:00:00,Imported workout,3600,Triceps Pushdown (Cable - Straight Bar),Rest Timer,,,,90.0,
2023-04-16 18:00:00,Imported workout,3600,Lateral Raise (Dumbbell),2,7.0,8.0,,,
2023-04-16 18:00:00,Imported workout,3600,Lateral Raise (Dumbbell),Rest Timer,,,,90.0,
2023-04-16 18:00:00,Imported workout,3600,Plank,1,,,,,
2023-04-16 18:00:00,Imported workout,3600,Plank,Rest Timer,,,,90.0,
2023-04-16 18:00:00,Imported workout,3600,Hanging Leg Raise,1,,6.0,,,
2023-04-16 18:00:00,Imported workout,3600,Hanging Leg Raise,Rest Timer,,,,90.0,
2023-04-17 18:00:00,Imported workout,3600,Pull Up,1,8.0,6.0,,,
2023-04-17 18:00:00,Imported workout,3600,Pull Up,Rest Timer,,,,90.0,
2023-04-17 18:00:00,Imported workout,3600,Pull Up,2,8.0,6.0,,,
2023-04-17 18:00:00,Imported workout,3600,Pull Up,Rest Timer,,,,90.0,
2023-04-17 18:00:00,Imported workout,3600,Pull Up,3,8.0,5.0,,,
2023-04-17 18:00:00,Imported workout,3600,Pull Up,Rest Timer,,,,90.0,
2023-04-17 18:00:00,Imported workout,3600,Pull Up,5,8.0,5.0,,,
2023-04-17 18:00:00,Imported workout,3600,Pull Up,Rest Timer,,,,90.0,
2023-04-17 18:00:00,Imported workout,3600,Pull Up,4,8.0,3.0,,,
2023-04-17 18:00:00,Imported workout,3600,Pull Up,Rest Timer,,,,90.0,
2023-04-17 18:00:00,Imported workout,3600,Seated Row (Cable),1,45.0,8.0,,,
2023-04-17 18:00:00,Imported workout,3600,Seated Row (Cable),Rest Timer,,,,90.0,
2023-04-17 18:00:00,Imported workout,3600,Seated Row (Cable),5,52.0,8.0,,,
2023-04-17 18:00:00,Imported workout,3600,Seated Row (Cable),Rest Timer,,,,90.0,
2023-04-17 18:00:00,Imported workout,3600,Seated Row (Cable),2,52.0,8.0,,,
2023-04-17 18:00:00,Imported workout,3600,Seated Row (Cable),Rest Timer,,,,90.0,
2023-04-17 18:00:00,Imported workout,3600,Seated Row (Cable),3,52.0,8.0,,,
2023-04-17 18:00:00,Imported workout,3600,Seated Row (Cable),Rest Timer,,,,90.0,
2023-04-17 18:00:00,Imported workout,3600,Seated Row (Cable),4,52.0,8.0,,,
2023-04-17 18:00:00,Imported workout,3600,Seated Row (Cable),Rest Timer,,,,90.0,
2023-04-17 18:00:00,Imported workout,3600,Squat (Barbell),5,60.0,8.0,,,
2023-04-17 18:00:00,Imported workout,3600,Squat (Barbell),Rest Timer,,,,90.0,
2023-04-17 18:00:00,Imported workout,3600,Squat (Barbell),6,90.0,8.0,,,
2023-04-17 18:00:00,Imported workout,3600,Squat (Barbell),Rest Timer,,,,90.0,
2023-04-17 18:00:00,Imported workout,3600,Squat (Barbell),3,100.0,8.0,,,
2023-04-17 18:00:00,Imported workout,3600,Squat (Barbell),Rest Timer,,,,90.0,
2023-04-17 18:00:00,Imported workout,3600,Squat (Barbell),4,100.0,6.0,,,
2023-04-17 18:00:00,Imported workout,3600,Squat (Barbell),Rest Timer,,,,90.0,
2023-04-17 18:00:00,Imported workout,3600,Squat (Barbell),2,90.0,8.0,,,
2023-04-17 18:00:00,Imported workout,3600,Squat (Barbell),Rest Timer,,,,90.0,
2023-04-17 18:00:00,Imported workout,3600,Squat (Barbell),1,90.0,8.0,,,
2023-04-17 18:00:00,Imported workout,3600,Squat (Barbell),Rest Timer,,,,90.0,
2023-04-17 18:00:00,Imported workout,3600,Seated Row (Machine),2,32.0,8.0,,,
2023-04-17 18:00:00,Imported workout,3600,Seated Row (Machine),Rest Timer,,,,90.0,
2023-04-17 18:00:00,Imported workout,3600,Seated Row (Machine),3,45.0,8.0,,,
2023-04-17 18:00:00,Imported workout,3600,Seated Row (Machine),Rest Timer,,,,90.0,
2023-04-17 18:00:00,Imported workout,3600,Seated Row (Machine),4,52.0,8.0,,,
2023-04-17 18:00:00,Imported workout,3600,Seated Row (Machine),Rest Timer,,,,90.0,
2023-04-17 18:00:00,Imported workout,3600,Seated Row (Machine),5,45.0,8.0,,,
2023-04-17 18:00:00,Imported workout,3600,Seated Row (Machine),Rest Timer,,,,90.0,
2023-04-17 18:00:00,Imported workout,3600,Seated Row (Machine),1,45.0,8.0,,,
2023-04-17 18:00:00,Imported workout,3600,Seated Row (Machine),Rest Timer,,,,90.0,
2023-04-17 18:00:00,Imported workout,3600,Lateral Raise (Dumbbell),1,8.0,6.0,,,
2023-04-17 18:00:00,Imported workout,3600,Lateral Raise (Dumbbell),Rest Timer,,,,90.0,
2023-04-17 18:00:00,Imported workout,3600,Preacher Curl (Barbell),2,22.5,8.0,,,
2023-04-17 18:00:00,Imported workout,3600,Preacher Curl (Barbell),Rest Timer,,,,90.0,
2023-04-17 18:00:00,Imported workout,3600,Preacher Curl (Barbell),1,22.5,6.0,,,
2023-04-17 18:00:00,Imported workout,3600,Preacher Curl (Barbell),Rest Timer,,,,90.0,
2023-04-17 18:00:00,Imported workout,3600,Lateral Raise (Dumbbell),2,8.0,8.0,,,
2023-04-17 18:00:00,Imported workout,3600,Lateral Raise (Dumbbell),Rest Timer,,,,90.0,
2023-04-17 18:00:00,Imported workout,3600,Preacher Curl (Barbell),3,22.5,5.0,,,
2023-04-17 18:00:00,Imported workout,3600,Preacher Curl (Barbell),Rest Timer,,,,90.0,
2023-04-17 18:00:00,Imported workout,3600,Lateral Raise (Dumbbell),3,8.0,8.0,,,
2023-04-17 18:00:00,Imported workout,3600,Lateral Raise (Dumbbell),Rest Timer,,,,90.0,
2023-04-17 18:00:00,Imported workout,3600,Hammer Curl (Dumbbell),1,12.0,12.0,,,
2023-04-17 18:00:00,Imported workout,3600,Hammer Curl (Dumbbell),Rest Timer,,,,90.0,
2023-04-17 18:00:00,Imported workout,3600,Hammer Curl (Dumbbell),2,12.0,8.0,,,
2023-04-17 18:00:00,Imported workout,3600,Hammer Curl (Dumbbell),Rest Timer,,,,90.0,
2023-04-19 18:00:00,Imported workout,3600,Romanian Deadlift (Barbell),1,48.0,8.0,,,
2023-04-19 18:00:00,Imported workout,3600,Romanian Deadlift (Barbell),Rest Timer,,,,90.0,
2023-04-19 18:00:00,Imported workout,3600,Romanian Deadlift (Barbell),2,48.0,8.0,,,
2023-04-19 18:00:00,Imported workout,3600,Romanian Deadlift (Barbell),Rest Timer,,,,90.0,
2023-04-19 18:00:00,Imported workout,3600,Romanian Deadlift (Barbell),3,48.0,8.0,,,
2023-04-19 18:00:00,Imported workout,3600,Romanian Deadlift (Barbell),Rest Timer,,,,90.0,
2023-04-19 18:00:00,Imported workout,3600,Romanian Deadlift (Barbell),4,48.0,8.0,,,
2023-04-19 18:00:00,Imported workout,3600,Romanian Deadlift (Barbell),Rest Timer,,,,90.0,
2023-04-19 18:00:00,Imported workout,3600,Romanian Deadlift (Barbell),5,48.0,8.0,,,
2023-04-19 18:00:00,Imported workout,3600,Romanian Deadlift (Barbell),Rest Timer,,,,90.0,
2023-04-19 18:00:00,Imported workout,3600,Incline Bench Press (Smith Machine),6,40.0,8.0,,,
2023-04-19 18:00:00,Imported workout,3600,Incline Bench Press (Smith Machine),Rest Timer,,,,90.0,
2023-04-19 18:00:00,Imported workout,3600,Incline Bench Press (Smith Machine),1,70.0,8.0,,,
2023-04-19 18:00:00,Imported workout,3600,Incline Bench Press (Smith Machine),Rest Timer,,,,90.0,
2023-04-19 18:00:00,Imported workout,3600,Incline Bench Press (Smith Machine),2,75.0,8.0,,,
2023-04-19 18:00:00,Imported workout,3600,Incline Bench Press (Smith Machine),Rest Timer,,,,90.0,
2023-04-19 18:00:00,Imported workout,3600,Incline Bench Press (Smith Machine),3,75.0,8.0,,,
2023-04-19 18:00:00,Imported workout,3600,Incline Bench Press (Smith Machine),Rest Timer,,,,90.0,
2023-04-19 18:00:00,Imported workout,3600,Incline Bench Press (Smith Machine),4,75.0,7.0,,,
2023-04-19 18:00:00,Imported workout,3600,Incline Bench Press (Smith Machine),Rest Timer,,,,90.0,
2023-04-19 18:00:00,Imported workout,3600,Incline Bench Press (Smith Machine),5,75.0,7.0,,,
2023-04-19 18:00:00,Imported workout,3600,Incline Bench Press (Smith Machine),Rest Timer,,,,90.0,
2023-04-19 18:00:00,Imported workout,3600,Leg Press,2,160.0,12.0,,,
2023-04-19 18:00:00,Imported workout,3600,Leg Press,Rest Timer,,,,90.0,
2023-04-19 18:00:00,Imported workout,3600,Leg Press,3,160.0,12.0,,,
2023-04-19 18:00:00,Imported workout,3600,Leg Press,Rest Timer,,,,90.0,
2023-04-19 18:00:00,Imported workout,3600,Leg Press,1,160.0,12.0,,,
2023-04-19 18:00:00,Imported workout,3600,Leg Press,Rest Timer,,,,90.0,
2023-04-19 18:00:00,Imported workout,3600,Reverse Fly (Machine),3,52.0,8.0,,,
2023-04-19 18:00:00,Imported workout,3600,Reverse Fly (Machine),Rest Timer,,,,90.0,
2023-04-19 18:00:00,Imported workout,3600,Reverse Fly (Machine),1,52.0,8.0,,,
2023-04-19 18:00:00,Imported workout,3600,Reverse Fly (Machine),Rest Timer,,,,90.0,
2023-04-19 18:00:00,Imported workout,3600,Reverse Fly (Machine),2,52.0,8.0,,,
2023-04-19 18:00:00,Imported workout,3600,Reverse Fly (Machine),Rest Timer,,,,90.0,
2023-04-19 18:00:00,Imported workout,3600,Triceps Pushdown (Cable - Straight Bar),2,18.0,12.0,,,
2023-04-19 18:00:00,Imported workout,3600,Triceps Pushdown (Cable - Straight Bar),Rest Timer,,,,90.0,
2023-04-19 18:00:00,Imported workout,3600,Triceps Pushdown (Cable - Straight Bar),1,18.0,8.0,,,
2023-04-19 18:00:00,Imported workout,3600,Triceps Pushdown (Cable - Straight Bar),Rest Timer,,,,90.0,
2023-04-19 18:00:00,Imported workout,3600,Triceps Pushdown (Cable - Straight Bar),3,18.0,8.0,,,
2023-04-19 18:00:00,Imported workout,3600,Triceps Pushdown (Cable - Straight Bar),Rest Timer,,,,90.0,
2023-04-19 18:00:00,Imported workout,3600,Triceps Pushdown (Cable - Straight Bar),4,18.0,8.0,,,
2023-04-19 18:00:00,Imported workout,3600,Triceps Pushdown (Cable - Straight Bar),Rest Timer,,,,90.0,
2023-04-19 18:00:00,Imported workout,3600,Preacher Curl (Barbell),1,20.0,8.0,,,
2023-04-19 18:00:00,Imported workout,3600,Preacher Curl (Barbell),Rest Timer,,,,90.0,
2023-04-19 18:00:00,Imported workout,3600,Preacher Curl (Barbell),2,20.0,8.0,,,
2023-04-19 18:00:00,Imported workout,3600,Preacher Curl (Barbell),Rest Timer,,,,90.0,
2023-04-19 18:00:00,Imported workout,3600,Preacher Curl (Barbell),3,20.0,6.0,,,
2023-04-19 18:00:00,Imported workout,3600,Preacher Curl (Barbell),Rest Timer,,,,90.0,
2023-04-19 18:00:00,Imported workout,3600,Preacher Curl (Barbell),4,20.0,7.0,,,
2023-04-19 18:00:00,Imported workout,3600,Preacher Curl (Barbell),Rest Timer,,,,90.0,
2023-04-19 18:00:00,Imported workout,3600,Knee Raise (Captain's Chair),1,,12.0,,,
2023-04-19 18:00:00,Imported workout,3600,Knee Raise (Captain's Chair),Rest Timer,,,,90.0,
2023-04-19 18:00:00,Imported workout,3600,Plank,1,,,,,
2023-04-19 18:00:00,Imported workout,3600,Plank,Rest Timer,,,,90.0,
2023-04-21 18:00:00,Imported workout,3600,Bench Press (Barbell),1,20.0,8.0,,,
2023-04-21 18:00:00,Imported workout,3600,Bench Press (Barbell),Rest Timer,,,,90.0,
2023-04-21 18:00:00,Imported workout,3600,Bench Press (Barbell),2,50.0,8.0,,,
2023-04-21 18:00:00,Imported workout,3600,Bench Press (Barbell),Rest Timer,,,,90.0,
2023-04-21 18:00:00,Imported workout,3600,Bench Press (Barbell),5,65.0,8.0,,,
2023-04-21 18:00:00,Imported workout,3600,Bench Press (Barbell),Rest Timer,,,,90.0,
2023-04-21 18:00:00,Imported workout,3600,Bench Press (Barbell),3,77.5,7.0,,,
2023-04-21 18:00:00,Imported workout,3600,Bench Press (Barbell),Rest Timer,,,,90.0,
2023-04-21 18:00:00,Imported workout,3600,Bench Press (Barbell),4,77.5,5.0,,,
2023-04-21 18:00:00,Imported workout,3600,Bench Press (Barbell),Rest Timer,,,,90.0,
2023-04-21 18:00:00,Imported workout,3600,Bench Press (Barbell),6,77.5,2.0,,,
2023-04-21 18:00:00,Imported workout,3600,Bench Press (Barbell),Rest Timer,,,,90.0,
2023-04-21 18:00:00,Imported workout,3600,Seated Overhead Press (Dumbbell),2,16.0,8.0,,,
2023-04-21 18:00:00,Imported workout,3600,Seated Overhead Press (Dumbbell),Rest Timer,,,,90.0,
2023-04-21 18:00:00,Imported workout,3600,Seated Overhead Press (Dumbbell),3,18.0,8.0,,,
2023-04-21 18:00:00,Imported workout,3600,Seated Overhead Press (Dumbbell),Rest Timer,,,,90.0,
2023-04-21 18:00:00,Imported workout,3600,Seated Overhead Press (Dumbbell),4,22.0,8.0,,,
2023-04-21 18:00:00,Imported workout,3600,Seated Overhead Press (Dumbbell),Rest Timer,,,,90.0,
2023-04-21 18:00:00,Imported workout,3600,Seated Overhead Press (Dumbbell),5,24.0,6.0,,,
2023-04-21 18:00:00,Imported workout,3600,Seated Overhead Press (Dumbbell),Rest Timer,,,,90.0,
2023-04-21 18:00:00,Imported workout,3600,Seated Overhead Press (Dumbbell),1,24.0,5.0,,,
2023-04-21 18:00:00,Imported workout,3600,Seated Overhead Press (Dumbbell),Rest Timer,,,,90.0,
2023-04-21 18:00:00,Imported workout,3600,Chest Dip,5,0.0,8.0,,,
2023-04-21 18:00:00,Imported workout,3600,Chest Dip,Rest Timer,,,,90.0,
2023-04-21 18:00:00,Imported workout,3600,Chest Dip,4,0.0,8.0,,,
2023-04-21 18:00:00,Imported workout,3600,Chest Dip,Rest Timer,,,,90.0,
2023-04-21 18:00:00,Imported workout,3600,Chest Dip,3,0.0,8.0,,,
2023-04-21 18:00:00,Imported workout,3600,Chest Dip,Rest Timer,,,,90.0,
2023-04-21 18:00:00,Imported workout,3600,Chest Dip,1,0.0,8.0,,,
2023-04-21 18:00:00,Imported workout,3600,Chest Dip,Rest Timer,,,,90.0,
2023-04-21 18:00:00,Imported workout,3600,Chest Dip,2,0.0,8.0,,,
2023-04-21 18:00:00,Imported workout,3600,Chest Dip,Rest Timer,,,,90.0,
2023-04-21 18:00:00,Imported workout,3600,Triceps Pushdown (Cable - Straight Bar),1,18.0,8.0,,,
2023-04-21 18:00:00,Imported workout,3600,Triceps Pushdown (Cable - Straight Bar),Rest Timer,,,,90.0,
2023-04-21 18:00:00,Imported workout,3600,Triceps Pushdown (Cable - Straight Bar),2,18.0,8.0,,,
2023-04-21 18:00:00,Imported workout,3600,Triceps Pushdown (Cable - Straight Bar),Rest Timer,,,,90.0,
2023-04-21 18:00:00,Imported workout,3600,Triceps Pushdown (Cable - Straight Bar),3,18.0,8.0,,,
2023-04-21 18:00:00,Imported workout,3600,Triceps Pushdown (Cable - Straight Bar),Rest Timer,,,,90.0,
2023-04-21 18:00:00,Imported workout,3600,Pec Deck (Machine),4,45.0,8.0,,,
2023-04-21 18:00:00,Imported workout,3600,Pec Deck (Machine),Rest Timer,,,,90.0,
2023-04-21 18:00:00,Imported workout,3600,Pec Deck (Machine),2,52.0,10.0,,,
2023-04-21 18:00:00,Imported workout,3600,Pec Deck (Machine),Rest Timer,,,,90.0,
2023-04-21 18:00:00,Imported workout,3600,Pec Deck (Machine),1,66.0,10.0,,,
2023-04-21 18:00:00,Imported workout,3600,Pec Deck (Machine),Rest Timer,,,,90.0,
2023-04-21 18:00:00,Imported workout,3600,Pec Deck (Machine),3,73.0,8.0,,,
2023-04-21 18:00:00,Imported workout,3600,Pec Deck (Machine),Rest Timer,,,,90.0,
2023-04-21 18:00:00,Imported workout,3600,Knee Raise (Captain's Chair),1,,12.0,,,
2023-04-21 18:00:00,Imported workout,3600,Knee Raise (Captain's Chair),Rest Timer,,,,90.0,
2023-04-21 18:00:00,Imported workout,3600,Knee Raise (Captain's Chair),2,,12.0,,,
2023-04-21 18:00:00,Imported workout,3600,Knee Raise (Captain's Chair),Rest Timer,,,,90.0,
2023-04-21 18:00:00,Imported workout,3600,Knee Raise (Captain's Chair),3,,12.0,,,
2023-04-21 18:00:00,Imported workout,3600,Knee Raise (Captain's Chair),Rest Timer,,,,90.0,
2023-04-25 18:00:00,Imported workout,3600,Pull Up,1,5.0,5.0,,,
2023-04-25 18:00:00,Imported workout,3600,Pull Up,Rest Timer,,,,90.0,
2023-04-25 18:00:00,Imported workout,3600,Pull Up,2,5.0,6.0,,,
2023-04-25 18:00:00,Imported workout,3600,Pull Up,Rest Timer,,,,90.0,
2023-04-25 18:00:00,Imported workout,3600,Pull Up,5,5.0,6.0,,,
2023-04-25 18:00:00,Imported workout,3600,Pull Up,Rest Timer,,,,90.0,
2023-04-25 18:00:00,Imported workout,3600,Pull Up,3,5.0,6.0,,,
2023-04-25 18:00:00,Imported workout,3600,Pull Up,Rest Timer,,,,90.0,
2023-04-25 18:00:00,Imported workout,3600,Pull Up,4,,9.0,,,
2023-04-25 18:00:00,Imported workout,3600,Pull Up,Rest Timer,,,,90.0,
2023-04-25 18:00:00,Imported workout,3600,Squat (Barbell),6,20.0,8.0,,,
2023-04-25 18:00:00,Imported workout,3600,Squat (Barbell),Rest Timer,,,,90.0,
2023-04-25 18:00:00,Imported workout,3600,Squat (Barbell),2,90.0,8.0,,,
2023-04-25 18:00:00,Imported workout,3600,Squat (Barbell),Rest Timer,,,,90.0,
2023-04-25 18:00:00,Imported workout,3600,Squat (Barbell),3,100.0,8.0,,,
2023-04-25 18:00:00,Imported workout,3600,Squat (Barbell),Rest Timer,,,,90.0,
2023-04-25 18:00:00,Imported workout,3600,Squat (Barbell),4,100.0,8.0,,,
2023-04-25 18:00:00,Imported workout,3600,Squat (Barbell),Rest Timer,,,,90.0,
2023-04-25 18:00:00,Imported workout,3600,Squat (Barbell),5,100.0,8.0,,,
2023-04-25 18:00:00,Imported workout,3600,Squat (Barbell),Rest Timer,,,,90.0,
2023-04-25 18:00:00,Imported workout,3600,Squat (Barbell),1,100.0,8.0,,,
2023-04-25 18:00:00,Imported workout,3600,Squat (Barbell),Rest Timer,,,,90.0,
2023-04-25 18:00:00,Imported workout,3600,Seated Row (Cable),5,52.0,10.0,,,
2023-04-25 18:00:00,Imported workout,3600,Seated Row (Cable),Rest Timer,,,,90.0,
2023-04-25 18:00:00,Imported workout,3600,Seated Row (Cable),4,52.0,10.0,,,
2023-04-25 18:00:00,Imported workout,3600,Seated Row (Cable),Rest Timer,,,,90.0,
2023-04-25 18:00:00,Imported workout,3600,Seated Row (Cable),3,52.0,10.0,,,
2023-04-25 18:00:00,Imported workout,3600,Seated Row (Cable),Rest Timer,,,,90.0,
2023-04-25 18:00:00,Imported workout,3600,Seated Row (Cable),1,52.0,10.0,,,
2023-04-25 18:00:00,Imported workout,3600,Seated Row (Cable),Rest Timer,,,,90.0,
2023-04-25 18:00:00,Imported workout,3600,Seated Row (Cable),2,52.0,10.0,,,
2023-04-25 18:00:00,Imported workout,3600,Seated Row (Cable),Rest Timer,,,,90.0,
2023-04-25 18:00:00,Imported workout,3600,Seated Row (Machine),2,41.0,8.0,,,
2023-04-25 18:00:00,Imported workout,3600,Seated Row (Machine),Rest Timer,,,,90.0,
2023-04-25 18:00:00,Imported workout,3600,Seated Row (Machine),1,45.0,8.0,,,
2023-04-25 18:00:00,Imported workout,3600,Seated Row (Machine),Rest Timer,,,,90.0,
2023-04-25 18:00:00,Imported workout,3600,Seated Row (Machine),3,45.0,8.0,,,
2023-04-25 18:00:00,Imported workout,3600,Seated Row (Machine),Rest Timer,,,,90.0,
2023-04-25 18:00:00,Imported workout,3600,Seated Row (Machine),4,45.0,8.0,,,
2023-04-25 18:00:00,Imported workout,3600,Seated Row (Machine),Rest Timer,,,,90.0,
2023-04-25 18:00:00,Imported workout,3600,Bicep Curl (Cable),1,23.0,8.0,,,
2023-04-25 18:00:00,Imported workout,3600,Bicep Curl (Cable),Rest Timer,,,,90.0,
2023-04-25 18:00:00,Imported workout,3600,Bicep Curl (Cable),2,23.0,8.0,,,
2023-04-25 18:00:00,Imported workout,3600,Bicep Curl (Cable),Rest Timer,,,,90.0,
2023-04-25 18:00:00,Imported workout,3600,Bicep Curl (Cable),3,18.0,8.0,,,
2023-04-25 18:00:00,Imported workout,3600,Bicep Curl (Cable),Rest Timer,,,,90.0,
2023-04-25 18:00:00,Imported workout,3600,Bicep Curl (Cable),4,23.0,8.0,,,
2023-04-25 18:00:00,Imported workout,3600,Bicep Curl (Cable),Rest Timer,,,,90.0,
2023-04-27 18:00:00,Imported workout,3600,Romanian Deadlift (Barbell),5,52.0,8.0,,,
2023-04-27 18:00:00,Imported workout,3600,Romanian Deadlift (Barbell),Rest Timer,,,,90.0,
2023-04-27 18:00:00,Imported workout,3600,Romanian Deadlift (Barbell),1,52.0,8.0,,,
2023-04-27 18:00:00,Imported workout,3600,Romanian Deadlift (Barbell),Rest Timer,,,,90.0,
2023-04-27 18:00:00,Imported workout,3600,Romanian Deadlift (Barbell),2,52.0,8.0,,,
2023-04-27 18:00:00,Imported workout,3600,Romanian Deadlift (Barbell),Rest Timer,,,,90.0,
2023-04-27 18:00:00,Imported workout,3600,Romanian Deadlift (Barbell),3,52.0,8.0,,,
2023-04-27 18:00:00,Imported workout,3600,Romanian Deadlift (Barbell),Rest Timer,,,,90.0,
2023-04-27 18:00:00,Imported workout,3600,Romanian Deadlift (Barbell),4,52.0,8.0,,,
2023-04-27 18:00:00,Imported workout,3600,Romanian Deadlift (Barbell),Rest Timer,,,,90.0,
2023-04-27 18:00:00,Imported workout,3600,Standing Calf Raise (Machine),1,50.0,12.0,,,
2023-04-27 18:00:00,Imported workout,3600,Standing Calf Raise (Machine),Rest Timer,,,,90.0,
2023-04-27 18:00:00,Imported workout,3600,Leg Press,1,150.0,12.0,,,
2023-04-27 18:00:00,Imported workout,3600,Leg Press,Rest Timer,,,,90.0,
2023-04-27 18:00:00,Imported workout,3600,Leg Press,3,150.0,10.0,,,
2023-04-27 18:00:00,Imported workout,3600,Leg Press,Rest Timer,,,,90.0,
2023-04-27 18:00:00,Imported workout,3600,Leg Press,2,150.0,10.0,,,
2023-04-27 18:00:00,Imported workout,3600,Leg Press,Rest Timer,,,,90.0,
2023-04-27 18:00:00,Imported workout,3600,Standing Calf Raise (Machine),2,150.0,12.0,,,
2023-04-27 18:00:00,Imported workout,3600,Standing Calf Raise (Machine),Rest Timer,,,,90.0,
2023-04-27 18:00:00,Imported workout,3600,Standing Calf Raise (Machine),3,150.0,12.0,,,
2023-04-27 18:00:00,Imported workout,3600,Standing Calf Raise (Machine),Rest Timer,,,,90.0,
2023-04-27 18:00:00,Imported workout,3600,Incline Bench Press (Barbell),3,20.0,8.0,,,
2023-04-27 18:00:00,Imported workout,3600,Incline Bench Press (Barbell),Rest Timer,,,,90.0,
2023-04-27 18:00:00,Imported workout,3600,Incline Bench Press (Barbell),4,50.0,8.0,,,
2023-04-27 18:00:00,Imported workout,3600,Incline Bench Press (Barbell),Rest Timer,,,,90.0,
2023-04-27 18:00:00,Imported workout,3600,Incline Bench Press (Barbell),5,55.0,8.0,,,
2023-04-27 18:00:00,Imported workout,3600,Incline Bench Press (Barbell),Rest Timer,,,,90.0,
2023-04-27 18:00:00,Imported workout,3600,Incline Bench Press (Barbell),1,60.0,8.0,,,
2023-04-27 18:00:00,Imported workout,3600,Incline Bench Press (Barbell),Rest Timer,,,,90.0,
2023-04-27 18:00:00,Imported workout,3600,Incline Bench Press (Barbell),2,65.0,8.0,,,
2023-04-27 18:00:00,Imported workout,3600,Incline Bench Press (Barbell),Rest Timer,,,,90.0,
2023-04-27 18:00:00,Imported workout,3600,Lat Pulldown (Cable),2,52.0,8.0,,,
2023-04-27 18:00:00,Imported workout,3600,Lat Pulldown (Cable),Rest Timer,,,,90.0,
2023-04-27 18:00:00,Imported workout,3600,Lat Pulldown (Cable),1,52.0,8.0,,,
2023-04-27 18:00:00,Imported workout,3600,Lat Pulldown (Cable),Rest Timer,,,,90.0,
2023-04-27 18:00:00,Imported workout,3600,Lat Pulldown (Cable),3,52.0,8.0,,,
2023-04-27 18:00:00,Imported workout,3600,Lat Pulldown (Cable),Rest Timer,,,,90.0,
2023-04-27 18:00:00,Imported workout,3600,Reverse Fly (Machine),1,52.0,10.0,,,
2023-04-27 18:00:00,Imported workout,3600,Reverse Fly (Machine),Rest Timer,,,,90.0,
2023-04-27 18:00:00,Imported workout,3600,Reverse Fly (Machine),2,52.0,10.0,,,
2023-04-27 18:00:00,Imported workout,3600,Reverse Fly (Machine),Rest Timer,,,,90.0,
2023-04-27 18:00:00,Imported workout,3600,Reverse Fly (Machine),3,52.0,10.0,,,
2023-04-27 18:00:00,Imported workout,3600,Reverse Fly (Machine),Rest Timer,,,,90.0,
2023-04-27 18:00:00,Imported workout,3600,Bicep Curl (Cable),2,25.0,8.0,,,
2023-04-27 18:00:00,Imported workout,3600,Bicep Curl (Cable),Rest Timer,,,,90.0,
2023-04-27 18:00:00,Imported workout,3600,Bicep Curl (Cable),3,25.0,8.0,,,
2023-04-27 18:00:00,Imported workout,3600,Bicep Curl (Cable),Rest Timer,,,,90.0,
2023-04-27 18:00:00,Imported workout,3600,Bicep Curl (Cable),1,25.0,8.0,,,
2023-04-27 18:00:00,Imported workout,3600,Bicep Curl (Cable),Rest Timer,,,,90.0,
2023-04-27 18:00:00,Imported workout,3600,Triceps Pushdown (Cable - Straight Bar),1,23.0,8.0,,,
2023-04-27 18:00:00,Imported workout,3600,Triceps Pushdown (Cable - Straight Bar),Rest Timer,,,,90.0,
2023-04-27 18:00:00,Imported workout,3600,Triceps Pushdown (Cable - Straight Bar),4,23.0,8.0,,,
2023-04-27 18:00:00,Imported workout,3600,Triceps Pushdown (Cable - Straight Bar),Rest Timer,,,,90.0,
2023-04-27 18:00:00,Imported workout,3600,Triceps Pushdown (Cable - Straight Bar),2,23.0,8.0,,,
2023-04-27 18:00:00,Imported workout,3600,Triceps Pushdown (Cable - Straight Bar),Rest Timer,,,,90.0,
2023-04-27 18:00:00,Imported workout,3600,Triceps Pushdown (Cable - Straight Bar),3,23.0,8.0,,,
2023-04-27 18:00:00,Imported workout,3600,Triceps Pushdown (Cable - Straight Bar),Rest Timer,,,,90.0,
2023-04-27 18:00:00,Imported workout,3600,Plank,2,,,,,
2023-04-27 18:00:00,Imported workout,3600,Plank,Rest Timer,,,,90.0,
2023-04-27 18:00:00,Imported workout,3600,Plank,1,,,,,
2023-04-27 18:00:00,Imported workout,3600,Plank,Rest Timer,,,,90.0,
2023-04-27 18:00:00,Imported workout,3600,Hanging Leg Raise,1,,7.0,,,
2023-04-27 18:00:00,Imported workout,3600,Hanging Leg Raise,Rest Timer,,,,90.0,
2023-04-27 18:00:00,Imported workout,3600,Hanging Leg Raise,2,,7.0,,,
2023-04-27 18:00:00,Imported workout,3600,Hanging Leg Raise,Rest Timer,,,,90.0,
2023-04-29 18:00:00,Imported workout,3600,Bench Press (Barbell),1,20.0,10.0,,,
2023-04-29 18:00:00,Imported workout,3600,Bench Press (Barbell),Rest Timer,,,,90.0,
2023-04-29 18:00:00,Imported workout,3600,Bench Press (Barbell),6,50.0,8.0,,,
2023-04-29 18:00:00,Imported workout,3600,Bench Press (Barbell),Rest Timer,,,,90.0,
2023-04-29 18:00:00,Imported workout,3600,Bench Press (Barbell),2,80.0,7.0,,,
2023-04-29 18:00:00,Imported workout,3600,Bench Press (Barbell),Rest Timer,,,,90.0,
2023-04-29 18:00:00,Imported workout,3600,Bench Press (Barbell),3,80.0,5.0,,,
2023-04-29 18:00:00,Imported workout,3600,Bench Press (Barbell),Rest Timer,,,,90.0,
2023-04-29 18:00:00,Imported workout,3600,Bench Press (Barbell),4,75.0,5.0,,,
2023-04-29 18:00:00,Imported workout,3600,Bench Press (Barbell),Rest Timer,,,,90.0,
2023-04-29 18:00:00,Imported workout,3600,Bench Press (Barbell),5,75.0,5.0,,,
2023-04-29 18:00:00,Imported workout,3600,Bench Press (Barbell),Rest Timer,,,,90.0,
2023-04-29 18:00:00,Imported workout,3600,Chest Dip,5,0.0,6.0,,,
2023-04-29 18:00:00,Imported workout,3600,Chest Dip,Rest Timer,,,,90.0,
2023-04-29 18:00:00,Imported workout,3600,Chest Dip,1,0.0,8.0,,,
2023-04-29 18:00:00,Imported workout,3600,Chest Dip,Rest Timer,,,,90.0,
2023-04-29 18:00:00,Imported workout,3600,Chest Dip,2,0.0,8.0,,,
2023-04-29 18:00:00,Imported workout,3600,Chest Dip,Rest Timer,,,,90.0,
2023-04-29 18:00:00,Imported workout,3600,Chest Dip,3,0.0,8.0,,,
2023-04-29 18:00:00,Imported workout,3600,Chest Dip,Rest Timer,,,,90.0,
2023-04-29 18:00:00,Imported workout,3600,Chest Dip,4,0.0,8.0,,,
2023-04-29 18:00:00,Imported workout,3600,Chest Dip,Rest Timer,,,,90.0,
2023-04-29 18:00:00,Imported workout,3600,Overhead Press (Barbell),4,15.0,5.0,,,
2023-04-29 18:00:00,Imported workout,3600,Overhead Press (Barbell),Rest Timer,,,,90.0,
2023-04-29 18:00:00,Imported workout,3600,Overhead Press (Barbell),5,35.0,6.0,,,
2023-04-29 18:00:00,Imported workout,3600,Overhead Press (Barbell),Rest Timer,,,,90.0,
2023-04-29 18:00:00,Imported workout,3600,Overhead Press (Barbell),2,35.0,5.0,,,
2023-04-29 18:00:00,Imported workout,3600,Overhead Press (Barbell),Rest Timer,,,,90.0,
2023-04-29 18:00:00,Imported workout,3600,Overhead Press (Barbell),3,35.0,7.0,,,
2023-04-29 18:00:00,Imported workout,3600,Overhead Press (Barbell),Rest Timer,,,,90.0,
2023-04-29 18:00:00,Imported workout,3600,Overhead Press (Barbell),1,35.0,4.0,,,
2023-04-29 18:00:00,Imported workout,3600,Overhead Press (Barbell),Rest Timer,,,,90.0,
2023-04-29 18:00:00,Imported workout,3600,Pec Deck (Machine),3,52.0,8.0,,,
2023-04-29 18:00:00,Imported workout,3600,Pec Deck (Machine),Rest Timer,,,,90.0,
2023-04-29 18:00:00,Imported workout,3600,Pec Deck (Machine),1,73.0,8.0,,,
2023-04-29 18:00:00,Imported workout,3600,Pec Deck (Machine),Rest Timer,,,,90.0,
2023-04-29 18:00:00,Imported workout,3600,Pec Deck (Machine),2,73.0,8.0,,,
2023-04-29 18:00:00,Imported workout,3600,Pec Deck (Machine),Rest Timer,,,,90.0,
2023-04-29 18:00:00,Imported workout,3600,Lateral Raise (Dumbbell),1,8.0,8.0,,,
2023-04-29 18:00:00,Imported workout,3600,Lateral Raise (Dumbbell),Rest Timer,,,,90.0,
2023-04-29 18:00:00,Imported workout,3600,Lateral Raise (Dumbbell),2,8.0,8.0,,,
2023-04-29 18:00:00,Imported workout,3600,Lateral Raise (Dumbbell),Rest Timer,,,,90.0,
2023-04-29 18:00:00,Imported workout,3600,Lateral Raise (Dumbbell),3,8.0,8.0,,,
2023-04-29 18:00:00,Imported workout,3600,Lateral Raise (Dumbbell),Rest Timer,,,,90.0,
2023-04-29 18:00:00,Imported workout,3600,Triceps Pushdown (Cable - Straight Bar),1,23.0,8.0,,,
2023-04-29 18:00:00,Imported workout,3600,Triceps Pushdown (Cable - Straight Bar),Rest Timer,,,,90.0,
2023-04-29 18:00:00,Imported workout,3600,Triceps Pushdown (Cable - Straight Bar),3,23.0,8.0,,,
2023-04-29 18:00:00,Imported workout,3600,Triceps Pushdown (Cable - Straight Bar),Rest Timer,,,,90.0,
2023-04-29 18:00:00,Imported workout,3600,Triceps Pushdown (Cable - Straight Bar),2,23.0,8.0,,,
2023-04-29 18:00:00,Imported workout,3600,Triceps Pushdown (Cable - Straight Bar),Rest Timer,,,,90.0,
2023-04-29 18:00:00,Imported workout,3600,Plank,2,,,,,
2023-04-29 18:00:00,Imported workout,3600,Plank,Rest Timer,,,,90.0,
2023-04-29 18:00:00,Imported workout,3600,Plank,1,,,,,
2023-04-29 18:00:00,Imported workout,3600,Plank,Rest Timer,,,,90.0,
2023-04-29 18:00:00,Imported workout,3600,Plank,3,,,,,
2023-04-29 18:00:00,Imported workout,3600,Plank,Rest Timer,,,,90.0,
2023-04-29 18:00:00,Imported workout,3600,Hanging Leg Raise,1,,8.0,,,
2023-04-29 18:00:00,Imported workout,3600,Hanging Leg Raise,Rest Timer,,,,90.0,
2023-04-29 18:00:00,Imported workout,3600,Hanging Leg Raise,2,,8.0,,,
2023-04-29 18:00:00,Imported workout,3600,Hanging Leg Raise,Rest Timer,,,,90.0,
2023-04-29 18:00:00,Imported workout,3600,Hanging Leg Raise,3,,8.0,,,
2023-04-29 18:00:00,Imported workout,3600,Hanging Leg Raise,Rest Timer,,,,90.0,
2023-05-01 18:00:00,Imported workout,3600,Pull Up,1,8.0,8.0,,,
2023-05-01 18:00:00,Imported workout,3600,Pull Up,Rest Timer,,,,90.0,
2023-05-01 18:00:00,Imported workout,3600,Pull Up,2,8.0,6.0,,,
2023-05-01 18:00:00,Imported workout,3600,Pull Up,Rest Timer,,,,90.0,
2023-05-01 18:00:00,Imported workout,3600,Pull Up,3,8.0,4.0,,,
2023-05-01 18:00:00,Imported workout,3600,Pull Up,Rest Timer,,,,90.0,
2023-05-01 18:00:00,Imported workout,3600,Pull Up,4,8.0,6.0,,,
2023-05-01 18:00:00,Imported workout,3600,Pull Up,Rest Timer,,,,90.0,
2023-05-01 18:00:00,Imported workout,3600,Pull Up,5,8.0,4.0,,,
2023-05-01 18:00:00,Imported workout,3600,Pull Up,Rest Timer,,,,90.0,
2023-05-01 18:00:00,Imported workout,3600,Leg Extension (Machine),5,52.0,8.0,,,
2023-05-01 18:00:00,Imported workout,3600,Leg Extension (Machine),Rest Timer,,,,90.0,
2023-05-01 18:00:00,Imported workout,3600,Leg Extension (Machine),1,79.0,8.0,,,
2023-05-01 18:00:00,Imported workout,3600,Leg Extension (Machine),Rest Timer,,,,90.0,
2023-05-01 18:00:00,Imported workout,3600,Leg Extension (Machine),2,79.0,8.0,,,
2023-05-01 18:00:00,Imported workout,3600,Leg Extension (Machine),Rest Timer,,,,90.0,
2023-05-01 18:00:00,Imported workout,3600,Leg Extension (Machine),3,79.0,8.0,,,
2023-05-01 18:00:00,Imported workout,3600,Leg Extension (Machine),Rest Timer,,,,90.0,
2023-05-01 18:00:00,Imported workout,3600,Leg Extension (Machine),4,79.0,8.0,,,
2023-05-01 18:00:00,Imported workout,3600,Leg Extension (Machine),Rest Timer,,,,90.0,
2023-05-01 18:00:00,Imported workout,3600,Seated Row (Cable),5,52.0,10.0,,,
2023-05-01 18:00:00,Imported workout,3600,Seated Row (Cable),Rest Timer,,,,90.0,
2023-05-01 18:00:00,Imported workout,3600,Seated Row (Cable),3,52.0,10.0,,,
2023-05-01 18:00:00,Imported workout,3600,Seated Row (Cable),Rest Timer,,,,90.0,
2023-05-01 18:00:00,Imported workout,3600,Seated Row (Cable),4,52.0,8.0,,,
2023-05-01 18:00:00,Imported workout,3600,Seated Row (Cable),Rest Timer,,,,90.0,
2023-05-01 18:00:00,Imported workout,3600,Seated Row (Cable),2,52.0,8.0,,,
2023-05-01 18:00:00,Imported workout,3600,Seated Row (Cable),Rest Timer,,,,90.0,
2023-05-01 18:00:00,Imported workout,3600,Seated Row (Cable),1,52.0,8.0,,,
2023-05-01 18:00:00,Imported workout,3600,Seated Row (Cable),Rest Timer,,,,90.0,
2023-05-01 18:00:00,Imported workout,3600,Hammer Curl (Dumbbell),1,12.0,12.0,,,
2023-05-01 18:00:00,Imported workout,3600,Hammer Curl (Dumbbell),Rest Timer,,,,90.0,
2023-05-01 18:00:00,Imported workout,3600,Hammer Curl (Dumbbell),2,12.0,10.0,,,
2023-05-01 18:00:00,Imported workout,3600,Hammer Curl (Dumbbell),Rest Timer,,,,90.0,
2023-05-01 18:00:00,Imported workout,3600,Hammer Curl (Dumbbell),3,12.0,8.0,,,
2023-05-01 18:00:00,Imported workout,3600,Hammer Curl (Dumbbell),Rest Timer,,,,90.0,
2023-05-01 18:00:00,Imported workout,3600,Seated Row (Machine),1,23.0,8.0,,,
2023-05-01 18:00:00,Imported workout,3600,Seated Row (Machine),Rest Timer,,,,90.0,
2023-05-01 18:00:00,Imported workout,3600,Seated Row (Machine),2,45.0,8.0,,,
2023-05-01 18:00:00,Imported workout,3600,Seated Row (Machine),Rest Timer,,,,90.0,
2023-05-01 18:00:00,Imported workout,3600,Seated Row (Machine),4,45.0,8.0,,,
2023-05-01 18:00:00,Imported workout,3600,Seated Row (Machine),Rest Timer,,,,90.0,
2023-05-01 18:00:00,Imported workout,3600,Seated Row (Machine),3,45.0,8.0,,,
2023-05-01 18:00:00,Imported workout,3600,Seated Row (Machine),Rest Timer,,,,90.0,
2023-05-01 18:00:00,Imported workout,3600,Preacher Curl (Barbell),2,20.0,8.0,,,
2023-05-01 18:00:00,Imported workout,3600,Preacher Curl (Barbell),Rest Timer,,,,90.0,
2023-05-01 18:00:00,Imported workout,3600,Preacher Curl (Barbell),1,20.0,8.0,,,
2023-05-01 18:00:00,Imported workout,3600,Preacher Curl (Barbell),Rest Timer,,,,90.0,
2023-05-01 18:00:00,Imported workout,3600,Preacher Curl (Barbell),3,20.0,5.0,,,
2023-05-01 18:00:00,Imported workout,3600,Preacher Curl (Barbell),Rest Timer,,,,90.0,
2023-05-01 18:00:00,Imported workout,3600,Lateral Raise (Dumbbell),1,8.0,8.0,,,
2023-05-01 18:00:00,Imported workout,3600,Lateral Raise (Dumbbell),Rest Timer,,,,90.0,
2023-05-01 18:00:00,Imported workout,3600,Lateral Raise (Dumbbell),2,8.0,10.0,,,
2023-05-01 18:00:00,Imported workout,3600,Lateral Raise (Dumbbell),Rest Timer,,,,90.0,
2023-05-03 18:00:00,Imported workout,3600,Romanian Deadlift (Barbell),1,52.0,10.0,,,
2023-05-03 18:00:00,Imported workout,3600,Romanian Deadlift (Barbell),Rest Timer,,,,90.0,
2023-05-03 18:00:00,Imported workout,3600,Romanian Deadlift (Barbell),2,52.0,10.0,,,
2023-05-03 18:00:00,Imported workout,3600,Romanian Deadlift (Barbell),Rest Timer,,,,90.0,
2023-05-03 18:00:00,Imported workout,3600,Romanian Deadlift (Barbell),3,52.0,8.0,,,
2023-05-03 18:00:00,Imported workout,3600,Romanian Deadlift (Barbell),Rest Timer,,,,90.0,
2023-05-03 18:00:00,Imported workout,3600,Romanian Deadlift (Barbell),5,52.0,10.0,,,
2023-05-03 18:00:00,Imported workout,3600,Romanian Deadlift (Barbell),Rest Timer,,,,90.0,
2023-05-03 18:00:00,Imported workout,3600,Romanian Deadlift (Barbell),4,52.0,10.0,,,
2023-05-03 18:00:00,Imported workout,3600,Romanian Deadlift (Barbell),Rest Timer,,,,90.0,
2023-05-03 18:00:00,Imported workout,3600,Incline Bench Press (Barbell),1,20.0,8.0,,,
2023-05-03 18:00:00,Imported workout,3600,Incline Bench Press (Barbell),Rest Timer,,,,90.0,
2023-05-03 18:00:00,Imported workout,3600,Incline Bench Press (Barbell),6,50.0,8.0,,,
2023-05-03 18:00:00,Imported workout,3600,Incline Bench Press (Barbell),Rest Timer,,,,90.0,
2023-05-03 18:00:00,Imported workout,3600,Incline Bench Press (Barbell),2,60.0,8.0,,,
2023-05-03 18:00:00,Imported workout,3600,Incline Bench Press (Barbell),Rest Timer,,,,90.0,
2023-05-03 18:00:00,Imported workout,3600,Incline Bench Press (Barbell),3,65.0,8.0,,,
2023-05-03 18:00:00,Imported workout,3600,Incline Bench Press (Barbell),Rest Timer,,,,90.0,
2023-05-03 18:00:00,Imported workout,3600,Incline Bench Press (Barbell),4,67.5,4.0,,,
2023-05-03 18:00:00,Imported workout,3600,Incline Bench Press (Barbell),Rest Timer,,,,90.0,
2023-05-03 18:00:00,Imported workout,3600,Incline Bench Press (Barbell),5,65.0,5.0,,,
2023-05-03 18:00:00,Imported workout,3600,Incline Bench Press (Barbell),Rest Timer,,,,90.0,
2023-05-03 18:00:00,Imported workout,3600,Standing Calf Raise (Machine),4,55.0,12.0,,,
2023-05-03 18:00:00,Imported workout,3600,Standing Calf Raise (Machine),Rest Timer,,,,90.0,
2023-05-03 18:00:00,Imported workout,3600,Standing Calf Raise (Machine),2,65.0,12.0,,,
2023-05-03 18:00:00,Imported workout,3600,Standing Calf Raise (Machine),Rest Timer,,,,90.0,
2023-05-03 18:00:00,Imported workout,3600,Standing Calf Raise (Machine),3,65.0,12.0,,,
2023-05-03 18:00:00,Imported workout,3600,Standing Calf Raise (Machine),Rest Timer,,,,90.0,
2023-05-03 18:00:00,Imported workout,3600,Standing Calf Raise (Machine),1,65.0,12.0,,,
2023-05-03 18:00:00,Imported workout,3600,Standing Calf Raise (Machine),Rest Timer,,,,90.0,
2023-05-03 18:00:00,Imported workout,3600,Leg Press,4,50.0,8.0,,,
2023-05-03 18:00:00,Imported workout,3600,Leg Press,Rest Timer,,,,90.0,
2023-05-03 18:00:00,Imported workout,3600,Leg Press,1,50.0,8.0,,,
2023-05-03 18:00:00,Imported workout,3600,Leg Press,Rest Timer,,,,90.0,
2023-05-03 18:00:00,Imported workout,3600,Leg Press,2,50.0,8.0,,,
2023-05-03 18:00:00,Imported workout,3600,Leg Press,Rest Timer,,,,90.0,
2023-05-03 18:00:00,Imported workout,3600,Leg Press,3,50.0,8.0,,,
2023-05-03 18:00:00,Imported workout,3600,Leg Press,Rest Timer,,,,90.0,
2023-05-03 18:00:00,Imported workout,3600,Face Pull (Cable),1,27.0,8.0,,,
2023-05-03 18:00:00,Imported workout,3600,Face Pull (Cable),Rest Timer,,,,90.0,
2023-05-03 18:00:00,Imported workout,3600,Face Pull (Cable),2,27.0,8.0,,,
2023-05-03 18:00:00,Imported workout,3600,Face Pull (Cable),Rest Timer,,,,90.0,
2023-05-03 18:00:00,Imported workout,3600,Face Pull (Cable),3,27.0,8.0,,,
2023-05-03 18:00:00,Imported workout,3600,Face Pull (Cable),Rest Timer,,,,90.0,
2023-05-03 18:00:00,Imported workout,3600,Triceps Pushdown (Cable - Straight Bar),4,23.0,8.0,,,
2023-05-03 18:00:00,Imported workout,3600,Triceps Pushdown (Cable - Straight Bar),Rest Timer,,,,90.0,
2023-05-03 18:00:00,Imported workout,3600,Triceps Pushdown (Cable - Straight Bar),2,23.0,8.0,,,
2023-05-03 18:00:00,Imported workout,3600,Triceps Pushdown (Cable - Straight Bar),Rest Timer,,,,90.0,
2023-05-03 18:00:00,Imported workout,3600,Triceps Pushdown (Cable - Straight Bar),1,23.0,7.0,,,
2023-05-03 18:00:00,Imported workout,3600,Triceps Pushdown (Cable - Straight Bar),Rest Timer,,,,90.0,
2023-05-03 18:00:00,Imported workout,3600,Triceps Pushdown (Cable - Straight Bar),3,18.0,8.0,,,
2023-05-03 18:00:00,Imported workout,3600,Triceps Pushdown (Cable - Straight Bar),Rest Timer,,,,90.0,
2023-05-03 18:00:00,Imported workout,3600,Incline Curl (Dumbbell),1,14.0,8.0,,,
2023-05-03 18:00:00,Imported workout,3600,Incline Curl (Dumbbell),Rest Timer,,,,90.0,
2023-05-03 18:00:00,Imported workout,3600,Incline Curl (Dumbbell),3,14.0,8.0,,,
2023-05-03 18:00:00,Imported workout,3600,Incline Curl (Dumbbell),Rest Timer,,,,90.0,
2023-05-03 18:00:00,Imported workout,3600,Incline Curl (Dumbbell),2,14.0,7.0,,,
2023-05-03 18:00:00,Imported workout,3600,Incline Curl (Dumbbell),Rest Timer,,,,90.0,
2023-05-05 18:00:00,Imported workout,3600,Bench Press (Barbell),1,20.0,10.0,,,
2023-05-05 18:00:00,Imported workout,3600,Bench Press (Barbell),Rest Timer,,,,90.0,
2023-05-05 18:00:00,Imported workout,3600,Bench Press (Barbell),2,50.0,8.0,,,
2023-05-05 18:00:00,Imported workout,3600,Bench Press (Barbell),Rest Timer,,,,90.0,
2023-05-05 18:00:00,Imported workout,3600,Bench Press (Barbell),3,82.5,4.0,,,
2023-05-05 18:00:00,Imported workout,3600,Bench Press (Barbell),Rest Timer,,,,90.0,
2023-05-05 18:00:00,Imported workout,3600,Bench Press (Barbell),6,72.5,8.0,,,
2023-05-05 18:00:00,Imported workout,3600,Bench Press (Barbell),Rest Timer,,,,90.0,
2023-05-05 18:00:00,Imported workout,3600,Bench Press (Barbell),4,80.0,5.0,,,
2023-05-05 18:00:00,Imported workout,3600,Bench Press (Barbell),Rest Timer,,,,90.0,
2023-05-05 18:00:00,Imported workout,3600,Bench Press (Barbell),5,80.0,3.0,,,
2023-05-05 18:00:00,Imported workout,3600,Bench Press (Barbell),Rest Timer,,,,90.0,
2023-05-05 18:00:00,Imported workout,3600,Seated Overhead Press (Dumbbell),5,20.0,8.0,,,
2023-05-05 18:00:00,Imported workout,3600,Seated Overhead Press (Dumbbell),Rest Timer,,,,90.0,
2023-05-05 18:00:00,Imported workout,3600,Seated Overhead Press (Dumbbell),1,20.0,8.0,,,
2023-05-05 18:00:00,Imported workout,3600,Seated Overhead Press (Dumbbell),Rest Timer,,,,90.0,
2023-05-05 18:00:00,Imported workout,3600,Seated Overhead Press (Dumbbell),2,20.0,8.0,,,
2023-05-05 18:00:00,Imported workout,3600,Seated Overhead Press (Dumbbell),Rest Timer,,,,90.0,
2023-05-05 18:00:00,Imported workout,3600,Seated Overhead Press (Dumbbell),3,20.0,8.0,,,
2023-05-05 18:00:00,Imported workout,3600,Seated Overhead Press (Dumbbell),Rest Timer,,,,90.0,
2023-05-05 18:00:00,Imported workout,3600,Seated Overhead Press (Dumbbell),4,20.0,8.0,,,
2023-05-05 18:00:00,Imported workout,3600,Seated Overhead Press (Dumbbell),Rest Timer,,,,90.0,
2023-05-05 18:00:00,Imported workout,3600,Chest Dip,4,0.0,8.0,,,
2023-05-05 18:00:00,Imported workout,3600,Chest Dip,Rest Timer,,,,90.0,
2023-05-05 18:00:00,Imported workout,3600,Chest Dip,5,0.0,8.0,,,
2023-05-05 18:00:00,Imported workout,3600,Chest Dip,Rest Timer,,,,90.0,
2023-05-05 18:00:00,Imported workout,3600,Chest Dip,3,0.0,8.0,,,
2023-05-05 18:00:00,Imported workout,3600,Chest Dip,Rest Timer,,,,90.0,
2023-05-05 18:00:00,Imported workout,3600,Chest Dip,2,0.0,8.0,,,
2023-05-05 18:00:00,Imported workout,3600,Chest Dip,Rest Timer,,,,90.0,
2023-05-05 18:00:00,Imported workout,3600,Chest Dip,1,0.0,8.0,,,
2023-05-05 18:00:00,Imported workout,3600,Chest Dip,Rest Timer,,,,90.0,
2023-05-05 18:00:00,Imported workout,3600,Pec Deck (Machine),2,52.0,8.0,,,
2023-05-05 18:00:00,Imported workout,3600,Pec Deck (Machine),Rest Timer,,,,90.0,
2023-05-05 18:00:00,Imported workout,3600,Pec Deck (Machine),3,73.0,8.0,,,
2023-05-05 18:00:00,Imported workout,3600,Pec Deck (Machine),Rest Timer,,,,90.0,
2023-05-05 18:00:00,Imported workout,3600,Pec Deck (Machine),1,73.0,8.0,,,
2023-05-05 18:00:00,Imported workout,3600,Pec Deck (Machine),Rest Timer,,,,90.0,
2023-05-05 18:00:00,Imported workout,3600,Triceps Pushdown (Cable - Straight Bar),1,25.3,8.0,,,
2023-05-05 18:00:00,Imported workout,3600,Triceps Pushdown (Cable - Straight Bar),Rest Timer,,,,90.0,
2023-05-05 18:00:00,Imported workout,3600,Lateral Raise (Dumbbell),3,7.0,12.0,,,
2023-05-05 18:00:00,Imported workout,3600,Lateral Raise (Dumbbell),Rest Timer,,,,90.0,
2023-05-05 18:00:00,Imported workout,3600,Lateral Raise (Dumbbell),1,7.0,12.0,,,
2023-05-05 18:00:00,Imported workout,3600,Lateral Raise (Dumbbell),Rest Timer,,,,90.0,
2023-05-05 18:00:00,Imported workout,3600,Lateral Raise (Dumbbell),2,7.0,12.0,,,
2023-05-05 18:00:00,Imported workout,3600,Lateral Raise (Dumbbell),Rest Timer,,,,90.0,
2023-05-05 18:00:00,Imported workout,3600,Triceps Pushdown (Cable - Straight Bar),2,23.0,8.0,,,
2023-05-05 18:00:00,Imported workout,3600,Triceps Pushdown (Cable - Straight Bar),Rest Timer,,,,90.0,
2023-05-05 18:00:00,Imported workout,3600,Triceps Pushdown (Cable - Straight Bar),3,23.0,8.0,,,
2023-05-05 18:00:00,Imported workout,3600,Triceps Pushdown (Cable - Straight Bar),Rest Timer,,,,90.0,
2023-05-05 18:00:00,Imported workout,3600,Triceps Pushdown (Cable - Straight Bar),4,23.0,8.0,,,
2023-05-05 18:00:00,Imported workout,3600,Triceps Pushdown (Cable - Straight Bar),Rest Timer,,,,90.0,
2023-05-07 18:00:00,Imported workout,3600,Pull Up,5,10.0,4.0,,,
2023-05-07 18:00:00,Imported workout,3600,Pull Up,Rest Timer,,,,90.0,
2023-05-07 18:00:00,Imported workout,3600,Pull Up,4,10.0,4.0,,,
2023-05-07 18:00:00,Imported workout,3600,Pull Up,Rest Timer,,,,90.0,
2023-05-07 18:00:00,Imported workout,3600,Pull Up,3,10.0,4.0,,,
2023-05-07 18:00:00,Imported workout,3600,Pull Up,Rest Timer,,,,90.0,
2023-05-07 18:00:00,Imported workout,3600,Pull Up,2,10.0,4.0,,,
2023-05-07 18:00:00,Imported workout,3600,Pull Up,Rest Timer,,,,90.0,
2023-05-07 18:00:00,Imported workout,3600,Pull Up,1,,7.0,,,
2023-05-07 18:00:00,Imported workout,3600,Pull Up,Rest Timer,,,,90.0,
2023-05-07 18:00:00,Imported workout,3600,Squat (Barbell),6,20.0,8.0,,,
2023-05-07 18:00:00,Imported workout,3600,Squat (Barbell),Rest Timer,,,,90.0,
2023-05-07 18:00:00,Imported workout,3600,Squat (Barbell),5,70.0,8.0,,,
2023-05-07 18:00:00,Imported workout,3600,Squat (Barbell),Rest Timer,,,,90.0,
2023-05-07 18:00:00,Imported workout,3600,Squat (Barbell),4,80.0,8.0,,,
2023-05-07 18:00:00,Imported workout,3600,Squat (Barbell),Rest Timer,,,,90.0,
2023-05-07 18:00:00,Imported workout,3600,Squat (Barbell),3,80.0,8.0,,,
2023-05-07 18:00:00,Imported workout,3600,Squat (Barbell),Rest Timer,,,,90.0,
2023-05-07 18:00:00,Imported workout,3600,Squat (Barbell),2,80.0,8.0,,,
2023-05-07 18:00:00,Imported workout,3600,Squat (Barbell),Rest Timer,,,,90.0,
2023-05-07 18:00:00,Imported workout,3600,Squat (Barbell),1,80.0,8.0,,,
2023-05-07 18:00:00,Imported workout,3600,Squat (Barbell),Rest Timer,,,,90.0,
2023-05-07 18:00:00,Imported workout,3600,Seated Row (Cable),4,45.0,8.0,,,
2023-05-07 18:00:00,Imported workout,3600,Seated Row (Cable),Rest Timer,,,,90.0,
2023-05-07 18:00:00,Imported workout,3600,Seated Row (Cable),3,52.0,8.0,,,
2023-05-07 18:00:00,Imported workout,3600,Seated Row (Cable),Rest Timer,,,,90.0,
2023-05-07 18:00:00,Imported workout,3600,Seated Row (Cable),5,52.0,8.0,,,
2023-05-07 18:00:00,Imported workout,3600,Seated Row (Cable),Rest Timer,,,,90.0,
2023-05-07 18:00:00,Imported workout,3600,Seated Row (Cable),1,52.0,8.0,,,
2023-05-07 18:00:00,Imported workout,3600,Seated Row (Cable),Rest Timer,,,,90.0,
2023-05-07 18:00:00,Imported workout,3600,Seated Row (Cable),2,52.0,8.0,,,
2023-05-07 18:00:00,Imported workout,3600,Seated Row (Cable),Rest Timer,,,,90.0,
2023-05-07 18:00:00,Imported workout,3600,Seated Row (Machine),3,45.0,8.0,,,
2023-05-07 18:00:00,Imported workout,3600,Seated Row (Machine),Rest Timer,,,,90.0,
2023-05-07 18:00:00,Imported workout,3600,Seated Row (Machine),1,45.0,8.0,,,
2023-05-07 18:00:00,Imported workout,3600,Seated Row (Machine),Rest Timer,,,,90.0,
2023-05-07 18:00:00,Imported workout,3600,Seated Row (Machine),2,45.0,8.0,,,
2023-05-07 18:00:00,Imported workout,3600,Seated Row (Machine),Rest Timer,,,,90.0,
2023-05-07 18:00:00,Imported workout,3600,Preacher Curl (Barbell),2,20.0,8.0,,,
2023-05-07 18:00:00,Imported workout,3600,Preacher Curl (Barbell),Rest Timer,,,,90.0,
2023-05-07 18:00:00,Imported workout,3600,Preacher Curl (Barbell),1,20.0,8.0,,,
2023-05-07 18:00:00,Imported workout,3600,Preacher Curl (Barbell),Rest Timer,,,,90.0,
2023-05-07 18:00:00,Imported workout,3600,Preacher Curl (Barbell),3,20.0,6.0,,,
2023-05-07 18:00:00,Imported workout,3600,Preacher Curl (Barbell),Rest Timer,,,,90.0,
2023-05-07 18:00:00,Imported workout,3600,Preacher Curl (Barbell),4,20.0,7.0,,,
2023-05-07 18:00:00,Imported workout,3600,Preacher Curl (Barbell),Rest Timer,,,,90.0,
2023-05-07 18:00:00,Imported workout,3600,Hammer Curl (Dumbbell),1,10.0,10.0,,,
2023-05-07 18:00:00,Imported workout,3600,Hammer Curl (Dumbbell),Rest Timer,,,,90.0,
2023-05-07 18:00:00,Imported workout,3600,Hammer Curl (Dumbbell),2,10.0,10.0,,,
2023-05-07 18:00:00,Imported workout,3600,Hammer Curl (Dumbbell),Rest Timer,,,,90.0,
2023-05-07 18:00:00,Imported workout,3600,Hammer Curl (Dumbbell),3,10.0,10.0,,,
2023-05-07 18:00:00,Imported workout,3600,Hammer Curl (Dumbbell),Rest Timer,,,,90.0,
2023-05-07 18:00:00,Imported workout,3600,Hammer Curl (Dumbbell),4,10.0,10.0,,,
2023-05-07 18:00:00,Imported workout,3600,Hammer Curl (Dumbbell),Rest Timer,,,,90.0,
2023-05-09 18:00:00,Imported workout,3600,Romanian Deadlift (Barbell),1,54.0,8.0,,,
2023-05-09 18:00:00,Imported workout,3600,Romanian Deadlift (Barbell),Rest Timer,,,,90.0,
2023-05-09 18:00:00,Imported workout,3600,Romanian Deadlift (Barbell),2,54.0,8.0,,,
2023-05-09 18:00:00,Imported workout,3600,Romanian Deadlift (Barbell),Rest Timer,,,,90.0,
2023-05-09 18:00:00,Imported workout,3600,Romanian Deadlift (Barbell),5,54.0,8.0,,,
2023-05-09 18:00:00,Imported workout,3600,Romanian Deadlift (Barbell),Rest Timer,,,,90.0,
2023-05-09 18:00:00,Imported workout,3600,Romanian Deadlift (Barbell),3,54.0,8.0,,,
2023-05-09 18:00:00,Imported workout,3600,Romanian Deadlift (Barbell),Rest Timer,,,,90.0,
2023-05-09 18:00:00,Imported workout,3600,Romanian Deadlift (Barbell),4,54.0,8.0,,,
2023-05-09 18:00:00,Imported workout,3600,Romanian Deadlift (Barbell),Rest Timer,,,,90.0,
2023-05-09 18:00:00,Imported workout,3600,Incline Bench Press (Dumbbell),1,12.0,8.0,,,
2023-05-09 18:00:00,Imported workout,3600,Incline Bench Press (Dumbbell),Rest Timer,,,,90.0,
2023-05-09 18:00:00,Imported workout,3600,Incline Bench Press (Dumbbell),2,28.0,8.0,,,
2023-05-09 18:00:00,Imported workout,3600,Incline Bench Press (Dumbbell),Rest Timer,,,,90.0,
2023-05-09 18:00:00,Imported workout,3600,Incline Bench Press (Dumbbell),6,28.0,8.0,,,
2023-05-09 18:00:00,Imported workout,3600,Incline Bench Press (Dumbbell),Rest Timer,,,,90.0,
2023-05-09 18:00:00,Imported workout,3600,Incline Bench Press (Dumbbell),3,28.0,8.0,,,
2023-05-09 18:00:00,Imported workout,3600,Incline Bench Press (Dumbbell),Rest Timer,,,,90.0,
2023-05-09 18:00:00,Imported workout,3600,Incline Bench Press (Dumbbell),4,28.0,8.0,,,
2023-05-09 18:00:00,Imported workout,3600,Incline Bench Press (Dumbbell),Rest Timer,,,,90.0,
2023-05-09 18:00:00,Imported workout,3600,Incline Bench Press (Dumbbell),5,28.0,8.0,,,
2023-05-09 18:00:00,Imported workout,3600,Incline Bench Press (Dumbbell),Rest Timer,,,,90.0,
2023-05-09 18:00:00,Imported workout,3600,Leg Press,3,60.0,5.0,,,
2023-05-09 18:00:00,Imported workout,3600,Leg Press,Rest Timer,,,,90.0,
2023-05-09 18:00:00,Imported workout,3600,Standing Calf Raise (Machine),2,55.0,12.0,,,
2023-05-09 18:00:00,Imported workout,3600,Standing Calf Raise (Machine),Rest Timer,,,,90.0,
2023-05-09 18:00:00,Imported workout,3600,Standing Calf Raise (Machine),3,55.0,12.0,,,
2023-05-09 18:00:00,Imported workout,3600,Standing Calf Raise (Machine),Rest Timer,,,,90.0,
2023-05-09 18:00:00,Imported workout,3600,Leg Press,2,40.0,8.0,,,
2023-05-09 18:00:00,Imported workout,3600,Leg Press,Rest Timer,,,,90.0,
2023-05-09 18:00:00,Imported workout,3600,Lat Pulldown (Cable),3,59.0,5.0,,,
2023-05-09 18:00:00,Imported workout,3600,Lat Pulldown (Cable),Rest Timer,,,,90.0,
2023-05-09 18:00:00,Imported workout,3600,Lat Pulldown (Cable),2,52.0,8.0,,,
2023-05-09 18:00:00,Imported workout,3600,Lat Pulldown (Cable),Rest Timer,,,,90.0,
2023-05-09 18:00:00,Imported workout,3600,Lat Pulldown (Cable),1,52.0,8.0,,,
2023-05-09 18:00:00,Imported workout,3600,Lat Pulldown (Cable),Rest Timer,,,,90.0,
2023-05-09 18:00:00,Imported workout,3600,Leg Press,1,40.0,8.0,,,
2023-05-09 18:00:00,Imported workout,3600,Leg Press,Rest Timer,,,,90.0,
2023-05-09 18:00:00,Imported workout,3600,Standing Calf Raise (Machine),1,55.0,12.0,,,
2023-05-09 18:00:00,Imported workout,3600,Standing Calf Raise (Machine),Rest Timer,,,,90.0,
2023-05-09 18:00:00,Imported workout,3600,Skullcrusher (Dumbbell),2,10.0,8.0,,,
2023-05-09 18:00:00,Imported workout,3600,Skullcrusher (Dumbbell),Rest Timer,,,,90.0,
2023-05-09 18:00:00,Imported workout,3600,Skullcrusher (Dumbbell),1,10.0,8.0,,,
2023-05-09 18:00:00,Imported workout,3600,Skullcrusher (Dumbbell),Rest Timer,,,,90.0,
2023-05-09 18:00:00,Imported workout,3600,Skullcrusher (Dumbbell),3,10.0,8.0,,,
2023-05-09 18:00:00,Imported workout,3600,Skullcrusher (Dumbbell),Rest Timer,,,,90.0,
2023-05-09 18:00:00,Imported workout,3600,Incline Curl (Dumbbell),1,12.0,8.0,,,
2023-05-09 18:00:00,Imported workout,3600,Incline Curl (Dumbbell),Rest Timer,,,,90.0,
2023-05-09 18:00:00,Imported workout,3600,Incline Curl (Dumbbell),2,12.0,8.0,,,
2023-05-09 18:00:00,Imported workout,3600,Incline Curl (Dumbbell),Rest Timer,,,,90.0,
2023-05-09 18:00:00,Imported workout,3600,Face Pull (Cable),1,23.0,10.0,,,
2023-05-09 18:00:00,Imported workout,3600,Face Pull (Cable),Rest Timer,,,,90.0,
2023-05-09 18:00:00,Imported workout,3600,Face Pull (Cable),2,27.0,8.0,,,
2023-05-09 18:00:00,Imported workout,3600,Face Pull (Cable),Rest Timer,,,,90.0,
2023-05-09 18:00:00,Imported workout,3600,Face Pull (Cable),3,27.0,8.0,,,
2023-05-09 18:00:00,Imported workout,3600,Face Pull (Cable),Rest Timer,,,,90.0,
2023-05-09 18:00:00,Imported workout,3600,Ab Wheel,1,,8.0,,,
2023-05-09 18:00:00,Imported workout,3600,Ab Wheel,Rest Timer,,,,90.0,
2023-05-09 18:00:00,Imported workout,3600,Ab Wheel,2,,8.0,,,
2023-05-09 18:00:00,Imported workout,3600,Ab Wheel,Rest Timer,,,,90.0,
2023-05-09 18:00:00,Imported workout,3600,Cycling (Indoor),1,,12.0,,,
2023-05-09 18:00:00,Imported workout,3600,Cycling (Indoor),Rest Timer,,,,90.0,
2023-05-09 18:00:00,Imported workout,3600,Cycling (Indoor),2,,12.0,,,
2023-05-09 18:00:00,Imported workout,3600,Cycling (Indoor),Rest Timer,,,,90.0,
2023-05-12 18:00:00,Imported workout,3600,Bench Press (Dumbbell),1,22.0,10.0,,,
2023-05-12 18:00:00,Imported workout,3600,Bench Press (Dumbbell),Rest Timer,,,,90.0,
2023-05-12 18:00:00,Imported workout,3600,Bench Press (Dumbbell),5,32.0,5.0,,,
2023-05-12 18:00:00,Imported workout,3600,Bench Press (Dumbbell),Rest Timer,,,,90.0,
2023-05-12 18:00:00,Imported workout,3600,Bench Press (Dumbbell),2,32.0,7.0,,,
2023-05-12 18:00:00,Imported workout,3600,Bench Press (Dumbbell),Rest Timer,,,,90.0,
2023-05-12 18:00:00,Imported workout,3600,Bench Press (Dumbbell),3,32.0,6.0,,,
2023-05-12 18:00:00,Imported workout,3600,Bench Press (Dumbbell),Rest Timer,,,,90.0,
2023-05-12 18:00:00,Imported workout,3600,Bench Press (Dumbbell),4,32.0,5.0,,,
2023-05-12 18:00:00,Imported workout,3600,Bench Press (Dumbbell),Rest Timer,,,,90.0,
2023-05-12 18:00:00,Imported workout,3600,Bench Press (Dumbbell),6,26.0,8.0,,,
2023-05-12 18:00:00,Imported workout,3600,Bench Press (Dumbbell),Rest Timer,,,,90.0,
2023-05-12 18:00:00,Imported workout,3600,Shoulder Press (Machine),2,32.0,8.0,,,
2023-05-12 18:00:00,Imported workout,3600,Shoulder Press (Machine),Rest Timer,,,,90.0,
2023-05-12 18:00:00,Imported workout,3600,Shoulder Press (Machine),3,32.0,8.0,,,
2023-05-12 18:00:00,Imported workout,3600,Shoulder Press (Machine),Rest Timer,,,,90.0,
2023-05-12 18:00:00,Imported workout,3600,Shoulder Press (Machine),4,32.0,6.0,,,
2023-05-12 18:00:00,Imported workout,3600,Shoulder Press (Machine),Rest Timer,,,,90.0,
2023-05-12 18:00:00,Imported workout,3600,Shoulder Press (Machine),5,27.0,8.0,,,
2023-05-12 18:00:00,Imported workout,3600,Shoulder Press (Machine),Rest Timer,,,,90.0,
2023-05-12 18:00:00,Imported workout,3600,Shoulder Press (Machine),1,27.0,8.0,,,
2023-05-12 18:00:00,Imported workout,3600,Shoulder Press (Machine),Rest Timer,,,,90.0,
2023-05-12 18:00:00,Imported workout,3600,Chest Dip,3,0.0,5.0,,,
2023-05-12 18:00:00,Imported workout,3600,Chest Dip,Rest Timer,,,,90.0,
2023-05-12 18:00:00,Imported workout,3600,Chest Dip,2,0.0,8.0,,,
2023-05-12 18:00:00,Imported workout,3600,Chest Dip,Rest Timer,,,,90.0,
2023-05-12 18:00:00,Imported workout,3600,Chest Dip,1,0.0,8.0,,,
2023-05-12 18:00:00,Imported workout,3600,Chest Dip,Rest Timer,,,,90.0,
2023-05-12 18:00:00,Imported workout,3600,Pec Deck (Machine),1,45.0,10.0,,,
2023-05-12 18:00:00,Imported workout,3600,Pec Deck (Machine),Rest Timer,,,,90.0,
2023-05-12 18:00:00,Imported workout,3600,Pec Deck (Machine),2,73.0,8.0,,,
2023-05-12 18:00:00,Imported workout,3600,Pec Deck (Machine),Rest Timer,,,,90.0,
2023-05-12 18:00:00,Imported workout,3600,Pec Deck (Machine),3,73.0,8.0,,,
2023-05-12 18:00:00,Imported workout,3600,Pec Deck (Machine),Rest Timer,,,,90.0,
2023-05-12 18:00:00,Imported workout,3600,Triceps Pushdown (Cable - Straight Bar),1,18.0,8.0,,,
2023-05-12 18:00:00,Imported workout,3600,Triceps Pushdown (Cable - Straight Bar),Rest Timer,,,,90.0,
2023-05-12 18:00:00,Imported workout,3600,Triceps Pushdown (Cable - Straight Bar),4,18.0,8.0,,,
2023-05-12 18:00:00,Imported workout,3600,Triceps Pushdown (Cable - Straight Bar),Rest Timer,,,,90.0,
2023-05-12 18:00:00,Imported workout,3600,Triceps Pushdown (Cable - Straight Bar),2,18.0,8.0,,,
2023-05-12 18:00:00,Imported workout,3600,Triceps Pushdown (Cable - Straight Bar),Rest Timer,,,,90.0,
2023-05-12 18:00:00,Imported workout,3600,Triceps Pushdown (Cable - Straight Bar),3,18.0,8.0,,,
2023-05-12 18:00:00,Imported workout,3600,Triceps Pushdown (Cable - Straight Bar),Rest Timer,,,,90.0,
2023-05-12 18:00:00,Imported workout,3600,Lateral Raise (Dumbbell),1,8.0,12.0,,,
2023-05-12 18:00:00,Imported workout,3600,Lateral Raise (Dumbbell),Rest Timer,,,,90.0,
2023-05-12 18:00:00,Imported workout,3600,Lateral Raise (Dumbbell),3,8.0,12.0,,,
2023-05-12 18:00:00,Imported workout,3600,Lateral Raise (Dumbbell),Rest Timer,,,,90.0,
2023-05-12 18:00:00,Imported workout,3600,Lateral Raise (Dumbbell),2,8.0,8.0,,,
2023-05-12 18:00:00,Imported workout,3600,Lateral Raise (Dumbbell),Rest Timer,,,,90.0,
2023-05-13 18:00:00,Imported workout,3600,Pull Up,1,10.0,6.0,,,
2023-05-13 18:00:00,Imported workout,3600,Pull Up,Rest Timer,,,,90.0,
2023-05-13 18:00:00,Imported workout,3600,Pull Up,2,10.0,6.0,,,
2023-05-13 18:00:00,Imported workout,3600,Pull Up,Rest Timer,,,,90.0,
2023-05-13 18:00:00,Imported workout,3600,Pull Up,3,10.0,4.0,,,
2023-05-13 18:00:00,Imported workout,3600,Pull Up,Rest Timer,,,,90.0,
2023-05-13 18:00:00,Imported workout,3600,Pull Up,4,10.0,4.0,,,
2023-05-13 18:00:00,Imported workout,3600,Pull Up,Rest Timer,,,,90.0,
2023-05-13 18:00:00,Imported workout,3600,Squat (Barbell),1,20.0,8.0,,,
2023-05-13 18:00:00,Imported workout,3600,Squat (Barbell),Rest Timer,,,,90.0,
2023-05-13 18:00:00,Imported workout,3600,Squat (Barbell),3,60.0,8.0,,,
2023-05-13 18:00:00,Imported workout,3600,Squat (Barbell),Rest Timer,,,,90.0,
2023-05-13 18:00:00,Imported workout,3600,Squat (Barbell),2,80.0,8.0,,,
2023-05-13 18:00:00,Imported workout,3600,Squat (Barbell),Rest Timer,,,,90.0,
2023-05-13 18:00:00,Imported workout,3600,Squat (Barbell),6,80.0,8.0,,,
2023-05-13 18:00:00,Imported workout,3600,Squat (Barbell),Rest Timer,,,,90.0,
2023-05-13 18:00:00,Imported workout,3600,Squat (Barbell),4,85.0,8.0,,,
2023-05-13 18:00:00,Imported workout,3600,Squat (Barbell),Rest Timer,,,,90.0,
2023-05-13 18:00:00,Imported workout,3600,Squat (Barbell),5,90.0,8.0,,,
2023-05-13 18:00:00,Imported workout,3600,Squat (Barbell),Rest Timer,,,,90.0,
2023-05-13 18:00:00,Imported workout,3600,Seated Row (Machine),2,52.0,8.0,,,
2023-05-13 18:00:00,Imported workout,3600,Seated Row (Machine),Rest Timer,,,,90.0,
2023-05-13 18:00:00,Imported workout,3600,Seated Row (Machine),3,52.0,8.0,,,
2023-05-13 18:00:00,Imported workout,3600,Seated Row (Machine),Rest Timer,,,,90.0,
2023-05-13 18:00:00,Imported workout,3600,Seated Row (Machine),1,52.0,8.0,,,
2023-05-13 18:00:00,Imported workout,3600,Seated Row (Machine),Rest Timer,,,,90.0,
2023-05-13 18:00:00,Imported workout,3600,Seated Row (Machine),4,52.0,8.0,,,
2023-05-13 18:00:00,Imported workout,3600,Seated Row (Machine),Rest Timer,,,,90.0,
2023-05-13 18:00:00,Imported workout,3600,Seated Row (Cable),3,52.0,8.0,,,
2023-05-13 18:00:00,Imported workout,3600,Seated Row (Cable),Rest Timer,,,,90.0,
2023-05-13 18:00:00,Imported workout,3600,Seated Row (Cable),1,52.0,8.0,,,
2023-05-13 18:00:00,Imported workout,3600,Seated Row (Cable),Rest Timer,,,,90.0,
2023-05-13 18:00:00,Imported workout,3600,Seated Row (Cable),2,59.0,8.0,,,
2023-05-13 18:00:00,Imported workout,3600,Seated Row (Cable),Rest Timer,,,,90.0,
2023-05-13 18:00:00,Imported workout,3600,Preacher Curl (Barbell),4,20.0,5.0,,,
2023-05-13 18:00:00,Imported workout,3600,Preacher Curl (Barbell),Rest Timer,,,,90.0,
2023-05-13 18:00:00,Imported workout,3600,Preacher Curl (Barbell),3,20.0,6.0,,,
2023-05-13 18:00:00,Imported workout,3600,Preacher Curl (Barbell),Rest Timer,,,,90.0,
2023-05-13 18:00:00,Imported workout,3600,Preacher Curl (Barbell),1,20.0,8.0,,,
2023-05-13 18:00:00,Imported workout,3600,Preacher Curl (Barbell),Rest Timer,,,,90.0,
2023-05-13 18:00:00,Imported workout,3600,Preacher Curl (Barbell),2,20.0,7.0,,,
2023-05-13 18:00:00,Imported workout,3600,Preacher Curl (Barbell),Rest Timer,,,,90.0,
2023-05-13 18:00:00,Imported workout,3600,Lateral Raise (Dumbbell),1,7.0,8.0,,,
2023-05-13 18:00:00,Imported workout,3600,Lateral Raise (Dumbbell),Rest Timer,,,,90.0,
2023-05-13 18:00:00,Imported workout,3600,Lateral Raise (Dumbbell),2,7.0,8.0,,,
2023-05-13 18:00:00,Imported workout,3600,Lateral Raise (Dumbbell),Rest Timer,,,,90.0,
2023-05-13 18:00:00,Imported workout,3600,Lateral Raise (Dumbbell),3,7.0,8.0,,,
2023-05-13 18:00:00,Imported workout,3600,Lateral Raise (Dumbbell),Rest Timer,,,,90.0,
2023-05-13 18:00:00,Imported workout,3600,Hammer Curl (Dumbbell),1,12.0,10.0,,,
2023-05-13 18:00:00,Imported workout,3600,Hammer Curl (Dumbbell),Rest Timer,,,,90.0,
2023-05-13 18:00:00,Imported workout,3600,Hammer Curl (Dumbbell),2,12.0,10.0,,,
2023-05-13 18:00:00,Imported workout,3600,Hammer Curl (Dumbbell),Rest Timer,,,,90.0,
2023-05-13 18:00:00,Imported workout,3600,Hammer Curl (Dumbbell),4,12.0,10.0,,,
2023-05-13 18:00:00,Imported workout,3600,Hammer Curl (Dumbbell),Rest Timer,,,,90.0,
2023-05-13 18:00:00,Imported workout,3600,Hammer Curl (Dumbbell),3,12.0,10.0,,,
2023-05-13 18:00:00,Imported workout,3600,Hammer Curl (Dumbbell),Rest Timer,,,,90.0,
2023-05-13 18:00:00,Imported workout,3600,Ab Wheel,2,,8.0,,,
2023-05-13 18:00:00,Imported workout,3600,Ab Wheel,Rest Timer,,,,90.0,
2023-05-13 18:00:00,Imported workout,3600,Ab Wheel,3,,8.0,,,
2023-05-13 18:00:00,Imported workout,3600,Ab Wheel,Rest Timer,,,,90.0,
2023-05-13 18:00:00,Imported workout,3600,Ab Wheel,1,,8.0,,,
2023-05-13 18:00:00,Imported workout,3600,Ab Wheel,Rest Timer,,,,90.0,
2023-05-13 18:00:00,Imported workout,3600,Cycling (Indoor),1,,16.0,,,
2023-05-13 18:00:00,Imported workout,3600,Cycling (Indoor),Rest Timer,,,,90.0,
2023-05-13 18:00:00,Imported workout,3600,Cycling (Indoor),2,,20.0,,,
2023-05-13 18:00:00,Imported workout,3600,Cycling (Indoor),Rest Timer,,,,90.0,
2023-05-13 18:00:00,Imported workout,3600,Cycling (Indoor),3,,14.0,,,
2023-05-13 18:00:00,Imported workout,3600,Cycling (Indoor),Rest Timer,,,,90.0,
2023-05-16 18:00:00,Imported workout,3600,Romanian Deadlift (Barbell),5,56.0,8.0,,,
2023-05-16 18:00:00,Imported workout,3600,Romanian Deadlift (Barbell),Rest Timer,,,,90.0,
2023-05-16 18:00:00,Imported workout,3600,Romanian Deadlift (Barbell),1,56.0,8.0,,,
2023-05-16 18:00:00,Imported workout,3600,Romanian Deadlift (Barbell),Rest Timer,,,,90.0,
2023-05-16 18:00:00,Imported workout,3600,Romanian Deadlift (Barbell),2,56.0,8.0,,,
2023-05-16 18:00:00,Imported workout,3600,Romanian Deadlift (Barbell),Rest Timer,,,,90.0,
2023-05-16 18:00:00,Imported workout,3600,Romanian Deadlift (Barbell),3,56.0,8.0,,,
2023-05-16 18:00:00,Imported workout,3600,Romanian Deadlift (Barbell),Rest Timer,,,,90.0,
2023-05-16 18:00:00,Imported workout,3600,Romanian Deadlift (Barbell),4,56.0,8.0,,,
2023-05-16 18:00:00,Imported workout,3600,Romanian Deadlift (Barbell),Rest Timer,,,,90.0,
2023-05-16 18:00:00,Imported workout,3600,Incline Bench Press (Barbell),6,40.0,8.0,,,
2023-05-16 18:00:00,Imported workout,3600,Incline Bench Press (Barbell),Rest Timer,,,,90.0,
2023-05-16 18:00:00,Imported workout,3600,Incline Bench Press (Barbell),2,70.0,6.0,,,
2023-05-16 18:00:00,Imported workout,3600,Incline Bench Press (Barbell),Rest Timer,,,,90.0,
2023-05-16 18:00:00,Imported workout,3600,Incline Bench Press (Barbell),3,70.0,6.0,,,
2023-05-16 18:00:00,Imported workout,3600,Incline Bench Press (Barbell),Rest Timer,,,,90.0,
2023-05-16 18:00:00,Imported workout,3600,Incline Bench Press (Barbell),4,70.0,5.0,,,
2023-05-16 18:00:00,Imported workout,3600,Incline Bench Press (Barbell),Rest Timer,,,,90.0,
2023-05-16 18:00:00,Imported workout,3600,Incline Bench Press (Barbell),5,70.0,5.0,,,
2023-05-16 18:00:00,Imported workout,3600,Incline Bench Press (Barbell),Rest Timer,,,,90.0,
2023-05-16 18:00:00,Imported workout,3600,Incline Bench Press (Barbell),1,55.0,9.0,,,
2023-05-16 18:00:00,Imported workout,3600,Incline Bench Press (Barbell),Rest Timer,,,,90.0,
2023-05-16 18:00:00,Imported workout,3600,Standing Calf Raise (Machine),3,138.6,12.0,,,
2023-05-16 18:00:00,Imported workout,3600,Standing Calf Raise (Machine),Rest Timer,,,,90.0,
2023-05-16 18:00:00,Imported workout,3600,Standing Calf Raise (Machine),2,138.6,12.0,,,
2023-05-16 18:00:00,Imported workout,3600,Standing Calf Raise (Machine),Rest Timer,,,,90.0,
2023-05-16 18:00:00,Imported workout,3600,Standing Calf Raise (Machine),1,138.6,12.0,,,
2023-05-16 18:00:00,Imported workout,3600,Standing Calf Raise (Machine),Rest Timer,,,,90.0,
2023-05-16 18:00:00,Imported workout,3600,Leg Press,2,50.0,8.0,,,
2023-05-16 18:00:00,Imported workout,3600,Leg Press,Rest Timer,,,,90.0,
2023-05-16 18:00:00,Imported workout,3600,Leg Press,3,50.0,8.0,,,
2023-05-16 18:00:00,Imported workout,3600,Leg Press,Rest Timer,,,,90.0,
2023-05-16 18:00:00,Imported workout,3600,Leg Press,1,50.0,8.0,,,
2023-05-16 18:00:00,Imported workout,3600,Leg Press,Rest Timer,,,,90.0,
2023-05-16 18:00:00,Imported workout,3600,Lat Pulldown (Cable),1,52.0,8.0,,,
2023-05-16 18:00:00,Imported workout,3600,Lat Pulldown (Cable),Rest Timer,,,,90.0,
2023-05-16 18:00:00,Imported workout,3600,Lat Pulldown (Cable),3,52.0,8.0,,,
2023-05-16 18:00:00,Imported workout,3600,Lat Pulldown (Cable),Rest Timer,,,,90.0,
2023-05-16 18:00:00,Imported workout,3600,Lat Pulldown (Cable),2,52.0,8.0,,,
2023-05-16 18:00:00,Imported workout,3600,Lat Pulldown (Cable),Rest Timer,,,,90.0,
2023-05-16 18:00:00,Imported workout,3600,Face Pull (Cable),1,27.0,8.0,,,
2023-05-16 18:00:00,Imported workout,3600,Face Pull (Cable),Rest Timer,,,,90.0,
2023-05-16 18:00:00,Imported workout,3600,Face Pull (Cable),2,27.0,8.0,,,
2023-05-16 18:00:00,Imported workout,3600,Face Pull (Cable),Rest Timer,,,,90.0,
2023-05-16 18:00:00,Imported workout,3600,Face Pull (Cable),3,27.0,8.0,,,
2023-05-16 18:00:00,Imported workout,3600,Face Pull (Cable),Rest Timer,,,,90.0,
2023-05-16 18:00:00,Imported workout,3600,Triceps Pushdown (Cable - Straight Bar),1,23.0,8.0,,,
2023-05-16 18:00:00,Imported workout,3600,Triceps Pushdown (Cable - Straight Bar),Rest Timer,,,,90.0,
2023-05-18 18:00:00,Imported workout,3600,Bench Press (Barbell),1,20.0,8.0,,,
2023-05-18 18:00:00,Imported workout,3600,Bench Press (Barbell),Rest Timer,,,,90.0,
2023-05-18 18:00:00,Imported workout,3600,Bench Press (Barbell),6,40.0,8.0,,,
2023-05-18 18:00:00,Imported workout,3600,Bench Press (Barbell),Rest Timer,,,,90.0,
2023-05-18 18:00:00,Imported workout,3600,Bench Press (Barbell),5,70.0,8.0,,,
2023-05-18 18:00:00,Imported workout,3600,Bench Press (Barbell),Rest Timer,,,,90.0,
2023-05-18 18:00:00,Imported workout,3600,Bench Press (Barbell),4,70.0,8.0,,,
2023-05-18 18:00:00,Imported workout,3600,Bench Press (Barbell),Rest Timer,,,,90.0,
2023-05-18 18:00:00,Imported workout,3600,Bench Press (Barbell),3,70.0,8.0,,,
2023-05-18 18:00:00,Imported workout,3600,Bench Press (Barbell),Rest Timer,,,,90.0,
2023-05-18 18:00:00,Imported workout,3600,Bench Press (Barbell),2,70.0,6.0,,,
2023-05-18 18:00:00,Imported workout,3600,Bench Press (Barbell),Rest Timer,,,,90.0,
2023-05-18 18:00:00,Imported workout,3600,Seated Overhead Press (Dumbbell),4,18.0,8.0,,,
2023-05-18 18:00:00,Imported workout,3600,Seated Overhead Press (Dumbbell),Rest Timer,,,,90.0,
2023-05-18 18:00:00,Imported workout,3600,Seated Overhead Press (Dumbbell),3,20.0,8.0,,,
2023-05-18 18:00:00,Imported workout,3600,Seated Overhead Press (Dumbbell),Rest Timer,,,,90.0,
2023-05-18 18:00:00,Imported workout,3600,Seated Overhead Press (Dumbbell),2,20.0,8.0,,,
2023-05-18 18:00:00,Imported workout,3600,Seated Overhead Press (Dumbbell),Rest Timer,,,,90.0,
2023-05-18 18:00:00,Imported workout,3600,Seated Overhead Press (Dumbbell),1,20.0,8.0,,,
2023-05-18 18:00:00,Imported workout,3600,Seated Overhead Press (Dumbbell),Rest Timer,,,,90.0,
2023-05-18 18:00:00,Imported workout,3600,Chest Dip,3,0.0,8.0,,,
2023-05-18 18:00:00,Imported workout,3600,Chest Dip,Rest Timer,,,,90.0,
2023-05-18 18:00:00,Imported workout,3600,Chest Dip,4,0.0,8.0,,,
2023-05-18 18:00:00,Imported workout,3600,Chest Dip,Rest Timer,,,,90.0,
2023-05-18 18:00:00,Imported workout,3600,Chest Dip,2,0.0,8.0,,,
2023-05-18 18:00:00,Imported workout,3600,Chest Dip,Rest Timer,,,,90.0,
2023-05-18 18:00:00,Imported workout,3600,Chest Dip,1,0.0,8.0,,,
2023-05-18 18:00:00,Imported workout,3600,Chest Dip,Rest Timer,,,,90.0,
2023-05-18 18:00:00,Imported workout,3600,Triceps Pushdown (Cable - Straight Bar),3,18.0,8.0,,,
2023-05-18 18:00:00,Imported workout,3600,Triceps Pushdown (Cable - Straight Bar),Rest Timer,,,,90.0,
2023-05-18 18:00:00,Imported workout,3600,Triceps Pushdown (Cable - Straight Bar),2,18.0,8.0,,,
2023-05-18 18:00:00,Imported workout,3600,Triceps Pushdown (Cable - Straight Bar),Rest Timer,,,,90.0,
2023-05-18 18:00:00,Imported workout,3600,Triceps Pushdown (Cable - Straight Bar),1,18.0,8.0,,,
2023-05-18 18:00:00,Imported workout,3600,Triceps Pushdown (Cable - Straight Bar),Rest Timer,,,,90.0,
2023-05-18 18:00:00,Imported workout,3600,Pec Deck (Machine),4,45.0,8.0,,,
2023-05-18 18:00:00,Imported workout,3600,Pec Deck (Machine),Rest Timer,,,,90.0,
2023-05-18 18:00:00,Imported workout,3600,Pec Deck (Machine),3,79.0,8.0,,,
2023-05-18 18:00:00,Imported workout,3600,Pec Deck (Machine),Rest Timer,,,,90.0,
2023-05-18 18:00:00,Imported workout,3600,Pec Deck (Machine),2,79.0,8.0,,,
2023-05-18 18:00:00,Imported workout,3600,Pec Deck (Machine),Rest Timer,,,,90.0,
2023-05-18 18:00:00,Imported workout,3600,Pec Deck (Machine),1,79.0,8.0,,,
2023-05-18 18:00:00,Imported workout,3600,Pec Deck (Machine),Rest Timer,,,,90.0,
2023-05-18 18:00:00,Imported workout,3600,Cycling (Indoor),1,,10.0,,,
2023-05-18 18:00:00,Imported workout,3600,Cycling (Indoor),Rest Timer,,,,90.0,
2023-05-18 18:00:00,Imported workout,3600,Ab Wheel,1,,8.0,,,
2023-05-18 18:00:00,Imported workout,3600,Ab Wheel,Rest Timer,,,,90.0,
2023-05-20 18:00:00,Imported workout,3600,Pull Up,3,10.0,6.0,,,
2023-05-20 18:00:00,Imported workout,3600,Pull Up,Rest Timer,,,,90.0,
2023-05-20 18:00:00,Imported workout,3600,Pull Up,2,10.0,6.0,,,
2023-05-20 18:00:00,Imported workout,3600,Pull Up,Rest Timer,,,,90.0,
2023-05-20 18:00:00,Imported workout,3600,Pull Up,1,10.0,4.0,,,
2023-05-20 18:00:00,Imported workout,3600,Pull Up,Rest Timer,,,,90.0,
2023-05-20 18:00:00,Imported workout,3600,Leg Extension (Machine),5,73.0,8.0,,,
2023-05-20 18:00:00,Imported workout,3600,Leg Extension (Machine),Rest Timer,,,,90.0,
2023-05-20 18:00:00,Imported workout,3600,Leg Extension (Machine),4,73.0,8.0,,,
2023-05-20 18:00:00,Imported workout,3600,Leg Extension (Machine),Rest Timer,,,,90.0,
2023-05-20 18:00:00,Imported workout,3600,Leg Extension (Machine),3,73.0,8.0,,,
2023-05-20 18:00:00,Imported workout,3600,Leg Extension (Machine),Rest Timer,,,,90.0,
2023-05-20 18:00:00,Imported workout,3600,Leg Extension (Machine),1,73.0,8.0,,,
2023-05-20 18:00:00,Imported workout,3600,Leg Extension (Machine),Rest Timer,,,,90.0,
2023-05-20 18:00:00,Imported workout,3600,Leg Extension (Machine),2,73.0,8.0,,,
2023-05-20 18:00:00,Imported workout,3600,Leg Extension (Machine),Rest Timer,,,,90.0,
2023-05-20 18:00:00,Imported workout,3600,Seated Row (Cable),3,45.0,8.0,,,
2023-05-20 18:00:00,Imported workout,3600,Seated Row (Cable),Rest Timer,,,,90.0,
2023-05-20 18:00:00,Imported workout,3600,Seated Row (Cable),2,45.0,8.0,,,
2023-05-20 18:00:00,Imported workout,3600,Seated Row (Cable),Rest Timer,,,,90.0,
2023-05-20 18:00:00,Imported workout,3600,Seated Row (Cable),4,45.0,8.0,,,
2023-05-20 18:00:00,Imported workout,3600,Seated Row (Cable),Rest Timer,,,,90.0,
2023-05-20 18:00:00,Imported workout,3600,Seated Row (Cable),1,45.0,8.0,,,
2023-05-20 18:00:00,Imported workout,3600,Seated Row (Cable),Rest Timer,,,,90.0,
2023-05-20 18:00:00,Imported workout,3600,Hammer Curl (Dumbbell),4,12.0,8.0,,,
2023-05-20 18:00:00,Imported workout,3600,Hammer Curl (Dumbbell),Rest Timer,,,,90.0,
2023-05-20 18:00:00,Imported workout,3600,Hammer Curl (Dumbbell),1,12.0,10.0,,,
2023-05-20 18:00:00,Imported workout,3600,Hammer Curl (Dumbbell),Rest Timer,,,,90.0,
2023-05-20 18:00:00,Imported workout,3600,Hammer Curl (Dumbbell),2,12.0,10.0,,,
2023-05-20 18:00:00,Imported workout,3600,Hammer Curl (Dumbbell),Rest Timer,,,,90.0,
2023-05-20 18:00:00,Imported workout,3600,Hammer Curl (Dumbbell),3,12.0,10.0,,,
2023-05-20 18:00:00,Imported workout,3600,Hammer Curl (Dumbbell),Rest Timer,,,,90.0,
2023-05-20 18:00:00,Imported workout,3600,Preacher Curl (Barbell),1,20.0,6.0,,,
2023-05-20 18:00:00,Imported workout,3600,Preacher Curl (Barbell),Rest Timer,,,,90.0,
2023-05-20 18:00:00,Imported workout,3600,Preacher Curl (Barbell),3,20.0,6.0,,,
2023-05-20 18:00:00,Imported workout,3600,Preacher Curl (Barbell),Rest Timer,,,,90.0,
2023-05-20 18:00:00,Imported workout,3600,Preacher Curl (Barbell),2,20.0,5.0,,,
2023-05-20 18:00:00,Imported workout,3600,Preacher Curl (Barbell),Rest Timer,,,,90.0,
2023-05-20 18:00:00,Imported workout,3600,Lateral Raise (Dumbbell),1,8.0,8.0,,,
2023-05-20 18:00:00,Imported workout,3600,Lateral Raise (Dumbbell),Rest Timer,,,,90.0,
2023-05-20 18:00:00,Imported workout,3600,Lateral Raise (Dumbbell),2,8.0,8.0,,,
2023-05-20 18:00:00,Imported workout,3600,Lateral Raise (Dumbbell),Rest Timer,,,,90.0,
2023-05-20 18:00:00,Imported workout,3600,Lateral Raise (Dumbbell),3,8.0,8.0,,,
2023-05-20 18:00:00,Imported workout,3600,Lateral Raise (Dumbbell),Rest Timer,,,,90.0,
2023-05-22 18:00:00,Imported workout,3600,Romanian Deadlift (Barbell),4,56.0,8.0,,,
2023-05-22 18:00:00,Imported workout,3600,Romanian Deadlift (Barbell),Rest Timer,,,,90.0,
2023-05-22 18:00:00,Imported workout,3600,Romanian Deadlift (Barbell),3,56.0,8.0,,,
2023-05-22 18:00:00,Imported workout,3600,Romanian Deadlift (Barbell),Rest Timer,,,,90.0,
2023-05-22 18:00:00,Imported workout,3600,Romanian Deadlift (Barbell),2,56.0,8.0,,,
2023-05-22 18:00:00,Imported workout,3600,Romanian Deadlift (Barbell),Rest Timer,,,,90.0,
2023-05-22 18:00:00,Imported workout,3600,Romanian Deadlift (Barbell),1,56.0,8.0,,,
2023-05-22 18:00:00,Imported workout,3600,Romanian Deadlift (Barbell),Rest Timer,,,,90.0,
2023-05-22 18:00:00,Imported workout,3600,Incline Bench Press (Barbell),5,20.0,8.0,,,
2023-05-22 18:00:00,Imported workout,3600,Incline Bench Press (Barbell),Rest Timer,,,,90.0,
2023-05-22 18:00:00,Imported workout,3600,Incline Bench Press (Barbell),6,70.0,8.0,,,
2023-05-22 18:00:00,Imported workout,3600,Incline Bench Press (Barbell),Rest Timer,,,,90.0,
2023-05-22 18:00:00,Imported workout,3600,Incline Bench Press (Barbell),3,70.0,8.0,,,
2023-05-22 18:00:00,Imported workout,3600,Incline Bench Press (Barbell),Rest Timer,,,,90.0,
2023-05-22 18:00:00,Imported workout,3600,Incline Bench Press (Barbell),4,70.0,7.0,,,
2023-05-22 18:00:00,Imported workout,3600,Incline Bench Press (Barbell),Rest Timer,,,,90.0,
2023-05-22 18:00:00,Imported workout,3600,Incline Bench Press (Barbell),2,70.0,6.0,,,
2023-05-22 18:00:00,Imported workout,3600,Incline Bench Press (Barbell),Rest Timer,,,,90.0,
2023-05-22 18:00:00,Imported workout,3600,Incline Bench Press (Barbell),1,70.0,6.0,,,
2023-05-22 18:00:00,Imported workout,3600,Incline Bench Press (Barbell),Rest Timer,,,,90.0,
2023-05-22 18:00:00,Imported workout,3600,Hack Squat,3,20.0,8.0,,,
2023-05-22 18:00:00,Imported workout,3600,Hack Squat,Rest Timer,,,,90.0,
2023-05-22 18:00:00,Imported workout,3600,Hack Squat,2,40.0,8.0,,,
2023-05-22 18:00:00,Imported workout,3600,Hack Squat,Rest Timer,,,,90.0,
2023-05-22 18:00:00,Imported workout,3600,Hack Squat,1,45.0,8.0,,,
2023-05-22 18:00:00,Imported workout,3600,Hack Squat,Rest Timer,,,,90.0,
2023-05-24 18:00:00,Imported workout,3600,Bench Press (Barbell),1,20.0,8.0,,,
2023-05-24 18:00:00,Imported workout,3600,Bench Press (Barbell),Rest Timer,,,,90.0,
2023-05-24 18:00:00,Imported workout,3600,Bench Press (Barbell),2,50.0,8.0,,,
2023-05-24 18:00:00,Imported workout,3600,Bench Press (Barbell),Rest Timer,,,,90.0,
2023-05-24 18:00:00,Imported workout,3600,Bench Press (Barbell),3,85.0,3.0,,,
2023-05-24 18:00:00,Imported workout,3600,Bench Press (Barbell),Rest Timer,,,,90.0,
2023-05-24 18:00:00,Imported workout,3600,Bench Press (Barbell),6,82.5,4.0,,,
2023-05-24 18:00:00,Imported workout,3600,Bench Press (Barbell),Rest Timer,,,,90.0,
2023-05-24 18:00:00,Imported workout,3600,Bench Press (Barbell),4,80.0,5.0,,,
2023-05-24 18:00:00,Imported workout,3600,Bench Press (Barbell),Rest Timer,,,,90.0,
2023-05-24 18:00:00,Imported workout,3600,Bench Press (Barbell),5,80.0,5.0,,,
2023-05-24 18:00:00,Imported workout,3600,Bench Press (Barbell),Rest Timer,,,,90.0,
2023-05-24 18:00:00,Imported workout,3600,Seated Overhead Press (Dumbbell),5,24.0,5.0,,,
2023-05-24 18:00:00,Imported workout,3600,Seated Overhead Press (Dumbbell),Rest Timer,,,,90.0,
2023-05-24 18:00:00,Imported workout,3600,Seated Overhead Press (Dumbbell),2,24.0,5.0,,,
2023-05-24 18:00:00,Imported workout,3600,Seated Overhead Press (Dumbbell),Rest Timer,,,,90.0,
2023-05-24 18:00:00,Imported workout,3600,Seated Overhead Press (Dumbbell),3,24.0,6.0,,,
2023-05-24 18:00:00,Imported workout,3600,Seated Overhead Press (Dumbbell),Rest Timer,,,,90.0,
2023-05-24 18:00:00,Imported workout,3600,Seated Overhead Press (Dumbbell),1,24.0,5.0,,,
2023-05-24 18:00:00,Imported workout,3600,Seated Overhead Press (Dumbbell),Rest Timer,,,,90.0,
2023-05-24 18:00:00,Imported workout,3600,Seated Overhead Press (Dumbbell),4,20.0,5.0,,,
2023-05-24 18:00:00,Imported workout,3600,Seated Overhead Press (Dumbbell),Rest Timer,,,,90.0,
2023-05-24 18:00:00,Imported workout,3600,Chest Dip,4,5.0,5.0,,,
2023-05-24 18:00:00,Imported workout,3600,Chest Dip,Rest Timer,,,,90.0,
2023-05-24 18:00:00,Imported workout,3600,Chest Dip,5,5.0,5.0,,,
2023-05-24 18:00:00,Imported workout,3600,Chest Dip,Rest Timer,,,,90.0,
2023-05-24 18:00:00,Imported workout,3600,Chest Dip,3,0.0,6.0,,,
2023-05-24 18:00:00,Imported workout,3600,Chest Dip,Rest Timer,,,,90.0,
2023-05-24 18:00:00,Imported workout,3600,Chest Dip,2,0.0,7.0,,,
2023-05-24 18:00:00,Imported workout,3600,Chest Dip,Rest Timer,,,,90.0,
2023-05-24 18:00:00,Imported workout,3600,Chest Dip,1,0.0,6.0,,,
2023-05-24 18:00:00,Imported workout,3600,Chest Dip,Rest Timer,,,,90.0,
2023-05-24 18:00:00,Imported workout,3600,Pec Deck (Machine),1,73.0,8.0,,,
2023-05-24 18:00:00,Imported workout,3600,Pec Deck (Machine),Rest Timer,,,,90.0,
2023-05-24 18:00:00,Imported workout,3600,Pec Deck (Machine),2,73.0,8.0,,,
2023-05-24 18:00:00,Imported workout,3600,Pec Deck (Machine),Rest Timer,,,,90.0,
2023-05-24 18:00:00,Imported workout,3600,Pec Deck (Machine),3,73.0,8.0,,,
2023-05-24 18:00:00,Imported workout,3600,Pec Deck (Machine),Rest Timer,,,,90.0,
2023-05-24 18:00:00,Imported workout,3600,Skullcrusher (Dumbbell),1,10.0,8.0,,,
2023-05-24 18:00:00,Imported workout,3600,Skullcrusher (Dumbbell),Rest Timer,,,,90.0,
2023-05-24 18:00:00,Imported workout,3600,Skullcrusher (Dumbbell),4,10.0,8.0,,,
2023-05-24 18:00:00,Imported workout,3600,Skullcrusher (Dumbbell),Rest Timer,,,,90.0,
2023-05-24 18:00:00,Imported workout,3600,Skullcrusher (Dumbbell),3,10.0,8.0,,,
2023-05-24 18:00:00,Imported workout,3600,Skullcrusher (Dumbbell),Rest Timer,,,,90.0,
2023-05-24 18:00:00,Imported workout,3600,Skullcrusher (Dumbbell),2,10.0,8.0,,,
2023-05-24 18:00:00,Imported workout,3600,Skullcrusher (Dumbbell),Rest Timer,,,,90.0,
2023-05-24 18:00:00,Imported workout,3600,Lateral Raise (Dumbbell),1,8.0,10.0,,,
2023-05-24 18:00:00,Imported workout,3600,Lateral Raise (Dumbbell),Rest Timer,,,,90.0,
2023-05-24 18:00:00,Imported workout,3600,Lateral Raise (Dumbbell),2,8.0,10.0,,,
2023-05-24 18:00:00,Imported workout,3600,Lateral Raise (Dumbbell),Rest Timer,,,,90.0,
2023-05-24 18:00:00,Imported workout,3600,Lateral Raise (Dumbbell),3,8.0,10.0,,,
2023-05-24 18:00:00,Imported workout,3600,Lateral Raise (Dumbbell),Rest Timer,,,,90.0,
2023-05-27 18:00:00,Imported workout,3600,Pull Up,1,10.0,7.0,,,
2023-05-27 18:00:00,Imported workout,3600,Pull Up,Rest Timer,,,,90.0,
2023-05-27 18:00:00,Imported workout,3600,Pull Up,2,10.0,6.0,,,
2023-05-27 18:00:00,Imported workout,3600,Pull Up,Rest Timer,,,,90.0,
2023-05-27 18:00:00,Imported workout,3600,Pull Up,4,10.0,5.0,,,
2023-05-27 18:00:00,Imported workout,3600,Pull Up,Rest Timer,,,,90.0,
2023-05-27 18:00:00,Imported workout,3600,Pull Up,3,10.0,6.0,,,
2023-05-27 18:00:00,Imported workout,3600,Pull Up,Rest Timer,,,,90.0,
2023-05-27 18:00:00,Imported workout,3600,Squat (Barbell),1,20.0,8.0,,,
2023-05-27 18:00:00,Imported workout,3600,Squat (Barbell),Rest Timer,,,,90.0,
2023-05-27 18:00:00,Imported workout,3600,Squat (Barbell),2,55.0,8.0,,,
2023-05-27 18:00:00,Imported workout,3600,Squat (Barbell),Rest Timer,,,,90.0,
2023-05-27 18:00:00,Imported workout,3600,Squat (Barbell),3,75.0,8.0,,,
2023-05-27 18:00:00,Imported workout,3600,Squat (Barbell),Rest Timer,,,,90.0,
2023-05-27 18:00:00,Imported workout,3600,Squat (Barbell),6,75.0,8.0,,,
2023-05-27 18:00:00,Imported workout,3600,Squat (Barbell),Rest Timer,,,,90.0,
2023-05-27 18:00:00,Imported workout,3600,Squat (Barbell),4,75.0,8.0,,,
2023-05-27 18:00:00,Imported workout,3600,Squat (Barbell),Rest Timer,,,,90.0,
2023-05-27 18:00:00,Imported workout,3600,Squat (Barbell),5,75.0,8.0,,,
2023-05-27 18:00:00,Imported workout,3600,Squat (Barbell),Rest Timer,,,,90.0,
2023-05-27 18:00:00,Imported workout,3600,Seated Row (Cable),1,52.0,12.0,,,
2023-05-27 18:00:00,Imported workout,3600,Seated Row (Cable),Rest Timer,,,,90.0,
2023-05-27 18:00:00,Imported workout,3600,Seated Row (Cable),2,52.0,10.0,,,
2023-05-27 18:00:00,Imported workout,3600,Seated Row (Cable),Rest Timer,,,,90.0,
2023-05-27 18:00:00,Imported workout,3600,Seated Row (Cable),3,52.0,8.0,,,
2023-05-27 18:00:00,Imported workout,3600,Seated Row (Cable),Rest Timer,,,,90.0,
2023-05-27 18:00:00,Imported workout,3600,Seated Row (Cable),4,52.0,8.0,,,
2023-05-27 18:00:00,Imported workout,3600,Seated Row (Cable),Rest Timer,,,,90.0,
2023-05-27 18:00:00,Imported workout,3600,Seated Row (Machine),3,52.0,6.0,,,
2023-05-27 18:00:00,Imported workout,3600,Seated Row (Machine),Rest Timer,,,,90.0,
2023-05-27 18:00:00,Imported workout,3600,Seated Row (Machine),4,45.0,10.0,,,
2023-05-27 18:00:00,Imported workout,3600,Seated Row (Machine),Rest Timer,,,,90.0,
2023-05-27 18:00:00,Imported workout,3600,Seated Row (Machine),2,45.0,8.0,,,
2023-05-27 18:00:00,Imported workout,3600,Seated Row (Machine),Rest Timer,,,,90.0,
2023-05-27 18:00:00,Imported workout,3600,Seated Row (Machine),1,45.0,8.0,,,
2023-05-27 18:00:00,Imported workout,3600,Seated Row (Machine),Rest Timer,,,,90.0,
2023-05-27 18:00:00,Imported workout,3600,Incline Curl (Dumbbell),1,14.0,8.0,,,
2023-05-27 18:00:00,Imported workout,3600,Incline Curl (Dumbbell),Rest Timer,,,,90.0,
2023-05-27 18:00:00,Imported workout,3600,Incline Curl (Dumbbell),2,12.0,8.0,,,
2023-05-27 18:00:00,Imported workout,3600,Incline Curl (Dumbbell),Rest Timer,,,,90.0,
2023-05-27 18:00:00,Imported workout,3600,Incline Curl (Dumbbell),3,12.0,8.0,,,
2023-05-27 18:00:00,Imported workout,3600,Incline Curl (Dumbbell),Rest Timer,,,,90.0,
2023-05-27 18:00:00,Imported workout,3600,Hammer Curl (Dumbbell),2,12.0,8.0,,,
2023-05-27 18:00:00,Imported workout,3600,Hammer Curl (Dumbbell),Rest Timer,,,,90.0,
2023-05-27 18:00:00,Imported workout,3600,Hammer Curl (Dumbbell),3,12.0,6.0,,,
2023-05-27 18:00:00,Imported workout,3600,Hammer Curl (Dumbbell),Rest Timer,,,,90.0,
2023-05-27 18:00:00,Imported workout,3600,Hammer Curl (Dumbbell),1,12.0,8.0,,,
2023-05-27 18:00:00,Imported workout,3600,Hammer Curl (Dumbbell),Rest Timer,,,,90.0,
2023-05-27 18:00:00,Imported workout,3600,Lateral Raise (Dumbbell),2,9.0,8.0,,,
2023-05-27 18:00:00,Imported workout,3600,Lateral Raise (Dumbbell),Rest Timer,,,,90.0,
2023-05-27 18:00:00,Imported workout,3600,Lateral Raise (Dumbbell),3,9.0,8.0,,,
2023-05-27 18:00:00,Imported workout,3600,Lateral Raise (Dumbbell),Rest Timer,,,,90.0,
2023-05-27 18:00:00,Imported workout,3600,Lateral Raise (Dumbbell),1,9.0,8.0,,,
2023-05-27 18:00:00,Imported workout,3600,Lateral Raise (Dumbbell),Rest Timer,,,,90.0,
2023-05-27 18:00:00,Imported workout,3600,Hanging Leg Raise,2,,8.0,,,
2023-05-27 18:00:00,Imported workout,3600,Hanging Leg Raise,Rest Timer,,,,90.0,
2023-05-27 18:00:00,Imported workout,3600,Hanging Leg Raise,3,,8.0,,,
2023-05-27 18:00:00,Imported workout,3600,Hanging Leg Raise,Rest Timer,,,,90.0,
2023-05-27 18:00:00,Imported workout,3600,Hanging Leg Raise,1,,8.0,,,
2023-05-27 18:00:00,Imported workout,3600,Hanging Leg Raise,Rest Timer,,,,90.0,
2023-05-27 18:00:00,Imported workout,3600,Ab Wheel,1,,8.0,,,
2023-05-27 18:00:00,Imported workout,3600,Ab Wheel,Rest Timer,,,,90.0,
2023-05-27 18:00:00,Imported workout,3600,Ab Wheel,2,,8.0,,,
2023-05-27 18:00:00,Imported workout,3600,Ab Wheel,Rest Timer,,,,90.0,
2023-05-29 18:00:00,Imported workout,3600,Romanian Deadlift (Barbell),5,56.0,8.0,,,
2023-05-29 18:00:00,Imported workout,3600,Romanian Deadlift (Barbell),Rest Timer,,,,90.0,
2023-05-29 18:00:00,Imported workout,3600,Romanian Deadlift (Barbell),4,56.0,8.0,,,
2023-05-29 18:00:00,Imported workout,3600,Romanian Deadlift (Barbell),Rest Timer,,,,90.0,
2023-05-29 18:00:00,Imported workout,3600,Romanian Deadlift (Barbell),3,56.0,8.0,,,
2023-05-29 18:00:00,Imported workout,3600,Romanian Deadlift (Barbell),Rest Timer,,,,90.0,
2023-05-29 18:00:00,Imported workout,3600,Romanian Deadlift (Barbell),2,56.0,8.0,,,
2023-05-29 18:00:00,Imported workout,3600,Romanian Deadlift (Barbell),Rest Timer,,,,90.0,
2023-05-29 18:00:00,Imported workout,3600,Romanian Deadlift (Barbell),1,56.0,8.0,,,
2023-05-29 18:00:00,Imported workout,3600,Romanian Deadlift (Barbell),Rest Timer,,,,90.0,
2023-05-29 18:00:00,Imported workout,3600,Incline Bench Press (Dumbbell),4,20.0,8.0,,,
2023-05-29 18:00:00,Imported workout,3600,Incline Bench Press (Dumbbell),Rest Timer,,,,90.0,
2023-05-29 18:00:00,Imported workout,3600,Incline Bench Press (Dumbbell),3,26.0,8.0,,,
2023-05-29 18:00:00,Imported workout,3600,Incline Bench Press (Dumbbell),Rest Timer,,,,90.0,
2023-05-29 18:00:00,Imported workout,3600,Incline Bench Press (Dumbbell),1,26.0,8.0,,,
2023-05-29 18:00:00,Imported workout,3600,Incline Bench Press (Dumbbell),Rest Timer,,,,90.0,
2023-05-29 18:00:00,Imported workout,3600,Incline Bench Press (Dumbbell),2,26.0,8.0,,,
2023-05-29 18:00:00,Imported workout,3600,Incline Bench Press (Dumbbell),Rest Timer,,,,90.0,
2023-05-29 18:00:00,Imported workout,3600,Incline Bench Press (Dumbbell),5,26.0,8.0,,,
2023-05-29 18:00:00,Imported workout,3600,Incline Bench Press (Dumbbell),Rest Timer,,,,90.0,
2023-05-29 18:00:00,Imported workout,3600,Leg Press,3,40.0,8.0,,,
2023-05-29 18:00:00,Imported workout,3600,Leg Press,Rest Timer,,,,90.0,
2023-05-29 18:00:00,Imported workout,3600,Standing Calf Raise (Machine),3,50.0,8.0,,,
2023-05-29 18:00:00,Imported workout,3600,Standing Calf Raise (Machine),Rest Timer,,,,90.0,
2023-05-29 18:00:00,Imported workout,3600,Standing Calf Raise (Machine),2,50.0,12.0,,,
2023-05-29 18:00:00,Imported workout,3600,Standing Calf Raise (Machine),Rest Timer,,,,90.0,
2023-05-29 18:00:00,Imported workout,3600,Standing Calf Raise (Machine),1,50.0,8.0,,,
2023-05-29 18:00:00,Imported workout,3600,Standing Calf Raise (Machine),Rest Timer,,,,90.0,
2023-05-29 18:00:00,Imported workout,3600,Leg Press,2,40.0,8.0,,,
2023-05-29 18:00:00,Imported workout,3600,Leg Press,Rest Timer,,,,90.0,
2023-05-29 18:00:00,Imported workout,3600,Leg Press,1,40.0,8.0,,,
2023-05-29 18:00:00,Imported workout,3600,Leg Press,Rest Timer,,,,90.0,
2023-05-29 18:00:00,Imported workout,3600,Lat Pulldown (Cable),3,52.0,8.0,,,
2023-05-29 18:00:00,Imported workout,3600,Lat Pulldown (Cable),Rest Timer,,,,90.0,
2023-05-29 18:00:00,Imported workout,3600,Lat Pulldown (Cable),2,52.0,8.0,,,
2023-05-29 18:00:00,Imported workout,3600,Lat Pulldown (Cable),Rest Timer,,,,90.0,
2023-05-29 18:00:00,Imported workout,3600,Lat Pulldown (Cable),1,52.0,8.0,,,
2023-05-29 18:00:00,Imported workout,3600,Lat Pulldown (Cable),Rest Timer,,,,90.0,
2023-05-31 18:00:00,Imported workout,3600,Bench Press (Dumbbell),1,18.0,12.0,,,
2023-05-31 18:00:00,Imported workout,3600,Bench Press (Dumbbell),Rest Timer,,,,90.0,
2023-05-31 18:00:00,Imported workout,3600,Bench Press (Dumbbell),2,30.0,8.0,,,
2023-05-31 18:00:00,Imported workout,3600,Bench Press (Dumbbell),Rest Timer,,,,90.0,
2023-05-31 18:00:00,Imported workout,3600,Bench Press (Dumbbell),3,30.0,8.0,,,
2023-05-31 18:00:00,Imported workout,3600,Bench Press (Dumbbell),Rest Timer,,,,90.0,
2023-05-31 18:00:00,Imported workout,3600,Bench Press (Dumbbell),4,30.0,8.0,,,
2023-05-31 18:00:00,Imported workout,3600,Bench Press (Dumbbell),Rest Timer,,,,90.0,
2023-05-31 18:00:00,Imported workout,3600,Bench Press (Dumbbell),6,30.0,8.0,,,
2023-05-31 18:00:00,Imported workout,3600,Bench Press (Dumbbell),Rest Timer,,,,90.0,
2023-05-31 18:00:00,Imported workout,3600,Bench Press (Dumbbell),5,30.0,6.0,,,
2023-05-31 18:00:00,Imported workout,3600,Bench Press (Dumbbell),Rest Timer,,,,90.0,
2023-05-31 18:00:00,Imported workout,3600,Overhead Press (Barbell),1,20.0,8.0,,,
2023-05-31 18:00:00,Imported workout,3600,Overhead Press (Barbell),Rest Timer,,,,90.0,
2023-05-31 18:00:00,Imported workout,3600,Overhead Press (Barbell),3,35.0,5.0,,,
2023-05-31 18:00:00,Imported workout,3600,Overhead Press (Barbell),Rest Timer,,,,90.0,
2023-05-31 18:00:00,Imported workout,3600,Overhead Press (Barbell),4,35.0,5.0,,,
2023-05-31 18:00:00,Imported workout,3600,Overhead Press (Barbell),Rest Timer,,,,90.0,
2023-05-31 18:00:00,Imported workout,3600,Overhead Press (Barbell),5,35.0,5.0,,,
2023-05-31 18:00:00,Imported workout,3600,Overhead Press (Barbell),Rest Timer,,,,90.0,
2023-05-31 18:00:00,Imported workout,3600,Overhead Press (Barbell),2,35.0,5.0,,,
2023-05-31 18:00:00,Imported workout,3600,Overhead Press (Barbell),Rest Timer,,,,90.0,
2023-05-31 18:00:00,Imported workout,3600,Cable Crossover,5,14.0,8.0,,,
2023-05-31 18:00:00,Imported workout,3600,Cable Crossover,Rest Timer,,,,90.0,
2023-05-31 18:00:00,Imported workout,3600,Cable Crossover,4,14.0,8.0,,,
2023-05-31 18:00:00,Imported workout,3600,Cable Crossover,Rest Timer,,,,90.0,
2023-05-31 18:00:00,Imported workout,3600,Cable Crossover,3,14.0,8.0,,,
2023-05-31 18:00:00,Imported workout,3600,Cable Crossover,Rest Timer,,,,90.0,
2023-05-31 18:00:00,Imported workout,3600,Cable Crossover,1,14.0,8.0,,,
2023-05-31 18:00:00,Imported workout,3600,Cable Crossover,Rest Timer,,,,90.0,
2023-05-31 18:00:00,Imported workout,3600,Cable Crossover,2,14.0,8.0,,,
2023-05-31 18:00:00,Imported workout,3600,Cable Crossover,Rest Timer,,,,90.0,
2023-05-31 18:00:00,Imported workout,3600,Chest Dip,1,0.0,8.0,,,
2023-05-31 18:00:00,Imported workout,3600,Chest Dip,Rest Timer,,,,90.0,
2023-05-31 18:00:00,Imported workout,3600,Chest Dip,2,0.0,8.0,,,
2023-05-31 18:00:00,Imported workout,3600,Chest Dip,Rest Timer,,,,90.0,
2023-05-31 18:00:00,Imported workout,3600,Chest Dip,3,0.0,8.0,,,
2023-05-31 18:00:00,Imported workout,3600,Chest Dip,Rest Timer,,,,90.0,
2023-05-31 18:00:00,Imported workout,3600,Triceps Pushdown (Cable - Straight Bar),2,14.0,8.0,,,
2023-05-31 18:00:00,Imported workout,3600,Triceps Pushdown (Cable - Straight Bar),Rest Timer,,,,90.0,
2023-05-31 18:00:00,Imported workout,3600,Triceps Pushdown (Cable - Straight Bar),3,14.0,8.0,,,
2023-05-31 18:00:00,Imported workout,3600,Triceps Pushdown (Cable - Straight Bar),Rest Timer,,,,90.0,
2023-05-31 18:00:00,Imported workout,3600,Triceps Pushdown (Cable - Straight Bar),1,14.0,8.0,,,
2023-05-31 18:00:00,Imported workout,3600,Triceps Pushdown (Cable - Straight Bar),Rest Timer,,,,90.0,
2023-05-31 18:00:00,Imported workout,3600,Lateral Raise (Dumbbell),2,9.0,8.0,,,
2023-05-31 18:00:00,Imported workout,3600,Lateral Raise (Dumbbell),Rest Timer,,,,90.0,
2023-05-31 18:00:00,Imported workout,3600,Lateral Raise (Dumbbell),1,9.0,9.0,,,
2023-05-31 18:00:00,Imported workout,3600,Lateral Raise (Dumbbell),Rest Timer,,,,90.0,
2023-06-03 18:00:00,Imported workout,3600,Pull Up,1,10.0,6.0,,,
2023-06-03 18:00:00,Imported workout,3600,Pull Up,Rest Timer,,,,90.0,
2023-06-03 18:00:00,Imported workout,3600,Pull Up,5,10.0,5.0,,,
2023-06-03 18:00:00,Imported workout,3600,Pull Up,Rest Timer,,,,90.0,
2023-06-03 18:00:00,Imported workout,3600,Pull Up,2,10.0,5.0,,,
2023-06-03 18:00:00,Imported workout,3600,Pull Up,Rest Timer,,,,90.0,
2023-06-03 18:00:00,Imported workout,3600,Pull Up,3,10.0,6.0,,,
2023-06-03 18:00:00,Imported workout,3600,Pull Up,Rest Timer,,,,90.0,
2023-06-03 18:00:00,Imported workout,3600,Pull Up,4,10.0,3.0,,,
2023-06-03 18:00:00,Imported workout,3600,Pull Up,Rest Timer,,,,90.0,
2023-06-03 18:00:00,Imported workout,3600,Squat (Barbell),1,45.0,8.0,,,
2023-06-03 18:00:00,Imported workout,3600,Squat (Barbell),Rest Timer,,,,90.0,
2023-06-03 18:00:00,Imported workout,3600,Squat (Barbell),5,75.0,8.0,,,
2023-06-03 18:00:00,Imported workout,3600,Squat (Barbell),Rest Timer,,,,90.0,
2023-06-03 18:00:00,Imported workout,3600,Squat (Barbell),2,75.0,8.0,,,
2023-06-03 18:00:00,Imported workout,3600,Squat (Barbell),Rest Timer,,,,90.0,
2023-06-03 18:00:00,Imported workout,3600,Squat (Barbell),3,75.0,8.0,,,
2023-06-03 18:00:00,Imported workout,3600,Squat (Barbell),Rest Timer,,,,90.0,
2023-06-03 18:00:00,Imported workout,3600,Squat (Barbell),4,75.0,8.0,,,
2023-06-03 18:00:00,Imported workout,3600,Squat (Barbell),Rest Timer,,,,90.0,
2023-06-03 18:00:00,Imported workout,3600,Seated Row (Machine),2,45.0,8.0,,,
2023-06-03 18:00:00,Imported workout,3600,Seated Row (Machine),Rest Timer,,,,90.0,
2023-06-03 18:00:00,Imported workout,3600,Seated Row (Machine),1,45.0,8.0,,,
2023-06-03 18:00:00,Imported workout,3600,Seated Row (Machine),Rest Timer,,,,90.0,
2023-06-03 18:00:00,Imported workout,3600,Seated Row (Machine),3,45.0,8.0,,,
2023-06-03 18:00:00,Imported workout,3600,Seated Row (Machine),Rest Timer,,,,90.0,
2023-06-03 18:00:00,Imported workout,3600,Seated Row (Cable),3,52.0,8.0,,,
2023-06-03 18:00:00,Imported workout,3600,Seated Row (Cable),Rest Timer,,,,90.0,
2023-06-03 18:00:00,Imported workout,3600,Seated Row (Cable),2,52.0,8.0,,,
2023-06-03 18:00:00,Imported workout,3600,Seated Row (Cable),Rest Timer,,,,90.0,
2023-06-03 18:00:00,Imported workout,3600,Seated Row (Cable),1,52.0,8.0,,,
2023-06-03 18:00:00,Imported workout,3600,Seated Row (Cable),Rest Timer,,,,90.0,
2023-06-03 18:00:00,Imported workout,3600,Preacher Curl (Barbell),1,20.0,8.0,,,
2023-06-03 18:00:00,Imported workout,3600,Preacher Curl (Barbell),Rest Timer,,,,90.0,
2023-06-03 18:00:00,Imported workout,3600,Preacher Curl (Barbell),2,20.0,6.0,,,
2023-06-03 18:00:00,Imported workout,3600,Preacher Curl (Barbell),Rest Timer,,,,90.0,
2023-06-03 18:00:00,Imported workout,3600,Preacher Curl (Barbell),3,20.0,6.0,,,
2023-06-03 18:00:00,Imported workout,3600,Preacher Curl (Barbell),Rest Timer,,,,90.0,
2023-06-03 18:00:00,Imported workout,3600,Preacher Curl (Barbell),4,20.0,7.0,,,
2023-06-03 18:00:00,Imported workout,3600,Preacher Curl (Barbell),Rest Timer,,,,90.0,
2023-06-03 18:00:00,Imported workout,3600,Lateral Raise (Dumbbell),3,8.0,10.0,,,
2023-06-03 18:00:00,Imported workout,3600,Lateral Raise (Dumbbell),Rest Timer,,,,90.0,
2023-06-03 18:00:00,Imported workout,3600,Lateral Raise (Dumbbell),1,8.0,10.0,,,
2023-06-03 18:00:00,Imported workout,3600,Lateral Raise (Dumbbell),Rest Timer,,,,90.0,
2023-06-03 18:00:00,Imported workout,3600,Lateral Raise (Dumbbell),2,8.0,10.0,,,
2023-06-03 18:00:00,Imported workout,3600,Lateral Raise (Dumbbell),Rest Timer,,,,90.0,
2023-06-03 18:00:00,Imported workout,3600,Hammer Curl (Dumbbell),1,12.0,8.0,,,
2023-06-03 18:00:00,Imported workout,3600,Hammer Curl (Dumbbell),Rest Timer,,,,90.0,
2023-06-03 18:00:00,Imported workout,3600,Hammer Curl (Dumbbell),3,12.0,8.0,,,
2023-06-03 18:00:00,Imported workout,3600,Hammer Curl (Dumbbell),Rest Timer,,,,90.0,
2023-06-03 18:00:00,Imported workout,3600,Hammer Curl (Dumbbell),2,12.0,8.0,,,
2023-06-03 18:00:00,Imported workout,3600,Hammer Curl (Dumbbell),Rest Timer,,,,90.0,
2023-06-05 18:00:00,Imported workout,3600,Romanian Deadlift (Barbell),1,56.0,8.0,,,
2023-06-05 18:00:00,Imported workout,3600,Romanian Deadlift (Barbell),Rest Timer,,,,90.0,
2023-06-05 18:00:00,Imported workout,3600,Romanian Deadlift (Barbell),4,56.0,8.0,,,
2023-06-05 18:00:00,Imported workout,3600,Romanian Deadlift (Barbell),Rest Timer,,,,90.0,
2023-06-05 18:00:00,Imported workout,3600,Romanian Deadlift (Barbell),2,56.0,8.0,,,
2023-06-05 18:00:00,Imported workout,3600,Romanian Deadlift (Barbell),Rest Timer,,,,90.0,
2023-06-05 18:00:00,Imported workout,3600,Romanian Deadlift (Barbell),3,56.0,8.0,,,
2023-06-05 18:00:00,Imported workout,3600,Romanian Deadlift (Barbell),Rest Timer,,,,90.0,
2023-06-05 18:00:00,Imported workout,3600,Romanian Deadlift (Barbell),5,56.0,8.0,,,
2023-06-05 18:00:00,Imported workout,3600,Romanian Deadlift (Barbell),Rest Timer,,,,90.0,
2023-06-05 18:00:00,Imported workout,3600,Incline Bench Press (Barbell),4,20.0,8.0,,,
2023-06-05 18:00:00,Imported workout,3600,Incline Bench Press (Barbell),Rest Timer,,,,90.0,
2023-06-05 18:00:00,Imported workout,3600,Incline Bench Press (Barbell),5,50.0,8.0,,,
2023-06-05 18:00:00,Imported workout,3600,Incline Bench Press (Barbell),Rest Timer,,,,90.0,
2023-06-05 18:00:00,Imported workout,3600,Incline Bench Press (Barbell),6,70.0,6.0,,,
2023-06-05 18:00:00,Imported workout,3600,Incline Bench Press (Barbell),Rest Timer,,,,90.0,
2023-06-05 18:00:00,Imported workout,3600,Incline Bench Press (Barbell),2,72.5,6.0,,,
2023-06-05 18:00:00,Imported workout,3600,Incline Bench Press (Barbell),Rest Timer,,,,90.0,
2023-06-05 18:00:00,Imported workout,3600,Incline Bench Press (Barbell),3,72.5,4.0,,,
2023-06-05 18:00:00,Imported workout,3600,Incline Bench Press (Barbell),Rest Timer,,,,90.0,
2023-06-05 18:00:00,Imported workout,3600,Incline Bench Press (Barbell),1,70.0,6.0,,,
2023-06-05 18:00:00,Imported workout,3600,Incline Bench Press (Barbell),Rest Timer,,,,90.0,
2023-06-05 18:00:00,Imported workout,3600,Standing Calf Raise (Machine),1,55.0,10.0,,,
2023-06-05 18:00:00,Imported workout,3600,Standing Calf Raise (Machine),Rest Timer,,,,90.0,
2023-06-05 18:00:00,Imported workout,3600,Standing Calf Raise (Machine),3,55.0,10.0,,,
2023-06-05 18:00:00,Imported workout,3600,Standing Calf Raise (Machine),Rest Timer,,,,90.0,
2023-06-05 18:00:00,Imported workout,3600,Standing Calf Raise (Machine),2,55.0,10.0,,,
2023-06-05 18:00:00,Imported workout,3600,Standing Calf Raise (Machine),Rest Timer,,,,90.0,
2023-06-05 18:00:00,Imported workout,3600,Hack Squat,3,40.0,8.0,,,
2023-06-05 18:00:00,Imported workout,3600,Hack Squat,Rest Timer,,,,90.0,
2023-06-05 18:00:00,Imported workout,3600,Hack Squat,2,40.0,8.0,,,
2023-06-05 18:00:00,Imported workout,3600,Hack Squat,Rest Timer,,,,90.0,
2023-06-05 18:00:00,Imported workout,3600,Hack Squat,1,45.0,6.0,,,
2023-06-05 18:00:00,Imported workout,3600,Hack Squat,Rest Timer,,,,90.0,
2023-06-05 18:00:00,Imported workout,3600,Incline Curl (Dumbbell),3,14.0,8.0,,,
2023-06-05 18:00:00,Imported workout,3600,Incline Curl (Dumbbell),Rest Timer,,,,90.0,
2023-06-05 18:00:00,Imported workout,3600,Incline Curl (Dumbbell),2,14.0,8.0,,,
2023-06-05 18:00:00,Imported workout,3600,Incline Curl (Dumbbell),Rest Timer,,,,90.0,
2023-06-05 18:00:00,Imported workout,3600,Incline Curl (Dumbbell),1,14.0,8.0,,,
2023-06-05 18:00:00,Imported workout,3600,Incline Curl (Dumbbell),Rest Timer,,,,90.0,
2023-06-07 18:00:00,Imported workout,3600,Bench Press (Barbell),1,20.0,8.0,,,
2023-06-07 18:00:00,Imported workout,3600,Bench Press (Barbell),Rest Timer,,,,90.0,
2023-06-07 18:00:00,Imported workout,3600,Bench Press (Barbell),2,60.0,8.0,,,
2023-06-07 18:00:00,Imported workout,3600,Bench Press (Barbell),Rest Timer,,,,90.0,
2023-06-07 18:00:00,Imported workout,3600,Bench Press (Barbell),7,80.0,5.0,,,
2023-06-07 18:00:00,Imported workout,3600,Bench Press (Barbell),Rest Timer,,,,90.0,
2023-06-07 18:00:00,Imported workout,3600,Bench Press (Barbell),3,80.0,5.0,,,
2023-06-07 18:00:00,Imported workout,3600,Bench Press (Barbell),Rest Timer,,,,90.0,
2023-06-07 18:00:00,Imported workout,3600,Bench Press (Barbell),4,80.0,5.0,,,
2023-06-07 18:00:00,Imported workout,3600,Bench Press (Barbell),Rest Timer,,,,90.0,
2023-06-07 18:00:00,Imported workout,3600,Bench Press (Barbell),5,80.0,4.0,,,
2023-06-07 18:00:00,Imported workout,3600,Bench Press (Barbell),Rest Timer,,,,90.0,
2023-06-07 18:00:00,Imported workout,3600,Bench Press (Barbell),6,80.0,4.0,,,
2023-06-07 18:00:00,Imported workout,3600,Bench Press (Barbell),Rest Timer,,,,90.0,
2023-06-07 18:00:00,Imported workout,3600,Seated Overhead Press (Dumbbell),6,14.0,8.0,,,
2023-06-07 18:00:00,Imported workout,3600,Seated Overhead Press (Dumbbell),Rest Timer,,,,90.0,
2023-06-07 18:00:00,Imported workout,3600,Seated Overhead Press (Dumbbell),1,20.0,8.0,,,
2023-06-07 18:00:00,Imported workout,3600,Seated Overhead Press (Dumbbell),Rest Timer,,,,90.0,
2023-06-07 18:00:00,Imported workout,3600,Seated Overhead Press (Dumbbell),2,20.0,8.0,,,
2023-06-07 18:00:00,Imported workout,3600,Seated Overhead Press (Dumbbell),Rest Timer,,,,90.0,
2023-06-07 18:00:00,Imported workout,3600,Seated Overhead Press (Dumbbell),3,20.0,8.0,,,
2023-06-07 18:00:00,Imported workout,3600,Seated Overhead Press (Dumbbell),Rest Timer,,,,90.0,
2023-06-07 18:00:00,Imported workout,3600,Seated Overhead Press (Dumbbell),4,20.0,8.0,,,
2023-06-07 18:00:00,Imported workout,3600,Seated Overhead Press (Dumbbell),Rest Timer,,,,90.0,
2023-06-07 18:00:00,Imported workout,3600,Seated Overhead Press (Dumbbell),5,20.0,8.0,,,
2023-06-07 18:00:00,Imported workout,3600,Seated Overhead Press (Dumbbell),Rest Timer,,,,90.0,
2023-06-07 18:00:00,Imported workout,3600,Chest Dip,5,0.0,8.0,,,
2023-06-07 18:00:00,Imported workout,3600,Chest Dip,Rest Timer,,,,90.0,
2023-06-07 18:00:00,Imported workout,3600,Chest Dip,3,0.0,8.0,,,
2023-06-07 18:00:00,Imported workout,3600,Chest Dip,Rest Timer,,,,90.0,
2023-06-07 18:00:00,Imported workout,3600,Chest Dip,4,0.0,8.0,,,
2023-06-07 18:00:00,Imported workout,3600,Chest Dip,Rest Timer,,,,90.0,
2023-06-07 18:00:00,Imported workout,3600,Chest Dip,2,0.0,8.0,,,
2023-06-07 18:00:00,Imported workout,3600,Chest Dip,Rest Timer,,,,90.0,
2023-06-07 18:00:00,Imported workout,3600,Chest Dip,1,0.0,8.0,,,
2023-06-07 18:00:00,Imported workout,3600,Chest Dip,Rest Timer,,,,90.0,
2023-06-07 18:00:00,Imported workout,3600,Pec Deck (Machine),1,66.0,10.0,,,
2023-06-07 18:00:00,Imported workout,3600,Pec Deck (Machine),Rest Timer,,,,90.0,
2023-06-07 18:00:00,Imported workout,3600,Pec Deck (Machine),2,73.0,10.0,,,
2023-06-07 18:00:00,Imported workout,3600,Pec Deck (Machine),Rest Timer,,,,90.0,
2023-06-07 18:00:00,Imported workout,3600,Pec Deck (Machine),3,73.0,8.0,,,
2023-06-07 18:00:00,Imported workout,3600,Pec Deck (Machine),Rest Timer,,,,90.0,
2023-06-07 18:00:00,Imported workout,3600,Pec Deck (Machine),4,73.0,8.0,,,
2023-06-07 18:00:00,Imported workout,3600,Pec Deck (Machine),Rest Timer,,,,90.0,
2023-06-07 18:00:00,Imported workout,3600,Pec Deck (Machine),5,73.0,8.0,,,
2023-06-07 18:00:00,Imported workout,3600,Pec Deck (Machine),Rest Timer,,,,90.0,
2023-06-07 18:00:00,Imported workout,3600,Lateral Raise (Dumbbell),1,8.0,8.0,,,
2023-06-07 18:00:00,Imported workout,3600,Lateral Raise (Dumbbell),Rest Timer,,,,90.0,
2023-06-07 18:00:00,Imported workout,3600,Lateral Raise (Dumbbell),5,8.0,8.0,,,
2023-06-07 18:00:00,Imported workout,3600,Lateral Raise (Dumbbell),Rest Timer,,,,90.0,
2023-06-07 18:00:00,Imported workout,3600,Lateral Raise (Dumbbell),2,8.0,8.0,,,
2023-06-07 18:00:00,Imported workout,3600,Lateral Raise (Dumbbell),Rest Timer,,,,90.0,
2023-06-07 18:00:00,Imported workout,3600,Lateral Raise (Dumbbell),3,8.0,8.0,,,
2023-06-07 18:00:00,Imported workout,3600,Lateral Raise (Dumbbell),Rest Timer,,,,90.0,
2023-06-07 18:00:00,Imported workout,3600,Lateral Raise (Dumbbell),4,8.0,8.0,,,
2023-06-07 18:00:00,Imported workout,3600,Lateral Raise (Dumbbell),Rest Timer,,,,90.0,
2023-06-07 18:00:00,Imported workout,3600,Triceps Pushdown (Cable - Straight Bar),4,18.0,8.0,,,
2023-06-07 18:00:00,Imported workout,3600,Triceps Pushdown (Cable - Straight Bar),Rest Timer,,,,90.0,
2023-06-07 18:00:00,Imported workout,3600,Triceps Pushdown (Cable - Straight Bar),1,18.0,8.0,,,
2023-06-07 18:00:00,Imported workout,3600,Triceps Pushdown (Cable - Straight Bar),Rest Timer,,,,90.0,
2023-06-07 18:00:00,Imported workout,3600,Triceps Pushdown (Cable - Straight Bar),2,18.0,8.0,,,
2023-06-07 18:00:00,Imported workout,3600,Triceps Pushdown (Cable - Straight Bar),Rest Timer,,,,90.0,
2023-06-07 18:00:00,Imported workout,3600,Triceps Pushdown (Cable - Straight Bar),3,18.0,8.0,,,
2023-06-07 18:00:00,Imported workout,3600,Triceps Pushdown (Cable - Straight Bar),Rest Timer,,,,90.0,
2023-06-09 18:00:00,Imported workout,3600,Pull Up,1,10.0,8.0,,,
2023-06-09 18:00:00,Imported workout,3600,Pull Up,Rest Timer,,,,90.0,
2023-06-09 18:00:00,Imported workout,3600,Pull Up,2,10.0,6.0,,,
2023-06-09 18:00:00,Imported workout,3600,Pull Up,Rest Timer,,,,90.0,
2023-06-09 18:00:00,Imported workout,3600,Pull Up,3,10.0,6.0,,,
2023-06-09 18:00:00,Imported workout,3600,Pull Up,Rest Timer,,,,90.0,
2023-06-09 18:00:00,Imported workout,3600,Pull Up,4,10.0,4.0,,,
2023-06-09 18:00:00,Imported workout,3600,Pull Up,Rest Timer,,,,90.0,
2023-06-09 18:00:00,Imported workout,3600,Squat (Barbell),6,40.0,8.0,,,
2023-06-09 18:00:00,Imported workout,3600,Squat (Barbell),Rest Timer,,,,90.0,
2023-06-09 18:00:00,Imported workout,3600,Squat (Barbell),2,80.0,8.0,,,
2023-06-09 18:00:00,Imported workout,3600,Squat (Barbell),Rest Timer,,,,90.0,
2023-06-09 18:00:00,Imported workout,3600,Squat (Barbell),3,80.0,8.0,,,
2023-06-09 18:00:00,Imported workout,3600,Squat (Barbell),Rest Timer,,,,90.0,
2023-06-09 18:00:00,Imported workout,3600,Squat (Barbell),4,90.0,8.0,,,
2023-06-09 18:00:00,Imported workout,3600,Squat (Barbell),Rest Timer,,,,90.0,
2023-06-09 18:00:00,Imported workout,3600,Squat (Barbell),5,90.0,8.0,,,
2023-06-09 18:00:00,Imported workout,3600,Squat (Barbell),Rest Timer,,,,90.0,
2023-06-09 18:00:00,Imported workout,3600,Squat (Barbell),1,90.0,8.0,,,
2023-06-09 18:00:00,Imported workout,3600,Squat (Barbell),Rest Timer,,,,90.0,
2023-06-09 18:00:00,Imported workout,3600,Seated Row (Machine),3,52.0,8.0,,,
2023-06-09 18:00:00,Imported workout,3600,Seated Row (Machine),Rest Timer,,,,90.0,
2023-06-09 18:00:00,Imported workout,3600,Lateral Raise (Dumbbell),2,9.0,8.0,,,
2023-06-09 18:00:00,Imported workout,3600,Lateral Raise (Dumbbell),Rest Timer,,,,90.0,
2023-06-09 18:00:00,Imported workout,3600,Lateral Raise (Dumbbell),1,9.0,8.0,,,
2023-06-09 18:00:00,Imported workout,3600,Lateral Raise (Dumbbell),Rest Timer,,,,90.0,
2023-06-09 18:00:00,Imported workout,3600,Seated Row (Machine),1,52.0,8.0,,,
2023-06-09 18:00:00,Imported workout,3600,Seated Row (Machine),Rest Timer,,,,90.0,
2023-06-09 18:00:00,Imported workout,3600,Seated Row (Machine),2,52.0,8.0,,,
2023-06-09 18:00:00,Imported workout,3600,Seated Row (Machine),Rest Timer,,,,90.0,
2023-06-09 18:00:00,Imported workout,3600,Inverted Row (Bodyweight),1,,8.0,,,
2023-06-09 18:00:00,Imported workout,3600,Inverted Row (Bodyweight),Rest Timer,,,,90.0,
2023-06-09 18:00:00,Imported workout,3600,Inverted Row (Bodyweight),2,,8.0,,,
2023-06-09 18:00:00,Imported workout,3600,Inverted Row (Bodyweight),Rest Timer,,,,90.0,
2023-06-09 18:00:00,Imported workout,3600,Inverted Row (Bodyweight),4,,8.0,,,
2023-06-09 18:00:00,Imported workout,3600,Inverted Row (Bodyweight),Rest Timer,,,,90.0,
2023-06-09 18:00:00,Imported workout,3600,Inverted Row (Bodyweight),3,,8.0,,,
2023-06-09 18:00:00,Imported workout,3600,Inverted Row (Bodyweight),Rest Timer,,,,90.0,
2023-06-09 18:00:00,Imported workout,3600,Hammer Curl (Dumbbell),1,12.0,8.0,,,
2023-06-09 18:00:00,Imported workout,3600,Hammer Curl (Dumbbell),Rest Timer,,,,90.0,
2023-06-09 18:00:00,Imported workout,3600,Hammer Curl (Dumbbell),3,12.0,8.0,,,
2023-06-09 18:00:00,Imported workout,3600,Hammer Curl (Dumbbell),Rest Timer,,,,90.0,
2023-06-09 18:00:00,Imported workout,3600,Hammer Curl (Dumbbell),2,12.0,8.0,,,
2023-06-09 18:00:00,Imported workout,3600,Hammer Curl (Dumbbell),Rest Timer,,,,90.0,
2023-06-11 18:00:00,Imported workout,3600,Romanian Deadlift (Barbell),5,60.0,8.0,,,
2023-06-11 18:00:00,Imported workout,3600,Romanian Deadlift (Barbell),Rest Timer,,,,90.0,
2023-06-11 18:00:00,Imported workout,3600,Romanian Deadlift (Barbell),1,60.0,8.0,,,
2023-06-11 18:00:00,Imported workout,3600,Romanian Deadlift (Barbell),Rest Timer,,,,90.0,
2023-06-11 18:00:00,Imported workout,3600,Romanian Deadlift (Barbell),2,60.0,8.0,,,
2023-06-11 18:00:00,Imported workout,3600,Romanian Deadlift (Barbell),Rest Timer,,,,90.0,
2023-06-11 18:00:00,Imported workout,3600,Romanian Deadlift (Barbell),3,60.0,8.0,,,
2023-06-11 18:00:00,Imported workout,3600,Romanian Deadlift (Barbell),Rest Timer,,,,90.0,
2023-06-11 18:00:00,Imported workout,3600,Romanian Deadlift (Barbell),4,60.0,8.0,,,
2023-06-11 18:00:00,Imported workout,3600,Romanian Deadlift (Barbell),Rest Timer,,,,90.0,
2023-06-11 18:00:00,Imported workout,3600,Incline Bench Press (Dumbbell),5,18.0,8.0,,,
2023-06-11 18:00:00,Imported workout,3600,Incline Bench Press (Dumbbell),Rest Timer,,,,90.0,
2023-06-11 18:00:00,Imported workout,3600,Incline Bench Press (Dumbbell),1,24.0,8.0,,,
2023-06-11 18:00:00,Imported workout,3600,Incline Bench Press (Dumbbell),Rest Timer,,,,90.0,
2023-06-11 18:00:00,Imported workout,3600,Incline Bench Press (Dumbbell),2,30.0,8.0,,,
2023-06-11 18:00:00,Imported workout,3600,Incline Bench Press (Dumbbell),Rest Timer,,,,90.0,
2023-06-11 18:00:00,Imported workout,3600,Incline Bench Press (Dumbbell),3,30.0,7.0,,,
2023-06-11 18:00:00,Imported workout,3600,Incline Bench Press (Dumbbell),Rest Timer,,,,90.0,
2023-06-11 18:00:00,Imported workout,3600,Incline Bench Press (Dumbbell),4,30.0,5.0,,,
2023-06-11 18:00:00,Imported workout,3600,Incline Bench Press (Dumbbell),Rest Timer,,,,90.0,
2023-06-11 18:00:00,Imported workout,3600,Leg Press,3,35.0,8.0,,,
2023-06-11 18:00:00,Imported workout,3600,Leg Press,Rest Timer,,,,90.0,
2023-06-11 18:00:00,Imported workout,3600,Leg Press,4,35.0,8.0,,,
2023-06-11 18:00:00,Imported workout,3600,Leg Press,Rest Timer,,,,90.0,
2023-06-11 18:00:00,Imported workout,3600,Leg Press,2,35.0,8.0,,,
2023-06-11 18:00:00,Imported workout,3600,Leg Press,Rest Timer,,,,90.0,
2023-06-11 18:00:00,Imported workout,3600,Leg Press,1,35.0,8.0,,,
2023-06-11 18:00:00,Imported workout,3600,Leg Press,Rest Timer,,,,90.0,
2023-06-11 18:00:00,Imported workout,3600,Standing Calf Raise (Machine),1,65.0,10.0,,,
2023-06-11 18:00:00,Imported workout,3600,Standing Calf Raise (Machine),Rest Timer,,,,90.0,
2023-06-11 18:00:00,Imported workout,3600,Standing Calf Raise (Machine),2,55.0,10.0,,,
2023-06-11 18:00:00,Imported workout,3600,Standing Calf Raise (Machine),Rest Timer,,,,90.0,
2023-06-11 18:00:00,Imported workout,3600,Standing Calf Raise (Machine),3,75.0,10.0,,,
2023-06-11 18:00:00,Imported workout,3600,Standing Calf Raise (Machine),Rest Timer,,,,90.0,
2023-06-11 18:00:00,Imported workout,3600,Standing Calf Raise (Machine),4,80.0,10.0,,,
2023-06-11 18:00:00,Imported workout,3600,Standing Calf Raise (Machine),Rest Timer,,,,90.0,
2023-06-11 18:00:00,Imported workout,3600,Triceps Pushdown (Cable - Straight Bar),1,18.0,8.0,,,
2023-06-11 18:00:00,Imported workout,3600,Triceps Pushdown (Cable - Straight Bar),Rest Timer,,,,90.0,
2023-06-11 18:00:00,Imported workout,3600,Triceps Pushdown (Cable - Straight Bar),3,18.0,8.0,,,
2023-06-11 18:00:00,Imported workout,3600,Triceps Pushdown (Cable - Straight Bar),Rest Timer,,,,90.0,
2023-06-11 18:00:00,Imported workout,3600,Triceps Pushdown (Cable - Straight Bar),2,18.0,8.0,,,
2023-06-11 18:00:00,Imported workout,3600,Triceps Pushdown (Cable - Straight Bar),Rest Timer,,,,90.0,
2023-06-11 18:00:00,Imported workout,3600,Lat Pulldown (Cable),1,52.0,8.0,,,
2023-06-11 18:00:00,Imported workout,3600,Lat Pulldown (Cable),Rest Timer,,,,90.0,
2023-06-11 18:00:00,Imported workout,3600,Lat Pulldown (Cable),2,52.0,8.0,,,
2023-06-11 18:00:00,Imported workout,3600,Lat Pulldown (Cable),Rest Timer,,,,90.0,
2023-06-11 18:00:00,Imported workout,3600,Lat Pulldown (Cable),3,52.0,6.0,,,
2023-06-11 18:00:00,Imported workout,3600,Lat Pulldown (Cable),Rest Timer,,,,90.0,
2023-06-11 18:00:00,Imported workout,3600,Incline Curl (Dumbbell),2,12.0,8.0,,,
2023-06-11 18:00:00,Imported workout,3600,Incline Curl (Dumbbell),Rest Timer,,,,90.0,
2023-06-11 18:00:00,Imported workout,3600,Incline Curl (Dumbbell),1,12.0,8.0,,,
2023-06-11 18:00:00,Imported workout,3600,Incline Curl (Dumbbell),Rest Timer,,,,90.0,
2023-06-13 18:00:00,Imported workout,3600,Bench Press (Barbell),4,20.0,8.0,,,
2023-06-13 18:00:00,Imported workout,3600,Bench Press (Barbell),Rest Timer,,,,90.0,
2023-06-13 18:00:00,Imported workout,3600,Bench Press (Barbell),1,50.0,8.0,,,
2023-06-13 18:00:00,Imported workout,3600,Bench Press (Barbell),Rest Timer,,,,90.0,
2023-06-13 18:00:00,Imported workout,3600,Bench Press (Barbell),2,85.0,5.0,,,
2023-06-13 18:00:00,Imported workout,3600,Bench Press (Barbell),Rest Timer,,,,90.0,
2023-06-13 18:00:00,Imported workout,3600,Bench Press (Barbell),3,85.0,3.0,,,
2023-06-13 18:00:00,Imported workout,3600,Bench Press (Barbell),Rest Timer,,,,90.0,
2023-06-13 18:00:00,Imported workout,3600,Bench Press (Barbell),7,85.0,4.0,,,
2023-06-13 18:00:00,Imported workout,3600,Bench Press (Barbell),Rest Timer,,,,90.0,
2023-06-13 18:00:00,Imported workout,3600,Bench Press (Barbell),5,80.0,4.0,,,
2023-06-13 18:00:00,Imported workout,3600,Bench Press (Barbell),Rest Timer,,,,90.0,
2023-06-13 18:00:00,Imported workout,3600,Bench Press (Barbell),6,75.0,5.0,,,
2023-06-13 18:00:00,Imported workout,3600,Bench Press (Barbell),Rest Timer,,,,90.0,
2023-06-13 18:00:00,Imported workout,3600,Seated Overhead Press (Dumbbell),3,24.0,7.0,,,
2023-06-13 18:00:00,Imported workout,3600,Seated Overhead Press (Dumbbell),Rest Timer,,,,90.0,
2023-06-13 18:00:00,Imported workout,3600,Seated Overhead Press (Dumbbell),4,24.0,5.0,,,
2023-06-13 18:00:00,Imported workout,3600,Seated Overhead Press (Dumbbell),Rest Timer,,,,90.0,
2023-06-13 18:00:00,Imported workout,3600,Seated Overhead Press (Dumbbell),1,24.0,6.0,,,
2023-06-13 18:00:00,Imported workout,3600,Seated Overhead Press (Dumbbell),Rest Timer,,,,90.0,
2023-06-13 18:00:00,Imported workout,3600,Seated Overhead Press (Dumbbell),2,24.0,6.0,,,
2023-06-13 18:00:00,Imported workout,3600,Seated Overhead Press (Dumbbell),Rest Timer,,,,90.0,
2023-06-13 18:00:00,Imported workout,3600,Chest Dip,5,0.0,8.0,,,
2023-06-13 18:00:00,Imported workout,3600,Chest Dip,Rest Timer,,,,90.0,
2023-06-13 18:00:00,Imported workout,3600,Chest Dip,1,5.0,5.0,,,
2023-06-13 18:00:00,Imported workout,3600,Chest Dip,Rest Timer,,,,90.0,
2023-06-13 18:00:00,Imported workout,3600,Chest Dip,4,5.0,3.0,,,
2023-06-13 18:00:00,Imported workout,3600,Chest Dip,Rest Timer,,,,90.0,
2023-06-13 18:00:00,Imported workout,3600,Chest Dip,3,5.0,6.0,,,
2023-06-13 18:00:00,Imported workout,3600,Chest Dip,Rest Timer,,,,90.0,
2023-06-13 18:00:00,Imported workout,3600,Chest Dip,2,5.0,5.0,,,
2023-06-13 18:00:00,Imported workout,3600,Chest Dip,Rest Timer,,,,90.0,
2023-06-13 18:00:00,Imported workout,3600,Pec Deck (Machine),2,66.0,10.0,,,
2023-06-13 18:00:00,Imported workout,3600,Pec Deck (Machine),Rest Timer,,,,90.0,
2023-06-13 18:00:00,Imported workout,3600,Pec Deck (Machine),3,73.0,10.0,,,
2023-06-13 18:00:00,Imported workout,3600,Pec Deck (Machine),Rest Timer,,,,90.0,
2023-06-13 18:00:00,Imported workout,3600,Pec Deck (Machine),1,73.0,10.0,,,
2023-06-13 18:00:00,Imported workout,3600,Pec Deck (Machine),Rest Timer,,,,90.0,
2023-06-13 18:00:00,Imported workout,3600,Lateral Raise (Dumbbell),3,9.0,8.0,,,
2023-06-13 18:00:00,Imported workout,3600,Lateral Raise (Dumbbell),Rest Timer,,,,90.0,
2023-06-13 18:00:00,Imported workout,3600,Lateral Raise (Dumbbell),2,9.0,8.0,,,
2023-06-13 18:00:00,Imported workout,3600,Lateral Raise (Dumbbell),Rest Timer,,,,90.0,
2023-06-13 18:00:00,Imported workout,3600,Lateral Raise (Dumbbell),1,9.0,8.0,,,
2023-06-13 18:00:00,Imported workout,3600,Lateral Raise (Dumbbell),Rest Timer,,,,90.0,
2023-06-15 18:00:00,Imported workout,3600,Pull Up,1,10.0,8.0,,,
2023-06-15 18:00:00,Imported workout,3600,Pull Up,Rest Timer,,,,90.0,
2023-06-15 18:00:00,Imported workout,3600,Pull Up,2,10.0,5.0,,,
2023-06-15 18:00:00,Imported workout,3600,Pull Up,Rest Timer,,,,90.0,
2023-06-15 18:00:00,Imported workout,3600,Pull Up,3,10.0,5.0,,,
2023-06-15 18:00:00,Imported workout,3600,Pull Up,Rest Timer,,,,90.0,
2023-06-15 18:00:00,Imported workout,3600,Pull Up,4,10.0,3.0,,,
2023-06-15 18:00:00,Imported workout,3600,Pull Up,Rest Timer,,,,90.0,
2023-06-15 18:00:00,Imported workout,3600,Pull Up,5,,8.0,,,
2023-06-15 18:00:00,Imported workout,3600,Pull Up,Rest Timer,,,,90.0,
2023-06-15 18:00:00,Imported workout,3600,Squat (Barbell),3,15.0,8.0,,,
2023-06-15 18:00:00,Imported workout,3600,Squat (Barbell),Rest Timer,,,,90.0,
2023-06-15 18:00:00,Imported workout,3600,Squat (Barbell),4,55.0,8.0,,,
2023-06-15 18:00:00,Imported workout,3600,Squat (Barbell),Rest Timer,,,,90.0,
2023-06-15 18:00:00,Imported workout,3600,Squat (Barbell),5,55.0,8.0,,,
2023-06-15 18:00:00,Imported workout,3600,Squat (Barbell),Rest Timer,,,,90.0,
2023-06-15 18:00:00,Imported workout,3600,Squat (Barbell),6,55.0,8.0,,,
2023-06-15 18:00:00,Imported workout,3600,Squat (Barbell),Rest Timer,,,,90.0,
2023-06-15 18:00:00,Imported workout,3600,Squat (Barbell),1,55.0,8.0,,,
2023-06-15 18:00:00,Imported workout,3600,Squat (Barbell),Rest Timer,,,,90.0,
2023-06-15 18:00:00,Imported workout,3600,Squat (Barbell),2,55.0,8.0,,,
2023-06-15 18:00:00,Imported workout,3600,Squat (Barbell),Rest Timer,,,,90.0,
2023-06-15 18:00:00,Imported workout,3600,Seated Row (Machine),5,45.0,8.0,,,
2023-06-15 18:00:00,Imported workout,3600,Seated Row (Machine),Rest Timer,,,,90.0,
2023-06-15 18:00:00,Imported workout,3600,Seated Row (Machine),1,52.0,8.0,,,
2023-06-15 18:00:00,Imported workout,3600,Seated Row (Machine),Rest Timer,,,,90.0,
2023-06-15 18:00:00,Imported workout,3600,Seated Row (Machine),4,52.0,8.0,,,
2023-06-15 18:00:00,Imported workout,3600,Seated Row (Machine),Rest Timer,,,,90.0,
2023-06-15 18:00:00,Imported workout,3600,Seated Row (Machine),3,52.0,8.0,,,
2023-06-15 18:00:00,Imported workout,3600,Seated Row (Machine),Rest Timer,,,,90.0,
2023-06-15 18:00:00,Imported workout,3600,Seated Row (Machine),2,52.0,8.0,,,
2023-06-15 18:00:00,Imported workout,3600,Seated Row (Machine),Rest Timer,,,,90.0,
2023-06-15 18:00:00,Imported workout,3600,Preacher Curl (Barbell),4,20.0,8.0,,,
2023-06-15 18:00:00,Imported workout,3600,Preacher Curl (Barbell),Rest Timer,,,,90.0,
2023-06-15 18:00:00,Imported workout,3600,Preacher Curl (Barbell),3,20.0,7.0,,,
2023-06-15 18:00:00,Imported workout,3600,Preacher Curl (Barbell),Rest Timer,,,,90.0,
2023-06-15 18:00:00,Imported workout,3600,Preacher Curl (Barbell),2,20.0,5.0,,,
2023-06-15 18:00:00,Imported workout,3600,Preacher Curl (Barbell),Rest Timer,,,,90.0,
2023-06-15 18:00:00,Imported workout,3600,Preacher Curl (Barbell),1,10.0,12.0,,,
2023-06-15 18:00:00,Imported workout,3600,Preacher Curl (Barbell),Rest Timer,,,,90.0,
2023-06-15 18:00:00,Imported workout,3600,Hammer Curl (Dumbbell),2,14.0,5.0,,,
2023-06-15 18:00:00,Imported workout,3600,Hammer Curl (Dumbbell),Rest Timer,,,,90.0,
2023-06-15 18:00:00,Imported workout,3600,Hammer Curl (Dumbbell),1,10.0,10.0,,,
2023-06-15 18:00:00,Imported workout,3600,Hammer Curl (Dumbbell),Rest Timer,,,,90.0,
2023-06-15 18:00:00,Imported workout,3600,Hammer Curl (Dumbbell),3,10.0,10.0,,,
2023-06-15 18:00:00,Imported workout,3600,Hammer Curl (Dumbbell),Rest Timer,,,,90.0,
2023-06-18 18:00:00,Imported workout,3600,Romanian Deadlift (Barbell),5,60.0,8.0,,,
2023-06-18 18:00:00,Imported workout,3600,Romanian Deadlift (Barbell),Rest Timer,,,,90.0,
2023-06-18 18:00:00,Imported workout,3600,Romanian Deadlift (Barbell),1,60.0,8.0,,,
2023-06-18 18:00:00,Imported workout,3600,Romanian Deadlift (Barbell),Rest Timer,,,,90.0,
2023-06-18 18:00:00,Imported workout,3600,Romanian Deadlift (Barbell),2,60.0,8.0,,,
2023-06-18 18:00:00,Imported workout,3600,Romanian Deadlift (Barbell),Rest Timer,,,,90.0,
2023-06-18 18:00:00,Imported workout,3600,Romanian Deadlift (Barbell),3,60.0,8.0,,,
2023-06-18 18:00:00,Imported workout,3600,Romanian Deadlift (Barbell),Rest Timer,,,,90.0,
2023-06-18 18:00:00,Imported workout,3600,Romanian Deadlift (Barbell),4,60.0,8.0,,,
2023-06-18 18:00:00,Imported workout,3600,Romanian Deadlift (Barbell),Rest Timer,,,,90.0,
2023-06-18 18:00:00,Imported workout,3600,Incline Bench Press (Dumbbell),6,22.0,8.0,,,
2023-06-18 18:00:00,Imported workout,3600,Incline Bench Press (Dumbbell),Rest Timer,,,,90.0,
2023-06-18 18:00:00,Imported workout,3600,Incline Bench Press (Dumbbell),2,32.0,7.0,,,
2023-06-18 18:00:00,Imported workout,3600,Incline Bench Press (Dumbbell),Rest Timer,,,,90.0,
2023-06-18 18:00:00,Imported workout,3600,Incline Bench Press (Dumbbell),3,32.0,5.0,,,
2023-06-18 18:00:00,Imported workout,3600,Incline Bench Press (Dumbbell),Rest Timer,,,,90.0,
2023-06-18 18:00:00,Imported workout,3600,Incline Bench Press (Dumbbell),4,30.0,8.0,,,
2023-06-18 18:00:00,Imported workout,3600,Incline Bench Press (Dumbbell),Rest Timer,,,,90.0,
2023-06-18 18:00:00,Imported workout,3600,Incline Bench Press (Dumbbell),5,30.0,8.0,,,
2023-06-18 18:00:00,Imported workout,3600,Incline Bench Press (Dumbbell),Rest Timer,,,,90.0,
2023-06-18 18:00:00,Imported workout,3600,Incline Bench Press (Dumbbell),1,30.0,8.0,,,
2023-06-18 18:00:00,Imported workout,3600,Incline Bench Press (Dumbbell),Rest Timer,,,,90.0,
2023-06-18 18:00:00,Imported workout,3600,Lat Pulldown (Cable),2,52.0,8.0,,,
2023-06-18 18:00:00,Imported workout,3600,Lat Pulldown (Cable),Rest Timer,,,,90.0,
2023-06-18 18:00:00,Imported workout,3600,Lat Pulldown (Cable),3,59.0,8.0,,,
2023-06-18 18:00:00,Imported workout,3600,Lat Pulldown (Cable),Rest Timer,,,,90.0,
2023-06-18 18:00:00,Imported workout,3600,Lat Pulldown (Cable),1,52.0,5.0,,,
2023-06-18 18:00:00,Imported workout,3600,Lat Pulldown (Cable),Rest Timer,,,,90.0,
2023-06-18 18:00:00,Imported workout,3600,Leg Press,1,40.0,8.0,,,
2023-06-18 18:00:00,Imported workout,3600,Leg Press,Rest Timer,,,,90.0,
2023-06-18 18:00:00,Imported workout,3600,Leg Press,2,40.0,8.0,,,
2023-06-18 18:00:00,Imported workout,3600,Leg Press,Rest Timer,,,,90.0,
2023-06-18 18:00:00,Imported workout,3600,Leg Press,3,40.0,8.0,,,
2023-06-18 18:00:00,Imported workout,3600,Leg Press,Rest Timer,,,,90.0,
2023-06-18 18:00:00,Imported workout,3600,Standing Calf Raise (Machine),1,132.0,10.0,,,
2023-06-18 18:00:00,Imported workout,3600,Standing Calf Raise (Machine),Rest Timer,,,,90.0,
2023-06-18 18:00:00,Imported workout,3600,Standing Calf Raise (Machine),2,132.0,10.0,,,
2023-06-18 18:00:00,Imported workout,3600,Standing Calf Raise (Machine),Rest Timer,,,,90.0,
2023-06-18 18:00:00,Imported workout,3600,Standing Calf Raise (Machine),3,132.0,10.0,,,
2023-06-18 18:00:00,Imported workout,3600,Standing Calf Raise (Machine),Rest Timer,,,,90.0,
2023-06-18 18:00:00,Imported workout,3600,Face Pull (Cable),1,27.0,8.0,,,
2023-06-18 18:00:00,Imported workout,3600,Face Pull (Cable),Rest Timer,,,,90.0,
2023-06-18 18:00:00,Imported workout,3600,Face Pull (Cable),2,32.0,8.0,,,
2023-06-18 18:00:00,Imported workout,3600,Face Pull (Cable),Rest Timer,,,,90.0,
2023-06-18 18:00:00,Imported workout,3600,Face Pull (Cable),3,32.0,8.0,,,
2023-06-18 18:00:00,Imported workout,3600,Face Pull (Cable),Rest Timer,,,,90.0,
2023-06-18 18:00:00,Imported workout,3600,Bicep Curl (Cable),2,18.0,8.0,,,
2023-06-18 18:00:00,Imported workout,3600,Bicep Curl (Cable),Rest Timer,,,,90.0,
2023-06-18 18:00:00,Imported workout,3600,Bicep Curl (Cable),1,23.0,8.0,,,
2023-06-18 18:00:00,Imported workout,3600,Bicep Curl (Cable),Rest Timer,,,,90.0,
2023-06-20 18:00:00,Imported workout,3600,Bench Press (Dumbbell),4,20.0,10.0,,,
2023-06-20 18:00:00,Imported workout,3600,Bench Press (Dumbbell),Rest Timer,,,,90.0,
2023-06-20 18:00:00,Imported workout,3600,Bench Press (Dumbbell),1,30.0,8.0,,,
2023-06-20 18:00:00,Imported workout,3600,Bench Press (Dumbbell),Rest Timer,,,,90.0,
2023-06-20 18:00:00,Imported workout,3600,Bench Press (Dumbbell),2,32.0,7.0,,,
2023-06-20 18:00:00,Imported workout,3600,Bench Press (Dumbbell),Rest Timer,,,,90.0,
2023-06-20 18:00:00,Imported workout,3600,Bench Press (Dumbbell),3,32.0,7.0,,,
2023-06-20 18:00:00,Imported workout,3600,Bench Press (Dumbbell),Rest Timer,,,,90.0,
2023-06-20 18:00:00,Imported workout,3600,Bench Press (Dumbbell),5,32.0,5.0,,,
2023-06-20 18:00:00,Imported workout,3600,Bench Press (Dumbbell),Rest Timer,,,,90.0,
2023-06-20 18:00:00,Imported workout,3600,Bench Press (Dumbbell),6,30.0,8.0,,,
2023-06-20 18:00:00,Imported workout,3600,Bench Press (Dumbbell),Rest Timer,,,,90.0,
2023-06-20 18:00:00,Imported workout,3600,Seated Overhead Press (Dumbbell),4,20.0,8.0,,,
2023-06-20 18:00:00,Imported workout,3600,Seated Overhead Press (Dumbbell),Rest Timer,,,,90.0,
2023-06-20 18:00:00,Imported workout,3600,Seated Overhead Press (Dumbbell),3,22.0,8.0,,,
2023-06-20 18:00:00,Imported workout,3600,Seated Overhead Press (Dumbbell),Rest Timer,,,,90.0,
2023-06-20 18:00:00,Imported workout,3600,Seated Overhead Press (Dumbbell),5,22.0,8.0,,,
2023-06-20 18:00:00,Imported workout,3600,Seated Overhead Press (Dumbbell),Rest Timer,,,,90.0,
2023-06-20 18:00:00,Imported workout,3600,Seated Overhead Press (Dumbbell),2,22.0,8.0,,,
2023-06-20 18:00:00,Imported workout,3600,Seated Overhead Press (Dumbbell),Rest Timer,,,,90.0,
2023-06-20 18:00:00,Imported workout,3600,Seated Overhead Press (Dumbbell),1,22.0,8.0,,,
2023-06-20 18:00:00,Imported workout,3600,Seated Overhead Press (Dumbbell),Rest Timer,,,,90.0,
2023-06-20 18:00:00,Imported workout,3600,Chest Dip,4,0.0,6.0,,,
2023-06-20 18:00:00,Imported workout,3600,Chest Dip,Rest Timer,,,,90.0,
2023-06-20 18:00:00,Imported workout,3600,Chest Dip,3,0.0,6.0,,,
2023-06-20 18:00:00,Imported workout,3600,Chest Dip,Rest Timer,,,,90.0,
2023-06-20 18:00:00,Imported workout,3600,Chest Dip,2,0.0,6.0,,,
2023-06-20 18:00:00,Imported workout,3600,Chest Dip,Rest Timer,,,,90.0,
2023-06-20 18:00:00,Imported workout,3600,Chest Dip,5,0.0,8.0,,,
2023-06-20 18:00:00,Imported workout,3600,Chest Dip,Rest Timer,,,,90.0,
2023-06-20 18:00:00,Imported workout,3600,Chest Dip,1,0.0,6.0,,,
2023-06-20 18:00:00,Imported workout,3600,Chest Dip,Rest Timer,,,,90.0,
2023-06-20 18:00:00,Imported workout,3600,Pec Deck (Machine),3,66.0,8.0,,,
2023-06-20 18:00:00,Imported workout,3600,Pec Deck (Machine),Rest Timer,,,,90.0,
2023-06-20 18:00:00,Imported workout,3600,Pec Deck (Machine),2,66.0,8.0,,,
2023-06-20 18:00:00,Imported workout,3600,Pec Deck (Machine),Rest Timer,,,,90.0,
2023-06-20 18:00:00,Imported workout,3600,Pec Deck (Machine),1,73.0,8.0,,,
2023-06-20 18:00:00,Imported workout,3600,Pec Deck (Machine),Rest Timer,,,,90.0,
2023-06-22 18:00:00,Imported workout,3600,Pull Up,5,14.0,5.0,,,
2023-06-22 18:00:00,Imported workout,3600,Pull Up,Rest Timer,,,,90.0,
2023-06-22 18:00:00,Imported workout,3600,Pull Up,4,14.0,5.0,,,
2023-06-22 18:00:00,Imported workout,3600,Pull Up,Rest Timer,,,,90.0,
2023-06-22 18:00:00,Imported workout,3600,Pull Up,3,14.0,4.0,,,
2023-06-22 18:00:00,Imported workout,3600,Pull Up,Rest Timer,,,,90.0,
2023-06-22 18:00:00,Imported workout,3600,Pull Up,2,14.0,3.0,,,
2023-06-22 18:00:00,Imported workout,3600,Pull Up,Rest Timer,,,,90.0,
2023-06-22 18:00:00,Imported workout,3600,Squat (Barbell),5,15.0,8.0,,,
2023-06-22 18:00:00,Imported workout,3600,Squat (Barbell),Rest Timer,,,,90.0,
2023-06-22 18:00:00,Imported workout,3600,Squat (Barbell),4,65.0,8.0,,,
2023-06-22 18:00:00,Imported workout,3600,Squat (Barbell),Rest Timer,,,,90.0,
2023-06-22 18:00:00,Imported workout,3600,Squat (Barbell),3,65.0,8.0,,,
2023-06-22 18:00:00,Imported workout,3600,Squat (Barbell),Rest Timer,,,,90.0,
2023-06-22 18:00:00,Imported workout,3600,Squat (Barbell),1,65.0,8.0,,,
2023-06-22 18:00:00,Imported workout,3600,Squat (Barbell),Rest Timer,,,,90.0,
2023-06-22 18:00:00,Imported workout,3600,Squat (Barbell),2,65.0,8.0,,,
2023-06-22 18:00:00,Imported workout,3600,Squat (Barbell),Rest Timer,,,,90.0,
2023-06-22 18:00:00,Imported workout,3600,Squat (Barbell),6,65.0,8.0,,,
2023-06-22 18:00:00,Imported workout,3600,Squat (Barbell),Rest Timer,,,,90.0,
2023-06-22 18:00:00,Imported workout,3600,Seated Row (Machine),5,52.0,8.0,,,
2023-06-22 18:00:00,Imported workout,3600,Seated Row (Machine),Rest Timer,,,,90.0,
2023-06-22 18:00:00,Imported workout,3600,Seated Row (Machine),1,52.0,8.0,,,
2023-06-22 18:00:00,Imported workout,3600,Seated Row (Machine),Rest Timer,,,,90.0,
2023-06-22 18:00:00,Imported workout,3600,Seated Row (Machine),4,52.0,8.0,,,
2023-06-22 18:00:00,Imported workout,3600,Seated Row (Machine),Rest Timer,,,,90.0,
2023-06-22 18:00:00,Imported workout,3600,Seated Row (Machine),3,52.0,8.0,,,
2023-06-22 18:00:00,Imported workout,3600,Seated Row (Machine),Rest Timer,,,,90.0,
2023-06-22 18:00:00,Imported workout,3600,Seated Row (Machine),2,52.0,8.0,,,
2023-06-22 18:00:00,Imported workout,3600,Seated Row (Machine),Rest Timer,,,,90.0,
2023-06-22 18:00:00,Imported workout,3600,Pull Up,1,,5.0,,,
2023-06-22 18:00:00,Imported workout,3600,Pull Up,Rest Timer,,,,90.0,
2023-06-22 18:00:00,Imported workout,3600,Preacher Curl (Barbell),3,20.0,8.0,,,
2023-06-22 18:00:00,Imported workout,3600,Preacher Curl (Barbell),Rest Timer,,,,90.0,
2023-06-22 18:00:00,Imported workout,3600,Preacher Curl (Barbell),2,20.0,6.0,,,
2023-06-22 18:00:00,Imported workout,3600,Preacher Curl (Barbell),Rest Timer,,,,90.0,
2023-06-22 18:00:00,Imported workout,3600,Preacher Curl (Barbell),1,20.0,7.0,,,
2023-06-22 18:00:00,Imported workout,3600,Preacher Curl (Barbell),Rest Timer,,,,90.0,
2023-06-26 18:00:00,Imported workout,3600,Bench Press (Barbell),5,20.0,8.0,,,
2023-06-26 18:00:00,Imported workout,3600,Bench Press (Barbell),Rest Timer,,,,90.0,
2023-06-26 18:00:00,Imported workout,3600,Bench Press (Barbell),4,60.0,8.0,,,
2023-06-26 18:00:00,Imported workout,3600,Bench Press (Barbell),Rest Timer,,,,90.0,
2023-06-26 18:00:00,Imported workout,3600,Bench Press (Barbell),3,85.0,5.0,,,
2023-06-26 18:00:00,Imported workout,3600,Bench Press (Barbell),Rest Timer,,,,90.0,
2023-06-26 18:00:00,Imported workout,3600,Bench Press (Barbell),2,85.0,4.0,,,
2023-06-26 18:00:00,Imported workout,3600,Bench Press (Barbell),Rest Timer,,,,90.0,
2023-06-26 18:00:00,Imported workout,3600,Bench Press (Barbell),1,85.0,3.0,,,
2023-06-26 18:00:00,Imported workout,3600,Bench Press (Barbell),Rest Timer,,,,90.0,
2023-06-26 18:00:00,Imported workout,3600,Seated Overhead Press (Dumbbell),5,18.0,8.0,,,
2023-06-26 18:00:00,Imported workout,3600,Seated Overhead Press (Dumbbell),Rest Timer,,,,90.0,
2023-06-26 18:00:00,Imported workout,3600,Seated Overhead Press (Dumbbell),4,22.0,8.0,,,
2023-06-26 18:00:00,Imported workout,3600,Seated Overhead Press (Dumbbell),Rest Timer,,,,90.0,
2023-06-26 18:00:00,Imported workout,3600,Seated Overhead Press (Dumbbell),1,22.0,8.0,,,
2023-06-26 18:00:00,Imported workout,3600,Seated Overhead Press (Dumbbell),Rest Timer,,,,90.0,
2023-06-26 18:00:00,Imported workout,3600,Seated Overhead Press (Dumbbell),3,22.0,8.0,,,
2023-06-26 18:00:00,Imported workout,3600,Seated Overhead Press (Dumbbell),Rest Timer,,,,90.0,
2023-06-26 18:00:00,Imported workout,3600,Seated Overhead Press (Dumbbell),2,22.0,8.0,,,
2023-06-26 18:00:00,Imported workout,3600,Seated Overhead Press (Dumbbell),Rest Timer,,,,90.0,
2023-06-26 18:00:00,Imported workout,3600,Chest Press (Machine),2,59.0,6.0,,,
2023-06-26 18:00:00,Imported workout,3600,Chest Press (Machine),Rest Timer,,,,90.0,
2023-06-26 18:00:00,Imported workout,3600,Chest Press (Machine),1,66.0,7.0,,,
2023-06-26 18:00:00,Imported workout,3600,Chest Press (Machine),Rest Timer,,,,90.0,
2023-06-28 18:00:00,Imported workout,3600,Pull Up,1,,10.0,,,
2023-06-28 18:00:00,Imported workout,3600,Pull Up,Rest Timer,,,,90.0,
2023-06-28 18:00:00,Imported workout,3600,Pull Up,2,14.0,5.0,,,
2023-06-28 18:00:00,Imported workout,3600,Pull Up,Rest Timer,,,,90.0,
2023-06-28 18:00:00,Imported workout,3600,Pull Up,4,14.0,4.0,,,
2023-06-28 18:00:00,Imported workout,3600,Pull Up,Rest Timer,,,,90.0,
2023-06-28 18:00:00,Imported workout,3600,Pull Up,3,14.0,4.0,,,
2023-06-28 18:00:00,Imported workout,3600,Pull Up,Rest Timer,,,,90.0,
2023-06-28 18:00:00,Imported workout,3600,Seated Row (Machine),1,52.0,8.0,,,
2023-06-28 18:00:00,Imported workout,3600,Seated Row (Machine),Rest Timer,,,,90.0,
2023-06-28 18:00:00,Imported workout,3600,Seated Row (Machine),3,59.0,8.0,,,
2023-06-28 18:00:00,Imported workout,3600,Seated Row (Machine),Rest Timer,,,,90.0,
2023-06-28 18:00:00,Imported workout,3600,Seated Row (Machine),2,59.0,8.0,,,
2023-06-28 18:00:00,Imported workout,3600,Seated Row (Machine),Rest Timer,,,,90.0,
2023-06-28 18:00:00,Imported workout,3600,Squat (Barbell),4,15.0,8.0,,,
2023-06-28 18:00:00,Imported workout,3600,Squat (Barbell),Rest Timer,,,,90.0,
2023-06-28 18:00:00,Imported workout,3600,Squat (Barbell),5,45.0,8.0,,,
2023-06-28 18:00:00,Imported workout,3600,Squat (Barbell),Rest Timer,,,,90.0,
2023-06-28 18:00:00,Imported workout,3600,Squat (Barbell),6,55.0,8.0,,,
2023-06-28 18:00:00,Imported workout,3600,Squat (Barbell),Rest Timer,,,,90.0,
2023-06-28 18:00:00,Imported workout,3600,Squat (Barbell),2,65.0,8.0,,,
2023-06-28 18:00:00,Imported workout,3600,Squat (Barbell),Rest Timer,,,,90.0,
2023-06-28 18:00:00,Imported workout,3600,Squat (Barbell),3,65.0,8.0,,,
2023-06-28 18:00:00,Imported workout,3600,Squat (Barbell),Rest Timer,,,,90.0,
2023-06-28 18:00:00,Imported workout,3600,Squat (Barbell),1,65.0,8.0,,,
2023-06-28 18:00:00,Imported workout,3600,Squat (Barbell),Rest Timer,,,,90.0,
2023-06-28 18:00:00,Imported workout,3600,Seated Row (Cable),2,59.0,8.0,,,
2023-06-28 18:00:00,Imported workout,3600,Seated Row (Cable),Rest Timer,,,,90.0,
2023-06-28 18:00:00,Imported workout,3600,Seated Row (Cable),1,59.0,8.0,,,
2023-06-28 18:00:00,Imported workout,3600,Seated Row (Cable),Rest Timer,,,,90.0,
2023-06-28 18:00:00,Imported workout,3600,Seated Row (Cable),3,66.0,8.0,,,
2023-06-28 18:00:00,Imported workout,3600,Seated Row (Cable),Rest Timer,,,,90.0,
2023-06-28 18:00:00,Imported workout,3600,Preacher Curl (Barbell),1,20.0,8.0,,,
2023-06-28 18:00:00,Imported workout,3600,Preacher Curl (Barbell),Rest Timer,,,,90.0,
2023-06-28 18:00:00,Imported workout,3600,Preacher Curl (Barbell),2,20.0,8.0,,,
2023-06-28 18:00:00,Imported workout,3600,Preacher Curl (Barbell),Rest Timer,,,,90.0,
2023-06-28 18:00:00,Imported workout,3600,Preacher Curl (Barbell),3,20.0,10.0,,,
2023-06-28 18:00:00,Imported workout,3600,Preacher Curl (Barbell),Rest Timer,,,,90.0,
2023-06-28 18:00:00,Imported workout,3600,Lateral Raise (Dumbbell),3,8.0,10.0,,,
2023-06-28 18:00:00,Imported workout,3600,Lateral Raise (Dumbbell),Rest Timer,,,,90.0,
2023-06-28 18:00:00,Imported workout,3600,Lateral Raise (Dumbbell),2,8.0,10.0,,,
2023-06-28 18:00:00,Imported workout,3600,Lateral Raise (Dumbbell),Rest Timer,,,,90.0,
2023-06-28 18:00:00,Imported workout,3600,Lateral Raise (Dumbbell),1,8.0,10.0,,,
2023-06-28 18:00:00,Imported workout,3600,Lateral Raise (Dumbbell),Rest Timer,,,,90.0,
2023-06-28 18:00:00,Imported workout,3600,Hammer Curl (Dumbbell),1,14.0,8.0,,,
2023-06-28 18:00:00,Imported workout,3600,Hammer Curl (Dumbbell),Rest Timer,,,,90.0,
2023-06-28 18:00:00,Imported workout,3600,Hammer Curl (Dumbbell),2,14.0,8.0,,,
2023-06-28 18:00:00,Imported workout,3600,Hammer Curl (Dumbbell),Rest Timer,,,,90.0,
2023-06-28 18:00:00,Imported workout,3600,Hammer Curl (Dumbbell),3,14.0,8.0,,,
2023-06-28 18:00:00,Imported workout,3600,Hammer Curl (Dumbbell),Rest Timer,,,,90.0,
2023-06-30 18:00:00,Imported workout,3600,Romanian Deadlift (Barbell),5,60.0,8.0,,,
2023-06-30 18:00:00,Imported workout,3600,Romanian Deadlift (Barbell),Rest Timer,,,,90.0,
2023-06-30 18:00:00,Imported workout,3600,Romanian Deadlift (Barbell),4,60.0,8.0,,,
2023-06-30 18:00:00,Imported workout,3600,Romanian Deadlift (Barbell),Rest Timer,,,,90.0,
2023-06-30 18:00:00,Imported workout,3600,Romanian Deadlift (Barbell),3,60.0,8.0,,,
2023-06-30 18:00:00,Imported workout,3600,Romanian Deadlift (Barbell),Rest Timer,,,,90.0,
2023-06-30 18:00:00,Imported workout,3600,Romanian Deadlift (Barbell),1,60.0,8.0,,,
2023-06-30 18:00:00,Imported workout,3600,Romanian Deadlift (Barbell),Rest Timer,,,,90.0,
2023-06-30 18:00:00,Imported workout,3600,Romanian Deadlift (Barbell),2,60.0,8.0,,,
2023-06-30 18:00:00,Imported workout,3600,Romanian Deadlift (Barbell),Rest Timer,,,,90.0,
2023-06-30 18:00:00,Imported workout,3600,Incline Bench Press (Dumbbell),6,20.0,8.0,,,
2023-06-30 18:00:00,Imported workout,3600,Incline Bench Press (Dumbbell),Rest Timer,,,,90.0,
2023-06-30 18:00:00,Imported workout,3600,Incline Bench Press (Dumbbell),5,32.0,6.0,,,
2023-06-30 18:00:00,Imported workout,3600,Incline Bench Press (Dumbbell),Rest Timer,,,,90.0,
2023-06-30 18:00:00,Imported workout,3600,Incline Bench Press (Dumbbell),4,32.0,6.0,,,
2023-06-30 18:00:00,Imported workout,3600,Incline Bench Press (Dumbbell),Rest Timer,,,,90.0,
2023-06-30 18:00:00,Imported workout,3600,Incline Bench Press (Dumbbell),3,32.0,5.0,,,
2023-06-30 18:00:00,Imported workout,3600,Incline Bench Press (Dumbbell),Rest Timer,,,,90.0,
2023-06-30 18:00:00,Imported workout,3600,Incline Bench Press (Dumbbell),2,34.0,2.0,,,
2023-06-30 18:00:00,Imported workout,3600,Incline Bench Press (Dumbbell),Rest Timer,,,,90.0,
2023-06-30 18:00:00,Imported workout,3600,Incline Bench Press (Dumbbell),1,32.0,5.0,,,
2023-06-30 18:00:00,Imported workout,3600,Incline Bench Press (Dumbbell),Rest Timer,,,,90.0,
2023-06-30 18:00:00,Imported workout,3600,Incline Curl (Dumbbell),2,12.0,8.0,,,
2023-06-30 18:00:00,Imported workout,3600,Incline Curl (Dumbbell),Rest Timer,,,,90.0,
2023-06-30 18:00:00,Imported workout,3600,Incline Curl (Dumbbell),1,12.0,8.0,,,
2023-06-30 18:00:00,Imported workout,3600,Incline Curl (Dumbbell),Rest Timer,,,,90.0,
2023-06-30 18:00:00,Imported workout,3600,Incline Curl (Dumbbell),3,12.0,8.0,,,
2023-06-30 18:00:00,Imported workout,3600,Incline Curl (Dumbbell),Rest Timer,,,,90.0,
2023-06-30 18:00:00,Imported workout,3600,Lat Pulldown (Cable),3,59.0,8.0,,,
2023-06-30 18:00:00,Imported workout,3600,Lat Pulldown (Cable),Rest Timer,,,,90.0,
2023-06-30 18:00:00,Imported workout,3600,Lat Pulldown (Cable),2,59.0,6.0,,,
2023-06-30 18:00:00,Imported workout,3600,Lat Pulldown (Cable),Rest Timer,,,,90.0,
2023-06-30 18:00:00,Imported workout,3600,Lat Pulldown (Cable),1,59.0,6.0,,,
2023-06-30 18:00:00,Imported workout,3600,Lat Pulldown (Cable),Rest Timer,,,,90.0,
2023-06-30 18:00:00,Imported workout,3600,Triceps Pushdown (Cable - Straight Bar),2,18.0,8.0,,,
2023-06-30 18:00:00,Imported workout,3600,Triceps Pushdown (Cable - Straight Bar),Rest Timer,,,,90.0,
2023-06-30 18:00:00,Imported workout,3600,Triceps Pushdown (Cable - Straight Bar),3,18.0,8.0,,,
2023-06-30 18:00:00,Imported workout,3600,Triceps Pushdown (Cable - Straight Bar),Rest Timer,,,,90.0,
2023-06-30 18:00:00,Imported workout,3600,Triceps Pushdown (Cable - Straight Bar),1,18.0,8.0,,,
2023-06-30 18:00:00,Imported workout,3600,Triceps Pushdown (Cable - Straight Bar),Rest Timer,,,,90.0,
2023-06-30 18:00:00,Imported workout,3600,Face Pull (Cable),1,36.0,8.0,,,
2023-06-30 18:00:00,Imported workout,3600,Face Pull (Cable),Rest Timer,,,,90.0,
2023-06-30 18:00:00,Imported workout,3600,Face Pull (Cable),3,36.0,8.0,,,
2023-06-30 18:00:00,Imported workout,3600,Face Pull (Cable),Rest Timer,,,,90.0,
2023-06-30 18:00:00,Imported workout,3600,Face Pull (Cable),2,36.0,8.0,,,
2023-06-30 18:00:00,Imported workout,3600,Face Pull (Cable),Rest Timer,,,,90.0,
2023-06-30 18:00:00,Imported workout,3600,Standing Calf Raise (Machine),1,85.0,9.0,,,
2023-06-30 18:00:00,Imported workout,3600,Standing Calf Raise (Machine),Rest Timer,,,,90.0,
2023-06-30 18:00:00,Imported workout,3600,Standing Calf Raise (Machine),2,85.0,10.0,,,
2023-06-30 18:00:00,Imported workout,3600,Standing Calf Raise (Machine),Rest Timer,,,,90.0,
2023-06-30 18:00:00,Imported workout,3600,Standing Calf Raise (Machine),3,70.0,12.0,,,
2023-06-30 18:00:00,Imported workout,3600,Standing Calf Raise (Machine),Rest Timer,,,,90.0,
2023-06-30 18:00:00,Imported workout,3600,Lateral Raise (Dumbbell),1,9.0,12.0,,,
2023-06-30 18:00:00,Imported workout,3600,Lateral Raise (Dumbbell),Rest Timer,,,,90.0,
2023-07-03 18:00:00,Imported workout,3600,Pull Up,3,,8.0,,,
2023-07-03 18:00:00,Imported workout,3600,Pull Up,Rest Timer,,,,90.0,
2023-07-03 18:00:00,Imported workout,3600,Pull Up,2,,6.0,,,
2023-07-03 18:00:00,Imported workout,3600,Pull Up,Rest Timer,,,,90.0,
2023-07-03 18:00:00,Imported workout,3600,Pull Up,1,,6.0,,,
2023-07-03 18:00:00,Imported workout,3600,Pull Up,Rest Timer,,,,90.0,
2023-07-03 18:00:00,Imported workout,3600,Bench Press (Barbell),1,20.0,8.0,,,
2023-07-03 18:00:00,Imported workout,3600,Bench Press (Barbell),Rest Timer,,,,90.0,
2023-07-03 18:00:00,Imported workout,3600,Bench Press (Barbell),4,60.0,5.0,,,
2023-07-03 18:00:00,Imported workout,3600,Bench Press (Barbell),Rest Timer,,,,90.0,
2023-07-03 18:00:00,Imported workout,3600,Bench Press (Barbell),3,80.0,2.0,,,
2023-07-03 18:00:00,Imported workout,3600,Bench Press (Barbell),Rest Timer,,,,90.0,
2023-07-03 18:00:00,Imported workout,3600,Bench Press (Barbell),2,100.0,1.0,,,
2023-07-03 18:00:00,Imported workout,3600,Bench Press (Barbell),Rest Timer,,,,90.0,
2023-07-03 18:00:00,Imported workout,3600,Seated Overhead Press (Dumbbell),2,24.0,8.0,,,
2023-07-03 18:00:00,Imported workout,3600,Seated Overhead Press (Dumbbell),Rest Timer,,,,90.0,
2023-07-03 18:00:00,Imported workout,3600,Seated Overhead Press (Dumbbell),4,24.0,8.0,,,
2023-07-03 18:00:00,Imported workout,3600,Seated Overhead Press (Dumbbell),Rest Timer,,,,90.0,
2023-07-03 18:00:00,Imported workout,3600,Seated Overhead Press (Dumbbell),3,26.0,5.0,,,
2023-07-03 18:00:00,Imported workout,3600,Seated Overhead Press (Dumbbell),Rest Timer,,,,90.0,
2023-07-03 18:00:00,Imported workout,3600,Seated Overhead Press (Dumbbell),1,24.0,6.0,,,
2023-07-03 18:00:00,Imported workout,3600,Seated Overhead Press (Dumbbell),Rest Timer,,,,90.0,
2023-07-03 18:00:00,Imported workout,3600,Lateral Raise (Dumbbell),1,8.0,8.0,,,
2023-07-03 18:00:00,Imported workout,3600,Lateral Raise (Dumbbell),Rest Timer,,,,90.0,
2023-07-03 18:00:00,Imported workout,3600,Lateral Raise (Dumbbell),3,8.0,8.0,,,
2023-07-03 18:00:00,Imported workout,3600,Lateral Raise (Dumbbell),Rest Timer,,,,90.0,
2023-07-03 18:00:00,Imported workout,3600,Lateral Raise (Dumbbell),2,8.0,8.0,,,
2023-07-03 18:00:00,Imported workout,3600,Lateral Raise (Dumbbell),Rest Timer,,,,90.0,
2023-07-05 18:00:00,Imported workout,3600,Pull Up,5,,5.0,,,
2023-07-05 18:00:00,Imported workout,3600,Pull Up,Rest Timer,,,,90.0,
2023-07-05 18:00:00,Imported workout,3600,Pull Up,2,14.0,7.0,,,
2023-07-05 18:00:00,Imported workout,3600,Pull Up,Rest Timer,,,,90.0,
2023-07-05 18:00:00,Imported workout,3600,Pull Up,4,14.0,5.0,,,
2023-07-05 18:00:00,Imported workout,3600,Pull Up,Rest Timer,,,,90.0,
2023-07-05 18:00:00,Imported workout,3600,Pull Up,3,14.0,5.0,,,
2023-07-05 18:00:00,Imported workout,3600,Pull Up,Rest Timer,,,,90.0,
2023-07-05 18:00:00,Imported workout,3600,Pull Up,1,14.0,5.0,,,
2023-07-05 18:00:00,Imported workout,3600,Pull Up,Rest Timer,,,,90.0,
2023-07-05 18:00:00,Imported workout,3600,Seated Row (Machine),3,59.0,8.0,,,
2023-07-05 18:00:00,Imported workout,3600,Seated Row (Machine),Rest Timer,,,,90.0,
2023-07-05 18:00:00,Imported workout,3600,Seated Row (Machine),2,59.0,8.0,,,
2023-07-05 18:00:00,Imported workout,3600,Seated Row (Machine),Rest Timer,,,,90.0,
2023-07-05 18:00:00,Imported workout,3600,Seated Row (Machine),1,59.0,8.0,,,
2023-07-05 18:00:00,Imported workout,3600,Seated Row (Machine),Rest Timer,,,,90.0,
2023-07-05 18:00:00,Imported workout,3600,Squat (Barbell),5,15.0,8.0,,,
2023-07-05 18:00:00,Imported workout,3600,Squat (Barbell),Rest Timer,,,,90.0,
2023-07-05 18:00:00,Imported workout,3600,Squat (Barbell),4,55.0,8.0,,,
2023-07-05 18:00:00,Imported workout,3600,Squat (Barbell),Rest Timer,,,,90.0,
2023-07-05 18:00:00,Imported workout,3600,Squat (Barbell),3,55.0,8.0,,,
2023-07-05 18:00:00,Imported workout,3600,Squat (Barbell),Rest Timer,,,,90.0,
2023-07-05 18:00:00,Imported workout,3600,Squat (Barbell),2,55.0,8.0,,,
2023-07-05 18:00:00,Imported workout,3600,Squat (Barbell),Rest Timer,,,,90.0,
2023-07-05 18:00:00,Imported workout,3600,Squat (Barbell),1,55.0,8.0,,,
2023-07-05 18:00:00,Imported workout,3600,Squat (Barbell),Rest Timer,,,,90.0,
2023-07-05 18:00:00,Imported workout,3600,Squat (Barbell),6,55.0,8.0,,,
2023-07-05 18:00:00,Imported workout,3600,Squat (Barbell),Rest Timer,,,,90.0,
2023-07-05 18:00:00,Imported workout,3600,Hammer Curl (Dumbbell),4,16.0,6.0,,,
2023-07-05 18:00:00,Imported workout,3600,Hammer Curl (Dumbbell),Rest Timer,,,,90.0,
2023-07-05 18:00:00,Imported workout,3600,Hammer Curl (Dumbbell),3,16.0,6.0,,,
2023-07-05 18:00:00,Imported workout,3600,Hammer Curl (Dumbbell),Rest Timer,,,,90.0,
2023-07-05 18:00:00,Imported workout,3600,Hammer Curl (Dumbbell),2,16.0,6.0,,,
2023-07-05 18:00:00,Imported workout,3600,Hammer Curl (Dumbbell),Rest Timer,,,,90.0,
2023-07-05 18:00:00,Imported workout,3600,Hammer Curl (Dumbbell),1,16.0,6.0,,,
2023-07-05 18:00:00,Imported workout,3600,Hammer Curl (Dumbbell),Rest Timer,,,,90.0,
2023-07-05 18:00:00,Imported workout,3600,Preacher Curl (Barbell),2,20.0,7.0,,,
2023-07-05 18:00:00,Imported workout,3600,Preacher Curl (Barbell),Rest Timer,,,,90.0,
2023-07-05 18:00:00,Imported workout,3600,Preacher Curl (Barbell),3,20.0,8.0,,,
2023-07-05 18:00:00,Imported workout,3600,Preacher Curl (Barbell),Rest Timer,,,,90.0,
2023-07-05 18:00:00,Imported workout,3600,Preacher Curl (Barbell),1,20.0,8.0,,,
2023-07-05 18:00:00,Imported workout,3600,Preacher Curl (Barbell),Rest Timer,,,,90.0,
2023-07-05 18:00:00,Imported workout,3600,Lateral Raise (Dumbbell),1,8.0,8.0,,,
2023-07-05 18:00:00,Imported workout,3600,Lateral Raise (Dumbbell),Rest Timer,,,,90.0,
2023-07-05 18:00:00,Imported workout,3600,Lateral Raise (Dumbbell),3,8.0,8.0,,,
2023-07-05 18:00:00,Imported workout,3600,Lateral Raise (Dumbbell),Rest Timer,,,,90.0,
2023-07-05 18:00:00,Imported workout,3600,Lateral Raise (Dumbbell),2,8.0,8.0,,,
2023-07-05 18:00:00,Imported workout,3600,Lateral Raise (Dumbbell),Rest Timer,,,,90.0,
2023-07-05 18:00:00,Imported workout,3600,Seated Row (Cable),1,59.0,7.0,,,
2023-07-05 18:00:00,Imported workout,3600,Seated Row (Cable),Rest Timer,,,,90.0,
2023-07-05 18:00:00,Imported workout,3600,Seated Row (Cable),2,59.0,8.0,,,
2023-07-05 18:00:00,Imported workout,3600,Seated Row (Cable),Rest Timer,,,,90.0,
2023-07-05 18:00:00,Imported workout,3600,Seated Row (Cable),3,59.0,8.0,,,
2023-07-05 18:00:00,Imported workout,3600,Seated Row (Cable),Rest Timer,,,,90.0,
2023-07-07 18:00:00,Imported workout,3600,Romanian Deadlift (Barbell),5,64.0,8.0,,,
2023-07-07 18:00:00,Imported workout,3600,Romanian Deadlift (Barbell),Rest Timer,,,,90.0,
2023-07-07 18:00:00,Imported workout,3600,Romanian Deadlift (Barbell),4,64.0,8.0,,,
2023-07-07 18:00:00,Imported workout,3600,Romanian Deadlift (Barbell),Rest Timer,,,,90.0,
2023-07-07 18:00:00,Imported workout,3600,Romanian Deadlift (Barbell),3,64.0,8.0,,,
2023-07-07 18:00:00,Imported workout,3600,Romanian Deadlift (Barbell),Rest Timer,,,,90.0,
2023-07-07 18:00:00,Imported workout,3600,Romanian Deadlift (Barbell),2,64.0,8.0,,,
2023-07-07 18:00:00,Imported workout,3600,Romanian Deadlift (Barbell),Rest Timer,,,,90.0,
2023-07-07 18:00:00,Imported workout,3600,Romanian Deadlift (Barbell),1,64.0,8.0,,,
2023-07-07 18:00:00,Imported workout,3600,Romanian Deadlift (Barbell),Rest Timer,,,,90.0,
2023-07-07 18:00:00,Imported workout,3600,Incline Bench Press (Dumbbell),4,20.0,8.0,,,
2023-07-07 18:00:00,Imported workout,3600,Incline Bench Press (Dumbbell),Rest Timer,,,,90.0,
2023-07-07 18:00:00,Imported workout,3600,Incline Bench Press (Dumbbell),3,30.0,8.0,,,
2023-07-07 18:00:00,Imported workout,3600,Incline Bench Press (Dumbbell),Rest Timer,,,,90.0,
2023-07-07 18:00:00,Imported workout,3600,Incline Bench Press (Dumbbell),2,30.0,8.0,,,
2023-07-07 18:00:00,Imported workout,3600,Incline Bench Press (Dumbbell),Rest Timer,,,,90.0,
2023-07-07 18:00:00,Imported workout,3600,Incline Bench Press (Dumbbell),1,30.0,6.0,,,
2023-07-07 18:00:00,Imported workout,3600,Incline Bench Press (Dumbbell),Rest Timer,,,,90.0,
2023-07-07 18:00:00,Imported workout,3600,Leg Press,3,40.0,8.0,,,
2023-07-07 18:00:00,Imported workout,3600,Leg Press,Rest Timer,,,,90.0,
2023-07-07 18:00:00,Imported workout,3600,Leg Press,2,40.0,8.0,,,
2023-07-07 18:00:00,Imported workout,3600,Leg Press,Rest Timer,,,,90.0,
2023-07-07 18:00:00,Imported workout,3600,Leg Press,1,40.0,8.0,,,
2023-07-07 18:00:00,Imported workout,3600,Leg Press,Rest Timer,,,,90.0,
2023-07-07 18:00:00,Imported workout,3600,Standing Calf Raise (Machine),1,142.0,12.0,,,
2023-07-07 18:00:00,Imported workout,3600,Standing Calf Raise (Machine),Rest Timer,,,,90.0,
2023-07-07 18:00:00,Imported workout,3600,Standing Calf Raise (Machine),2,142.0,12.0,,,
2023-07-07 18:00:00,Imported workout,3600,Standing Calf Raise (Machine),Rest Timer,,,,90.0,
2023-07-07 18:00:00,Imported workout,3600,Standing Calf Raise (Machine),3,142.0,12.0,,,
2023-07-07 18:00:00,Imported workout,3600,Standing Calf Raise (Machine),Rest Timer,,,,90.0,
2023-07-07 18:00:00,Imported workout,3600,Lat Pulldown (Cable),1,59.0,6.0,,,
2023-07-07 18:00:00,Imported workout,3600,Lat Pulldown (Cable),Rest Timer,,,,90.0,
2023-07-07 18:00:00,Imported workout,3600,Lat Pulldown (Cable),2,59.0,6.0,,,
2023-07-07 18:00:00,Imported workout,3600,Lat Pulldown (Cable),Rest Timer,,,,90.0,
2023-07-07 18:00:00,Imported workout,3600,Lat Pulldown (Cable),3,59.0,6.0,,,
2023-07-07 18:00:00,Imported workout,3600,Lat Pulldown (Cable),Rest Timer,,,,90.0,
2023-07-07 18:00:00,Imported workout,3600,Face Pull (Cable),1,36.0,8.0,,,
2023-07-07 18:00:00,Imported workout,3600,Face Pull (Cable),Rest Timer,,,,90.0,
2023-07-07 18:00:00,Imported workout,3600,Face Pull (Cable),2,36.0,8.0,,,
2023-07-07 18:00:00,Imported workout,3600,Face Pull (Cable),Rest Timer,,,,90.0,
2023-07-07 18:00:00,Imported workout,3600,Face Pull (Cable),3,36.0,8.0,,,
2023-07-07 18:00:00,Imported workout,3600,Face Pull (Cable),Rest Timer,,,,90.0,
2023-07-10 18:00:00,Imported workout,3600,Bench Press (Dumbbell),6,18.0,10.0,,,
2023-07-10 18:00:00,Imported workout,3600,Bench Press (Dumbbell),Rest Timer,,,,90.0,
2023-07-10 18:00:00,Imported workout,3600,Bench Press (Dumbbell),1,32.0,8.0,,,
2023-07-10 18:00:00,Imported workout,3600,Bench Press (Dumbbell),Rest Timer,,,,90.0,
2023-07-10 18:00:00,Imported workout,3600,Bench Press (Dumbbell),5,32.0,8.0,,,
2023-07-10 18:00:00,Imported workout,3600,Bench Press (Dumbbell),Rest Timer,,,,90.0,
2023-07-10 18:00:00,Imported workout,3600,Bench Press (Dumbbell),4,32.0,7.0,,,
2023-07-10 18:00:00,Imported workout,3600,Bench Press (Dumbbell),Rest Timer,,,,90.0,
2023-07-10 18:00:00,Imported workout,3600,Bench Press (Dumbbell),3,32.0,5.0,,,
2023-07-10 18:00:00,Imported workout,3600,Bench Press (Dumbbell),Rest Timer,,,,90.0,
2023-07-10 18:00:00,Imported workout,3600,Bench Press (Dumbbell),2,32.0,7.0,,,
2023-07-10 18:00:00,Imported workout,3600,Bench Press (Dumbbell),Rest Timer,,,,90.0,
2023-07-10 18:00:00,Imported workout,3600,Seated Overhead Press (Dumbbell),4,20.0,5.0,,,
2023-07-10 18:00:00,Imported workout,3600,Seated Overhead Press (Dumbbell),Rest Timer,,,,90.0,
2023-07-10 18:00:00,Imported workout,3600,Seated Overhead Press (Dumbbell),3,20.0,8.0,,,
2023-07-10 18:00:00,Imported workout,3600,Seated Overhead Press (Dumbbell),Rest Timer,,,,90.0,
2023-07-10 18:00:00,Imported workout,3600,Seated Overhead Press (Dumbbell),2,22.0,8.0,,,
2023-07-10 18:00:00,Imported workout,3600,Seated Overhead Press (Dumbbell),Rest Timer,,,,90.0,
2023-07-10 18:00:00,Imported workout,3600,Seated Overhead Press (Dumbbell),1,22.0,8.0,,,
2023-07-10 18:00:00,Imported workout,3600,Seated Overhead Press (Dumbbell),Rest Timer,,,,90.0,
2023-07-10 18:00:00,Imported workout,3600,Seated Overhead Press (Dumbbell),5,20.0,8.0,,,
2023-07-10 18:00:00,Imported workout,3600,Seated Overhead Press (Dumbbell),Rest Timer,,,,90.0,
2023-07-10 18:00:00,Imported workout,3600,Chest Dip,5,10.0,2.0,,,
2023-07-10 18:00:00,Imported workout,3600,Chest Dip,Rest Timer,,,,90.0,
2023-07-10 18:00:00,Imported workout,3600,Chest Dip,4,0.0,5.0,,,
2023-07-10 18:00:00,Imported workout,3600,Chest Dip,Rest Timer,,,,90.0,
2023-07-10 18:00:00,Imported workout,3600,Chest Dip,1,0.0,5.0,,,
2023-07-10 18:00:00,Imported workout,3600,Chest Dip,Rest Timer,,,,90.0,
2023-07-10 18:00:00,Imported workout,3600,Chest Dip,2,0.0,5.0,,,
2023-07-10 18:00:00,Imported workout,3600,Chest Dip,Rest Timer,,,,90.0,
2023-07-10 18:00:00,Imported workout,3600,Chest Dip,3,0.0,5.0,,,
2023-07-10 18:00:00,Imported workout,3600,Chest Dip,Rest Timer,,,,90.0,
2023-07-10 18:00:00,Imported workout,3600,Pec Deck (Machine),1,73.0,8.0,,,
2023-07-10 18:00:00,Imported workout,3600,Pec Deck (Machine),Rest Timer,,,,90.0,
2023-07-10 18:00:00,Imported workout,3600,Pec Deck (Machine),3,73.0,10.0,,,
2023-07-10 18:00:00,Imported workout,3600,Pec Deck (Machine),Rest Timer,,,,90.0,
2023-07-10 18:00:00,Imported workout,3600,Pec Deck (Machine),2,73.0,8.0,,,
2023-07-10 18:00:00,Imported workout,3600,Pec Deck (Machine),Rest Timer,,,,90.0,
2023-07-10 18:00:00,Imported workout,3600,Bench Press - Close Grip (Barbell),2,45.0,8.0,,,
2023-07-10 18:00:00,Imported workout,3600,Bench Press - Close Grip (Barbell),Rest Timer,,,,90.0,
2023-07-10 18:00:00,Imported workout,3600,Bench Press - Close Grip (Barbell),3,45.0,8.0,,,
2023-07-10 18:00:00,Imported workout,3600,Bench Press - Close Grip (Barbell),Rest Timer,,,,90.0,
2023-07-10 18:00:00,Imported workout,3600,Bench Press - Close Grip (Barbell),1,45.0,5.0,,,
2023-07-10 18:00:00,Imported workout,3600,Bench Press - Close Grip (Barbell),Rest Timer,,,,90.0,
2023-07-11 18:00:00,Imported workout,3600,Pull Up,4,14.0,8.0,,,
2023-07-11 18:00:00,Imported workout,3600,Pull Up,Rest Timer,,,,90.0,
2023-07-11 18:00:00,Imported workout,3600,Pull Up,3,14.0,7.0,,,
2023-07-11 18:00:00,Imported workout,3600,Pull Up,Rest Timer,,,,90.0,
2023-07-11 18:00:00,Imported workout,3600,Pull Up,2,14.0,6.0,,,
2023-07-11 18:00:00,Imported workout,3600,Pull Up,Rest Timer,,,,90.0,
2023-07-11 18:00:00,Imported workout,3600,Pull Up,1,14.0,6.0,,,
2023-07-11 18:00:00,Imported workout,3600,Pull Up,Rest Timer,,,,90.0,
2023-07-11 18:00:00,Imported workout,3600,Squat (Barbell),1,25.0,8.0,,,
2023-07-11 18:00:00,Imported workout,3600,Squat (Barbell),Rest Timer,,,,90.0,
2023-07-11 18:00:00,Imported workout,3600,Squat (Barbell),3,45.0,8.0,,,
2023-07-11 18:00:00,Imported workout,3600,Squat (Barbell),Rest Timer,,,,90.0,
2023-07-11 18:00:00,Imported workout,3600,Squat (Barbell),2,75.0,8.0,,,
2023-07-11 18:00:00,Imported workout,3600,Squat (Barbell),Rest Timer,,,,90.0,
2023-07-11 18:00:00,Imported workout,3600,Seated Row (Machine),3,52.0,8.0,,,
2023-07-11 18:00:00,Imported workout,3600,Seated Row (Machine),Rest Timer,,,,90.0,
2023-07-11 18:00:00,Imported workout,3600,Seated Row (Machine),2,52.0,8.0,,,
2023-07-11 18:00:00,Imported workout,3600,Seated Row (Machine),Rest Timer,,,,90.0,
2023-07-11 18:00:00,Imported workout,3600,Seated Row (Machine),1,52.0,8.0,,,
2023-07-11 18:00:00,Imported workout,3600,Seated Row (Machine),Rest Timer,,,,90.0,
2023-07-11 18:00:00,Imported workout,3600,Seated Row (Cable),1,66.0,8.0,,,
2023-07-11 18:00:00,Imported workout,3600,Seated Row (Cable),Rest Timer,,,,90.0,
2023-07-11 18:00:00,Imported workout,3600,Seated Row (Cable),2,66.0,8.0,,,
2023-07-11 18:00:00,Imported workout,3600,Seated Row (Cable),Rest Timer,,,,90.0,
2023-07-11 18:00:00,Imported workout,3600,Seated Row (Cable),3,66.0,8.0,,,
2023-07-11 18:00:00,Imported workout,3600,Seated Row (Cable),Rest Timer,,,,90.0,
2023-07-11 18:00:00,Imported workout,3600,Hammer Curl (Dumbbell),2,14.0,8.0,,,
2023-07-11 18:00:00,Imported workout,3600,Hammer Curl (Dumbbell),Rest Timer,,,,90.0,
2023-07-11 18:00:00,Imported workout,3600,Hammer Curl (Dumbbell),3,14.0,8.0,,,
2023-07-11 18:00:00,Imported workout,3600,Hammer Curl (Dumbbell),Rest Timer,,,,90.0,
2023-07-11 18:00:00,Imported workout,3600,Hammer Curl (Dumbbell),1,14.0,8.0,,,
2023-07-11 18:00:00,Imported workout,3600,Hammer Curl (Dumbbell),Rest Timer,,,,90.0,
2023-07-13 18:00:00,Imported workout,3600,Incline Bench Press (Barbell),7,20.0,8.0,,,
2023-07-13 18:00:00,Imported workout,3600,Incline Bench Press (Barbell),Rest Timer,,,,90.0,
2023-07-13 18:00:00,Imported workout,3600,Incline Bench Press (Barbell),6,40.0,8.0,,,
2023-07-13 18:00:00,Imported workout,3600,Incline Bench Press (Barbell),Rest Timer,,,,90.0,
2023-07-13 18:00:00,Imported workout,3600,Incline Bench Press (Barbell),5,80.0,4.0,,,
2023-07-13 18:00:00,Imported workout,3600,Incline Bench Press (Barbell),Rest Timer,,,,90.0,
2023-07-13 18:00:00,Imported workout,3600,Incline Bench Press (Barbell),4,70.0,7.0,,,
2023-07-13 18:00:00,Imported workout,3600,Incline Bench Press (Barbell),Rest Timer,,,,90.0,
2023-07-13 18:00:00,Imported workout,3600,Incline Bench Press (Barbell),3,70.0,5.0,,,
2023-07-13 18:00:00,Imported workout,3600,Incline Bench Press (Barbell),Rest Timer,,,,90.0,
2023-07-13 18:00:00,Imported workout,3600,Incline Bench Press (Barbell),2,70.0,6.0,,,
2023-07-13 18:00:00,Imported workout,3600,Incline Bench Press (Barbell),Rest Timer,,,,90.0,
2023-07-13 18:00:00,Imported workout,3600,Incline Bench Press (Barbell),1,70.0,7.0,,,
2023-07-13 18:00:00,Imported workout,3600,Incline Bench Press (Barbell),Rest Timer,,,,90.0,
2023-07-13 18:00:00,Imported workout,3600,Romanian Deadlift (Barbell),4,56.0,7.0,,,
2023-07-13 18:00:00,Imported workout,3600,Romanian Deadlift (Barbell),Rest Timer,,,,90.0,
2023-07-13 18:00:00,Imported workout,3600,Romanian Deadlift (Barbell),2,56.0,5.0,,,
2023-07-13 18:00:00,Imported workout,3600,Romanian Deadlift (Barbell),Rest Timer,,,,90.0,
2023-07-13 18:00:00,Imported workout,3600,Romanian Deadlift (Barbell),3,56.0,5.0,,,
2023-07-13 18:00:00,Imported workout,3600,Romanian Deadlift (Barbell),Rest Timer,,,,90.0,
2023-07-13 18:00:00,Imported workout,3600,Romanian Deadlift (Barbell),5,56.0,5.0,,,
2023-07-13 18:00:00,Imported workout,3600,Romanian Deadlift (Barbell),Rest Timer,,,,90.0,
2023-07-13 18:00:00,Imported workout,3600,Romanian Deadlift (Barbell),1,56.0,8.0,,,
2023-07-13 18:00:00,Imported workout,3600,Romanian Deadlift (Barbell),Rest Timer,,,,90.0,
2023-07-13 18:00:00,Imported workout,3600,Preacher Curl (Barbell),1,22.5,5.0,,,
2023-07-13 18:00:00,Imported workout,3600,Preacher Curl (Barbell),Rest Timer,,,,90.0,
2023-07-13 18:00:00,Imported workout,3600,Preacher Curl (Barbell),2,22.5,5.0,,,
2023-07-13 18:00:00,Imported workout,3600,Preacher Curl (Barbell),Rest Timer,,,,90.0,
2023-07-13 18:00:00,Imported workout,3600,Preacher Curl (Barbell),3,22.5,5.0,,,
2023-07-13 18:00:00,Imported workout,3600,Preacher Curl (Barbell),Rest Timer,,,,90.0,
2023-07-13 18:00:00,Imported workout,3600,Face Pull (Cable),1,36.0,8.0,,,
2023-07-13 18:00:00,Imported workout,3600,Face Pull (Cable),Rest Timer,,,,90.0,
2023-07-13 18:00:00,Imported workout,3600,Face Pull (Cable),3,41.0,8.0,,,
2023-07-13 18:00:00,Imported workout,3600,Face Pull (Cable),Rest Timer,,,,90.0,
2023-07-13 18:00:00,Imported workout,3600,Face Pull (Cable),2,41.0,8.0,,,
2023-07-13 18:00:00,Imported workout,3600,Face Pull (Cable),Rest Timer,,,,90.0,
2023-07-13 18:00:00,Imported workout,3600,Skullcrusher (Dumbbell),1,10.0,8.0,,,
2023-07-13 18:00:00,Imported workout,3600,Skullcrusher (Dumbbell),Rest Timer,,,,90.0,
2023-07-13 18:00:00,Imported workout,3600,Skullcrusher (Dumbbell),2,10.0,8.0,,,
2023-07-13 18:00:00,Imported workout,3600,Skullcrusher (Dumbbell),Rest Timer,,,,90.0,
2023-07-13 18:00:00,Imported workout,3600,Skullcrusher (Dumbbell),3,10.0,8.0,,,
2023-07-13 18:00:00,Imported workout,3600,Skullcrusher (Dumbbell),Rest Timer,,,,90.0,
2023-07-15 18:00:00,Imported workout,3600,Bench Press (Dumbbell),5,24.0,10.0,,,
2023-07-15 18:00:00,Imported workout,3600,Bench Press (Dumbbell),Rest Timer,,,,90.0,
2023-07-15 18:00:00,Imported workout,3600,Bench Press (Dumbbell),1,32.0,6.0,,,
2023-07-15 18:00:00,Imported workout,3600,Bench Press (Dumbbell),Rest Timer,,,,90.0,
2023-07-15 18:00:00,Imported workout,3600,Bench Press (Dumbbell),2,34.0,5.0,,,
2023-07-15 18:00:00,Imported workout,3600,Bench Press (Dumbbell),Rest Timer,,,,90.0,
2023-07-15 18:00:00,Imported workout,3600,Bench Press (Dumbbell),3,34.0,5.0,,,
2023-07-15 18:00:00,Imported workout,3600,Bench Press (Dumbbell),Rest Timer,,,,90.0,
2023-07-15 18:00:00,Imported workout,3600,Bench Press (Dumbbell),4,32.0,7.0,,,
2023-07-15 18:00:00,Imported workout,3600,Bench Press (Dumbbell),Rest Timer,,,,90.0,
2023-07-15 18:00:00,Imported workout,3600,Bench Press (Dumbbell),6,32.0,6.0,,,
2023-07-15 18:00:00,Imported workout,3600,Bench Press (Dumbbell),Rest Timer,,,,90.0,
2023-07-15 18:00:00,Imported workout,3600,Seated Overhead Press (Dumbbell),2,20.0,8.0,,,
2023-07-15 18:00:00,Imported workout,3600,Seated Overhead Press (Dumbbell),Rest Timer,,,,90.0,
2023-07-15 18:00:00,Imported workout,3600,Seated Overhead Press (Dumbbell),3,22.0,8.0,,,
2023-07-15 18:00:00,Imported workout,3600,Seated Overhead Press (Dumbbell),Rest Timer,,,,90.0,
2023-07-15 18:00:00,Imported workout,3600,Seated Overhead Press (Dumbbell),4,22.0,8.0,,,
2023-07-15 18:00:00,Imported workout,3600,Seated Overhead Press (Dumbbell),Rest Timer,,,,90.0,
2023-07-15 18:00:00,Imported workout,3600,Seated Overhead Press (Dumbbell),5,22.0,8.0,,,
2023-07-15 18:00:00,Imported workout,3600,Seated Overhead Press (Dumbbell),Rest Timer,,,,90.0,
2023-07-15 18:00:00,Imported workout,3600,Seated Overhead Press (Dumbbell),1,22.0,8.0,,,
2023-07-15 18:00:00,Imported workout,3600,Seated Overhead Press (Dumbbell),Rest Timer,,,,90.0,
2023-07-15 18:00:00,Imported workout,3600,Chest Dip,5,0.0,8.0,,,
2023-07-15 18:00:00,Imported workout,3600,Chest Dip,Rest Timer,,,,90.0,
2023-07-15 18:00:00,Imported workout,3600,Chest Dip,4,0.0,8.0,,,
2023-07-15 18:00:00,Imported workout,3600,Chest Dip,Rest Timer,,,,90.0,
2023-07-15 18:00:00,Imported workout,3600,Chest Dip,3,0.0,8.0,,,
2023-07-15 18:00:00,Imported workout,3600,Chest Dip,Rest Timer,,,,90.0,
2023-07-15 18:00:00,Imported workout,3600,Chest Dip,1,0.0,8.0,,,
2023-07-15 18:00:00,Imported workout,3600,Chest Dip,Rest Timer,,,,90.0,
2023-07-15 18:00:00,Imported workout,3600,Chest Dip,2,0.0,8.0,,,
2023-07-15 18:00:00,Imported workout,3600,Chest Dip,Rest Timer,,,,90.0,
2023-07-15 18:00:00,Imported workout,3600,Lateral Raise (Dumbbell),1,10.0,8.0,,,
2023-07-15 18:00:00,Imported workout,3600,Lateral Raise (Dumbbell),Rest Timer,,,,90.0,
2023-07-15 18:00:00,Imported workout,3600,Lateral Raise (Dumbbell),2,10.0,8.0,,,
2023-07-15 18:00:00,Imported workout,3600,Lateral Raise (Dumbbell),Rest Timer,,,,90.0,
2023-07-15 18:00:00,Imported workout,3600,Lateral Raise (Dumbbell),3,10.0,8.0,,,
2023-07-15 18:00:00,Imported workout,3600,Lateral Raise (Dumbbell),Rest Timer,,,,90.0,
2023-07-15 18:00:00,Imported workout,3600,Pec Deck (Machine),1,73.0,5.0,,,
2023-07-15 18:00:00,Imported workout,3600,Pec Deck (Machine),Rest Timer,,,,90.0,
2023-07-15 18:00:00,Imported workout,3600,Pec Deck (Machine),2,73.0,5.0,,,
2023-07-15 18:00:00,Imported workout,3600,Pec Deck (Machine),Rest Timer,,,,90.0,
2023-07-15 18:00:00,Imported workout,3600,Pec Deck (Machine),3,73.0,7.0,,,
2023-07-15 18:00:00,Imported workout,3600,Pec Deck (Machine),Rest Timer,,,,90.0,
2023-07-15 18:00:00,Imported workout,3600,Bench Press - Close Grip (Barbell),2,50.0,8.0,,,
2023-07-15 18:00:00,Imported workout,3600,Bench Press - Close Grip (Barbell),Rest Timer,,,,90.0,
2023-07-15 18:00:00,Imported workout,3600,Bench Press - Close Grip (Barbell),1,55.0,7.0,,,
2023-07-15 18:00:00,Imported workout,3600,Bench Press - Close Grip (Barbell),Rest Timer,,,,90.0,
2023-07-17 18:00:00,Imported workout,3600,Pull Up,5,16.0,8.0,,,
2023-07-17 18:00:00,Imported workout,3600,Pull Up,Rest Timer,,,,90.0,
2023-07-17 18:00:00,Imported workout,3600,Pull Up,4,16.0,6.0,,,
2023-07-17 18:00:00,Imported workout,3600,Pull Up,Rest Timer,,,,90.0,
2023-07-17 18:00:00,Imported workout,3600,Pull Up,1,16.0,6.0,,,
2023-07-17 18:00:00,Imported workout,3600,Pull Up,Rest Timer,,,,90.0,
2023-07-17 18:00:00,Imported workout,3600,Pull Up,3,16.0,5.0,,,
2023-07-17 18:00:00,Imported workout,3600,Pull Up,Rest Timer,,,,90.0,
2023-07-17 18:00:00,Imported workout,3600,Pull Up,2,16.0,5.0,,,
2023-07-17 18:00:00,Imported workout,3600,Pull Up,Rest Timer,,,,90.0,
2023-07-17 18:00:00,Imported workout,3600,Leg Extension (Machine),4,66.0,10.0,,,
2023-07-17 18:00:00,Imported workout,3600,Leg Extension (Machine),Rest Timer,,,,90.0,
2023-07-17 18:00:00,Imported workout,3600,Lying Leg Curl (Machine),3,45.0,8.0,,,
2023-07-17 18:00:00,Imported workout,3600,Lying Leg Curl (Machine),Rest Timer,,,,90.0,
2023-07-17 18:00:00,Imported workout,3600,Lying Leg Curl (Machine),2,52.0,8.0,,,
2023-07-17 18:00:00,Imported workout,3600,Lying Leg Curl (Machine),Rest Timer,,,,90.0,
2023-07-17 18:00:00,Imported workout,3600,Leg Extension (Machine),3,73.0,8.0,,,
2023-07-17 18:00:00,Imported workout,3600,Leg Extension (Machine),Rest Timer,,,,90.0,
2023-07-17 18:00:00,Imported workout,3600,Lying Leg Curl (Machine),1,59.0,8.0,,,
2023-07-17 18:00:00,Imported workout,3600,Lying Leg Curl (Machine),Rest Timer,,,,90.0,
2023-07-17 18:00:00,Imported workout,3600,Lying Leg Curl (Machine),4,59.0,8.0,,,
2023-07-17 18:00:00,Imported workout,3600,Lying Leg Curl (Machine),Rest Timer,,,,90.0,
2023-07-17 18:00:00,Imported workout,3600,Leg Extension (Machine),2,73.0,8.0,,,
2023-07-17 18:00:00,Imported workout,3600,Leg Extension (Machine),Rest Timer,,,,90.0,
2023-07-17 18:00:00,Imported workout,3600,Leg Extension (Machine),1,73.0,8.0,,,
2023-07-17 18:00:00,Imported workout,3600,Leg Extension (Machine),Rest Timer,,,,90.0,
2023-07-17 18:00:00,Imported workout,3600,Seated Row (Machine),1,52.0,8.0,,,
2023-07-17 18:00:00,Imported workout,3600,Seated Row (Machine),Rest Timer,,,,90.0,
2023-07-17 18:00:00,Imported workout,3600,Seated Row (Machine),3,59.0,8.0,,,
2023-07-17 18:00:00,Imported workout,3600,Seated Row (Machine),Rest Timer,,,,90.0,
2023-07-17 18:00:00,Imported workout,3600,Seated Row (Machine),2,59.0,8.0,,,
2023-07-17 18:00:00,Imported workout,3600,Seated Row (Machine),Rest Timer,,,,90.0,
2023-07-17 18:00:00,Imported workout,3600,Preacher Curl (Barbell),3,20.0,8.0,,,
2023-07-17 18:00:00,Imported workout,3600,Preacher Curl (Barbell),Rest Timer,,,,90.0,
2023-07-17 18:00:00,Imported workout,3600,Preacher Curl (Barbell),2,25.0,8.0,,,
2023-07-17 18:00:00,Imported workout,3600,Preacher Curl (Barbell),Rest Timer,,,,90.0,
2023-07-17 18:00:00,Imported workout,3600,Preacher Curl (Barbell),1,25.0,5.0,,,
2023-07-17 18:00:00,Imported workout,3600,Preacher Curl (Barbell),Rest Timer,,,,90.0,
2023-07-17 18:00:00,Imported workout,3600,Hammer Curl (Dumbbell),3,14.0,6.0,,,
2023-07-17 18:00:00,Imported workout,3600,Hammer Curl (Dumbbell),Rest Timer,,,,90.0,
2023-07-17 18:00:00,Imported workout,3600,Hammer Curl (Dumbbell),2,14.0,8.0,,,
2023-07-17 18:00:00,Imported workout,3600,Hammer Curl (Dumbbell),Rest Timer,,,,90.0,
2023-07-17 18:00:00,Imported workout,3600,Hammer Curl (Dumbbell),1,14.0,8.0,,,
2023-07-17 18:00:00,Imported workout,3600,Hammer Curl (Dumbbell),Rest Timer,,,,90.0,
2023-07-19 18:00:00,Imported workout,3600,Romanian Deadlift (Barbell),1,68.0,8.0,,,
2023-07-19 18:00:00,Imported workout,3600,Romanian Deadlift (Barbell),Rest Timer,,,,90.0,
2023-07-19 18:00:00,Imported workout,3600,Romanian Deadlift (Barbell),2,68.0,8.0,,,
2023-07-19 18:00:00,Imported workout,3600,Romanian Deadlift (Barbell),Rest Timer,,,,90.0,
2023-07-19 18:00:00,Imported workout,3600,Romanian Deadlift (Barbell),5,68.0,8.0,,,
2023-07-19 18:00:00,Imported workout,3600,Romanian Deadlift (Barbell),Rest Timer,,,,90.0,
2023-07-19 18:00:00,Imported workout,3600,Romanian Deadlift (Barbell),3,68.0,8.0,,,
2023-07-19 18:00:00,Imported workout,3600,Romanian Deadlift (Barbell),Rest Timer,,,,90.0,
2023-07-19 18:00:00,Imported workout,3600,Romanian Deadlift (Barbell),4,68.0,6.0,,,
2023-07-19 18:00:00,Imported workout,3600,Romanian Deadlift (Barbell),Rest Timer,,,,90.0,
2023-07-19 18:00:00,Imported workout,3600,Incline Bench Press (Smith Machine),5,60.0,8.0,,,
2023-07-19 18:00:00,Imported workout,3600,Incline Bench Press (Smith Machine),Rest Timer,,,,90.0,
2023-07-19 18:00:00,Imported workout,3600,Incline Bench Press (Smith Machine),2,80.0,8.0,,,
2023-07-19 18:00:00,Imported workout,3600,Incline Bench Press (Smith Machine),Rest Timer,,,,90.0,
2023-07-19 18:00:00,Imported workout,3600,Incline Bench Press (Smith Machine),1,80.0,5.0,,,
2023-07-19 18:00:00,Imported workout,3600,Incline Bench Press (Smith Machine),Rest Timer,,,,90.0,
2023-07-19 18:00:00,Imported workout,3600,Incline Bench Press (Smith Machine),3,80.0,6.0,,,
2023-07-19 18:00:00,Imported workout,3600,Incline Bench Press (Smith Machine),Rest Timer,,,,90.0,
2023-07-19 18:00:00,Imported workout,3600,Incline Bench Press (Smith Machine),4,80.0,5.0,,,
2023-07-19 18:00:00,Imported workout,3600,Incline Bench Press (Smith Machine),Rest Timer,,,,90.0,
2023-07-19 18:00:00,Imported workout,3600,Leg Press,3,50.0,8.0,,,
2023-07-19 18:00:00,Imported workout,3600,Leg Press,Rest Timer,,,,90.0,
2023-07-19 18:00:00,Imported workout,3600,Leg Press,1,50.0,8.0,,,
2023-07-19 18:00:00,Imported workout,3600,Leg Press,Rest Timer,,,,90.0,
2023-07-19 18:00:00,Imported workout,3600,Leg Press,2,50.0,8.0,,,
2023-07-19 18:00:00,Imported workout,3600,Leg Press,Rest Timer,,,,90.0,
2023-07-19 18:00:00,Imported workout,3600,Standing Calf Raise (Machine),3,80.0,8.0,,,
2023-07-19 18:00:00,Imported workout,3600,Standing Calf Raise (Machine),Rest Timer,,,,90.0,
2023-07-19 18:00:00,Imported workout,3600,Standing Calf Raise (Machine),1,80.0,8.0,,,
2023-07-19 18:00:00,Imported workout,3600,Standing Calf Raise (Machine),Rest Timer,,,,90.0,
2023-07-19 18:00:00,Imported workout,3600,Standing Calf Raise (Machine),2,80.0,8.0,,,
2023-07-19 18:00:00,Imported workout,3600,Standing Calf Raise (Machine),Rest Timer,,,,90.0,
2023-07-19 18:00:00,Imported workout,3600,Reverse Fly (Machine),2,32.0,8.0,,,
2023-07-19 18:00:00,Imported workout,3600,Reverse Fly (Machine),Rest Timer,,,,90.0,
2023-07-19 18:00:00,Imported workout,3600,Reverse Fly (Machine),1,52.0,8.0,,,
2023-07-19 18:00:00,Imported workout,3600,Reverse Fly (Machine),Rest Timer,,,,90.0,
2023-07-19 18:00:00,Imported workout,3600,Reverse Fly (Machine),3,59.0,8.0,,,
2023-07-19 18:00:00,Imported workout,3600,Reverse Fly (Machine),Rest Timer,,,,90.0,
2023-07-19 18:00:00,Imported workout,3600,Reverse Fly (Machine),4,59.0,8.0,,,
2023-07-19 18:00:00,Imported workout,3600,Reverse Fly (Machine),Rest Timer,,,,90.0,
2023-07-19 18:00:00,Imported workout,3600,Triceps Pushdown (Cable - Straight Bar),4,18.0,8.0,,,
2023-07-19 18:00:00,Imported workout,3600,Triceps Pushdown (Cable - Straight Bar),Rest Timer,,,,90.0,
2023-07-19 18:00:00,Imported workout,3600,Triceps Pushdown (Cable - Straight Bar),1,23.0,8.0,,,
2023-07-19 18:00:00,Imported workout,3600,Triceps Pushdown (Cable - Straight Bar),Rest Timer,,,,90.0,
2023-07-19 18:00:00,Imported workout,3600,Triceps Pushdown (Cable - Straight Bar),2,23.0,8.0,,,
2023-07-19 18:00:00,Imported workout,3600,Triceps Pushdown (Cable - Straight Bar),Rest Timer,,,,90.0,
2023-07-19 18:00:00,Imported workout,3600,Triceps Pushdown (Cable - Straight Bar),3,23.0,8.0,,,
2023-07-19 18:00:00,Imported workout,3600,Triceps Pushdown (Cable - Straight Bar),Rest Timer,,,,90.0,
2023-07-19 18:00:00,Imported workout,3600,Bicep Curl (Barbell),2,50.0,6.0,,,
2023-07-19 18:00:00,Imported workout,3600,Bicep Curl (Barbell),Rest Timer,,,,90.0,
2023-07-19 18:00:00,Imported workout,3600,Bicep Curl (Barbell),1,50.0,7.0,,,
2023-07-19 18:00:00,Imported workout,3600,Bicep Curl (Barbell),Rest Timer,,,,90.0,
2023-07-22 18:00:00,Imported workout,3600,Bench Press (Barbell),6,20.0,8.0,,,
2023-07-22 18:00:00,Imported workout,3600,Bench Press (Barbell),Rest Timer,,,,90.0,
2023-07-22 18:00:00,Imported workout,3600,Bench Press (Barbell),5,50.0,8.0,,,
2023-07-22 18:00:00,Imported workout,3600,Bench Press (Barbell),Rest Timer,,,,90.0,
2023-07-22 18:00:00,Imported workout,3600,Bench Press (Barbell),4,80.0,8.0,,,
2023-07-22 18:00:00,Imported workout,3600,Bench Press (Barbell),Rest Timer,,,,90.0,
2023-07-22 18:00:00,Imported workout,3600,Bench Press (Barbell),3,85.0,5.0,,,
2023-07-22 18:00:00,Imported workout,3600,Bench Press (Barbell),Rest Timer,,,,90.0,
2023-07-22 18:00:00,Imported workout,3600,Bench Press (Barbell),2,90.0,3.0,,,
2023-07-22 18:00:00,Imported workout,3600,Bench Press (Barbell),Rest Timer,,,,90.0,
2023-07-22 18:00:00,Imported workout,3600,Bench Press (Barbell),1,85.0,4.0,,,
2023-07-22 18:00:00,Imported workout,3600,Bench Press (Barbell),Rest Timer,,,,90.0,
2023-07-22 18:00:00,Imported workout,3600,Bench Press (Barbell),7,85.0,4.0,,,
2023-07-22 18:00:00,Imported workout,3600,Bench Press (Barbell),Rest Timer,,,,90.0,
2023-07-22 18:00:00,Imported workout,3600,Seated Overhead Press (Dumbbell),3,22.0,8.0,,,
2023-07-22 18:00:00,Imported workout,3600,Seated Overhead Press (Dumbbell),Rest Timer,,,,90.0,
2023-07-22 18:00:00,Imported workout,3600,Seated Overhead Press (Dumbbell),2,24.0,5.0,,,
2023-07-22 18:00:00,Imported workout,3600,Seated Overhead Press (Dumbbell),Rest Timer,,,,90.0,
2023-07-22 18:00:00,Imported workout,3600,Seated Overhead Press (Dumbbell),1,24.0,5.0,,,
2023-07-22 18:00:00,Imported workout,3600,Seated Overhead Press (Dumbbell),Rest Timer,,,,90.0,
2023-07-22 18:00:00,Imported workout,3600,Chest Dip,4,10.0,4.0,,,
2023-07-22 18:00:00,Imported workout,3600,Chest Dip,Rest Timer,,,,90.0,
2023-07-22 18:00:00,Imported workout,3600,Chest Dip,3,10.0,3.0,,,
2023-07-22 18:00:00,Imported workout,3600,Chest Dip,Rest Timer,,,,90.0,
2023-07-22 18:00:00,Imported workout,3600,Chest Dip,2,0.0,8.0,,,
2023-07-22 18:00:00,Imported workout,3600,Chest Dip,Rest Timer,,,,90.0,
2023-07-22 18:00:00,Imported workout,3600,Chest Dip,1,0.0,6.0,,,
2023-07-22 18:00:00,Imported workout,3600,Chest Dip,Rest Timer,,,,90.0,
2023-07-24 18:00:00,Imported workout,3600,Pull Up,5,20.0,6.0,,,
2023-07-24 18:00:00,Imported workout,3600,Pull Up,Rest Timer,,,,90.0,
2023-07-24 18:00:00,Imported workout,3600,Pull Up,4,20.0,5.0,,,
2023-07-24 18:00:00,Imported workout,3600,Pull Up,Rest Timer,,,,90.0,
2023-07-24 18:00:00,Imported workout,3600,Pull Up,3,20.0,4.0,,,
2023-07-24 18:00:00,Imported workout,3600,Pull Up,Rest Timer,,,,90.0,
2023-07-24 18:00:00,Imported workout,3600,Pull Up,2,20.0,4.0,,,
2023-07-24 18:00:00,Imported workout,3600,Pull Up,Rest Timer,,,,90.0,
2023-07-24 18:00:00,Imported workout,3600,Pull Up,1,20.0,3.0,,,
2023-07-24 18:00:00,Imported workout,3600,Pull Up,Rest Timer,,,,90.0,
2023-07-24 18:00:00,Imported workout,3600,Squat (Barbell),4,60.0,8.0,,,
2023-07-24 18:00:00,Imported workout,3600,Squat (Barbell),Rest Timer,,,,90.0,
2023-07-24 18:00:00,Imported workout,3600,Squat (Barbell),3,90.0,5.0,,,
2023-07-24 18:00:00,Imported workout,3600,Squat (Barbell),Rest Timer,,,,90.0,
2023-07-24 18:00:00,Imported workout,3600,Squat (Barbell),2,90.0,5.0,,,
2023-07-24 18:00:00,Imported workout,3600,Squat (Barbell),Rest Timer,,,,90.0,
2023-07-24 18:00:00,Imported workout,3600,Squat (Barbell),5,90.0,5.0,,,
2023-07-24 18:00:00,Imported workout,3600,Squat (Barbell),Rest Timer,,,,90.0,
2023-07-24 18:00:00,Imported workout,3600,Squat (Barbell),1,90.0,5.0,,,
2023-07-24 18:00:00,Imported workout,3600,Squat (Barbell),Rest Timer,,,,90.0,
2023-07-24 18:00:00,Imported workout,3600,Seated Row (Machine),1,52.0,8.0,,,
2023-07-24 18:00:00,Imported workout,3600,Seated Row (Machine),Rest Timer,,,,90.0,
2023-07-24 18:00:00,Imported workout,3600,Seated Row (Machine),3,61.0,8.0,,,
2023-07-24 18:00:00,Imported workout,3600,Seated Row (Machine),Rest Timer,,,,90.0,
2023-07-24 18:00:00,Imported workout,3600,Seated Row (Machine),2,61.0,8.0,,,
2023-07-24 18:00:00,Imported workout,3600,Seated Row (Machine),Rest Timer,,,,90.0,
2023-07-24 18:00:00,Imported workout,3600,Seated Row (Cable),3,66.0,8.0,,,
2023-07-24 18:00:00,Imported workout,3600,Seated Row (Cable),Rest Timer,,,,90.0,
2023-07-24 18:00:00,Imported workout,3600,Seated Row (Cable),2,66.0,8.0,,,
2023-07-24 18:00:00,Imported workout,3600,Seated Row (Cable),Rest Timer,,,,90.0,
2023-07-24 18:00:00,Imported workout,3600,Seated Row (Cable),1,66.0,8.0,,,
2023-07-24 18:00:00,Imported workout,3600,Seated Row (Cable),Rest Timer,,,,90.0,
2023-07-24 18:00:00,Imported workout,3600,Preacher Curl (Barbell),1,22.5,8.0,,,
2023-07-24 18:00:00,Imported workout,3600,Preacher Curl (Barbell),Rest Timer,,,,90.0,
2023-07-24 18:00:00,Imported workout,3600,Preacher Curl (Barbell),2,22.5,7.0,,,
2023-07-24 18:00:00,Imported workout,3600,Preacher Curl (Barbell),Rest Timer,,,,90.0,
2023-07-26 18:00:00,Imported workout,3600,Romanian Deadlift (Barbell),5,64.0,8.0,,,
2023-07-26 18:00:00,Imported workout,3600,Romanian Deadlift (Barbell),Rest Timer,,,,90.0,
2023-07-26 18:00:00,Imported workout,3600,Romanian Deadlift (Barbell),4,64.0,8.0,,,
2023-07-26 18:00:00,Imported workout,3600,Romanian Deadlift (Barbell),Rest Timer,,,,90.0,
2023-07-26 18:00:00,Imported workout,3600,Romanian Deadlift (Barbell),3,64.0,8.0,,,
2023-07-26 18:00:00,Imported workout,3600,Romanian Deadlift (Barbell),Rest Timer,,,,90.0,
2023-07-26 18:00:00,Imported workout,3600,Romanian Deadlift (Barbell),2,64.0,5.0,,,
2023-07-26 18:00:00,Imported workout,3600,Romanian Deadlift (Barbell),Rest Timer,,,,90.0,
2023-07-26 18:00:00,Imported workout,3600,Romanian Deadlift (Barbell),1,64.0,5.0,,,
2023-07-26 18:00:00,Imported workout,3600,Romanian Deadlift (Barbell),Rest Timer,,,,90.0,
2023-07-26 18:00:00,Imported workout,3600,Incline Bench Press (Dumbbell),5,22.0,8.0,,,
2023-07-26 18:00:00,Imported workout,3600,Incline Bench Press (Dumbbell),Rest Timer,,,,90.0,
2023-07-26 18:00:00,Imported workout,3600,Incline Bench Press (Dumbbell),4,30.0,8.0,,,
2023-07-26 18:00:00,Imported workout,3600,Incline Bench Press (Dumbbell),Rest Timer,,,,90.0,
2023-07-26 18:00:00,Imported workout,3600,Incline Bench Press (Dumbbell),3,30.0,5.0,,,
2023-07-26 18:00:00,Imported workout,3600,Incline Bench Press (Dumbbell),Rest Timer,,,,90.0,
2023-07-26 18:00:00,Imported workout,3600,Incline Bench Press (Dumbbell),1,30.0,8.0,,,
2023-07-26 18:00:00,Imported workout,3600,Incline Bench Press (Dumbbell),Rest Timer,,,,90.0,
2023-07-26 18:00:00,Imported workout,3600,Incline Bench Press (Dumbbell),2,30.0,8.0,,,
2023-07-26 18:00:00,Imported workout,3600,Incline Bench Press (Dumbbell),Rest Timer,,,,90.0,
2023-07-26 18:00:00,Imported workout,3600,Leg Press,3,50.0,8.0,,,
2023-07-26 18:00:00,Imported workout,3600,Leg Press,Rest Timer,,,,90.0,
2023-07-26 18:00:00,Imported workout,3600,Leg Press,2,50.0,8.0,,,
2023-07-26 18:00:00,Imported workout,3600,Leg Press,Rest Timer,,,,90.0,
2023-07-26 18:00:00,Imported workout,3600,Leg Press,1,50.0,8.0,,,
2023-07-26 18:00:00,Imported workout,3600,Leg Press,Rest Timer,,,,90.0,
2023-07-26 18:00:00,Imported workout,3600,Standing Calf Raise (Machine),1,142.0,12.0,,,
2023-07-26 18:00:00,Imported workout,3600,Standing Calf Raise (Machine),Rest Timer,,,,90.0,
2023-07-26 18:00:00,Imported workout,3600,Standing Calf Raise (Machine),2,142.0,10.0,,,
2023-07-26 18:00:00,Imported workout,3600,Standing Calf Raise (Machine),Rest Timer,,,,90.0,
2023-07-26 18:00:00,Imported workout,3600,Standing Calf Raise (Machine),3,142.0,10.0,,,
2023-07-26 18:00:00,Imported workout,3600,Standing Calf Raise (Machine),Rest Timer,,,,90.0,
2023-07-26 18:00:00,Imported workout,3600,Face Pull (Cable),1,36.0,8.0,,,
2023-07-26 18:00:00,Imported workout,3600,Face Pull (Cable),Rest Timer,,,,90.0,
2023-07-26 18:00:00,Imported workout,3600,Face Pull (Cable),3,36.0,8.0,,,
2023-07-26 18:00:00,Imported workout,3600,Face Pull (Cable),Rest Timer,,,,90.0,
2023-07-26 18:00:00,Imported workout,3600,Face Pull (Cable),2,36.0,8.0,,,
2023-07-26 18:00:00,Imported workout,3600,Face Pull (Cable),Rest Timer,,,,90.0,
2023-07-26 18:00:00,Imported workout,3600,Bicep Curl (Cable),1,27.0,8.0,,,
2023-07-26 18:00:00,Imported workout,3600,Bicep Curl (Cable),Rest Timer,,,,90.0,
2023-07-26 18:00:00,Imported workout,3600,Bicep Curl (Cable),2,22.0,8.0,,,
2023-07-26 18:00:00,Imported workout,3600,Bicep Curl (Cable),Rest Timer,,,,90.0,
2023-07-26 18:00:00,Imported workout,3600,Bicep Curl (Cable),3,22.0,8.0,,,
2023-07-26 18:00:00,Imported workout,3600,Bicep Curl (Cable),Rest Timer,,,,90.0,
2023-07-28 18:00:00,Imported workout,3600,Bench Press (Dumbbell),5,20.0,8.0,,,
2023-07-28 18:00:00,Imported workout,3600,Bench Press (Dumbbell),Rest Timer,,,,90.0,
2023-07-28 18:00:00,Imported workout,3600,Bench Press (Dumbbell),4,34.0,7.0,,,
2023-07-28 18:00:00,Imported workout,3600,Bench Press (Dumbbell),Rest Timer,,,,90.0,
2023-07-28 18:00:00,Imported workout,3600,Bench Press (Dumbbell),3,36.0,5.0,,,
2023-07-28 18:00:00,Imported workout,3600,Bench Press (Dumbbell),Rest Timer,,,,90.0,
2023-07-28 18:00:00,Imported workout,3600,Bench Press (Dumbbell),2,36.0,5.0,,,
2023-07-28 18:00:00,Imported workout,3600,Bench Press (Dumbbell),Rest Timer,,,,90.0,
2023-07-28 18:00:00,Imported workout,3600,Bench Press (Dumbbell),6,36.0,5.0,,,
2023-07-28 18:00:00,Imported workout,3600,Bench Press (Dumbbell),Rest Timer,,,,90.0,
2023-07-28 18:00:00,Imported workout,3600,Bench Press (Dumbbell),1,36.0,3.0,,,
2023-07-28 18:00:00,Imported workout,3600,Bench Press (Dumbbell),Rest Timer,,,,90.0,
2023-07-28 18:00:00,Imported workout,3600,Seated Overhead Press (Dumbbell),4,24.0,5.0,,,
2023-07-28 18:00:00,Imported workout,3600,Seated Overhead Press (Dumbbell),Rest Timer,,,,90.0,
2023-07-28 18:00:00,Imported workout,3600,Seated Overhead Press (Dumbbell),3,24.0,8.0,,,
2023-07-28 18:00:00,Imported workout,3600,Seated Overhead Press (Dumbbell),Rest Timer,,,,90.0,
2023-07-28 18:00:00,Imported workout,3600,Seated Overhead Press (Dumbbell),2,24.0,7.0,,,
2023-07-28 18:00:00,Imported workout,3600,Seated Overhead Press (Dumbbell),Rest Timer,,,,90.0,
2023-07-28 18:00:00,Imported workout,3600,Seated Overhead Press (Dumbbell),1,24.0,5.0,,,
2023-07-28 18:00:00,Imported workout,3600,Seated Overhead Press (Dumbbell),Rest Timer,,,,90.0,
2023-07-30 18:00:00,Imported workout,3600,Pull Up,5,20.0,6.0,,,
2023-07-30 18:00:00,Imported workout,3600,Pull Up,Rest Timer,,,,90.0,
2023-07-30 18:00:00,Imported workout,3600,Pull Up,4,20.0,5.0,,,
2023-07-30 18:00:00,Imported workout,3600,Pull Up,Rest Timer,,,,90.0,
2023-07-30 18:00:00,Imported workout,3600,Pull Up,3,20.0,4.0,,,
2023-07-30 18:00:00,Imported workout,3600,Pull Up,Rest Timer,,,,90.0,
2023-07-30 18:00:00,Imported workout,3600,Pull Up,2,20.0,7.0,,,
2023-07-30 18:00:00,Imported workout,3600,Pull Up,Rest Timer,,,,90.0,
2023-07-30 18:00:00,Imported workout,3600,Pull Up,1,20.0,3.0,,,
2023-07-30 18:00:00,Imported workout,3600,Pull Up,Rest Timer,,,,90.0,
2023-07-30 18:00:00,Imported workout,3600,Squat (Barbell),5,70.0,6.0,,,
2023-07-30 18:00:00,Imported workout,3600,Squat (Barbell),Rest Timer,,,,90.0,
2023-07-30 18:00:00,Imported workout,3600,Squat (Barbell),4,70.0,8.0,,,
2023-07-30 18:00:00,Imported workout,3600,Squat (Barbell),Rest Timer,,,,90.0,
2023-07-30 18:00:00,Imported workout,3600,Squat (Barbell),3,70.0,8.0,,,
2023-07-30 18:00:00,Imported workout,3600,Squat (Barbell),Rest Timer,,,,90.0,
2023-07-30 18:00:00,Imported workout,3600,Squat (Barbell),2,70.0,8.0,,,
2023-07-30 18:00:00,Imported workout,3600,Squat (Barbell),Rest Timer,,,,90.0,
2023-07-30 18:00:00,Imported workout,3600,Squat (Barbell),1,70.0,8.0,,,
2023-07-30 18:00:00,Imported workout,3600,Squat (Barbell),Rest Timer,,,,90.0,
2023-07-30 18:00:00,Imported workout,3600,Seated Row (Machine),3,59.0,8.0,,,
2023-07-30 18:00:00,Imported workout,3600,Seated Row (Machine),Rest Timer,,,,90.0,
2023-07-30 18:00:00,Imported workout,3600,Seated Row (Machine),2,59.0,8.0,,,
2023-07-30 18:00:00,Imported workout,3600,Seated Row (Machine),Rest Timer,,,,90.0,
2023-07-30 18:00:00,Imported workout,3600,Seated Row (Machine),1,59.0,8.0,,,
2023-07-30 18:00:00,Imported workout,3600,Seated Row (Machine),Rest Timer,,,,90.0,
2023-07-30 18:00:00,Imported workout,3600,Lat Pulldown (Cable),2,59.0,8.0,,,
2023-07-30 18:00:00,Imported workout,3600,Lat Pulldown (Cable),Rest Timer,,,,90.0,
2023-07-30 18:00:00,Imported workout,3600,Lat Pulldown (Cable),3,59.0,8.0,,,
2023-07-30 18:00:00,Imported workout,3600,Lat Pulldown (Cable),Rest Timer,,,,90.0,
2023-07-30 18:00:00,Imported workout,3600,Lat Pulldown (Cable),1,59.0,8.0,,,
2023-07-30 18:00:00,Imported workout,3600,Lat Pulldown (Cable),Rest Timer,,,,90.0,
2023-07-30 18:00:00,Imported workout,3600,Preacher Curl (Barbell),4,22.5,8.0,,,
2023-07-30 18:00:00,Imported workout,3600,Preacher Curl (Barbell),Rest Timer,,,,90.0,
2023-07-30 18:00:00,Imported workout,3600,Preacher Curl (Barbell),3,22.5,8.0,,,
2023-07-30 18:00:00,Imported workout,3600,Preacher Curl (Barbell),Rest Timer,,,,90.0,
2023-07-30 18:00:00,Imported workout,3600,Preacher Curl (Barbell),2,22.5,8.0,,,
2023-07-30 18:00:00,Imported workout,3600,Preacher Curl (Barbell),Rest Timer,,,,90.0,
2023-07-30 18:00:00,Imported workout,3600,Preacher Curl (Barbell),1,22.5,8.0,,,
2023-07-30 18:00:00,Imported workout,3600,Preacher Curl (Barbell),Rest Timer,,,,90.0,
2023-07-30 18:00:00,Imported workout,3600,Hammer Curl (Dumbbell),3,12.0,8.0,,,
2023-07-30 18:00:00,Imported workout,3600,Hammer Curl (Dumbbell),Rest Timer,,,,90.0,
2023-07-30 18:00:00,Imported workout,3600,Hammer Curl (Dumbbell),2,12.0,10.0,,,
2023-07-30 18:00:00,Imported workout,3600,Hammer Curl (Dumbbell),Rest Timer,,,,90.0,
2023-07-30 18:00:00,Imported workout,3600,Hammer Curl (Dumbbell),1,12.0,8.0,,,
2023-07-30 18:00:00,Imported workout,3600,Hammer Curl (Dumbbell),Rest Timer,,,,90.0,
2023-08-01 18:00:00,Imported workout,3600,Romanian Deadlift (Barbell),5,68.0,8.0,,,
2023-08-01 18:00:00,Imported workout,3600,Romanian Deadlift (Barbell),Rest Timer,,,,90.0,
2023-08-01 18:00:00,Imported workout,3600,Romanian Deadlift (Barbell),4,68.0,8.0,,,
2023-08-01 18:00:00,Imported workout,3600,Romanian Deadlift (Barbell),Rest Timer,,,,90.0,
2023-08-01 18:00:00,Imported workout,3600,Romanian Deadlift (Barbell),3,68.0,8.0,,,
2023-08-01 18:00:00,Imported workout,3600,Romanian Deadlift (Barbell),Rest Timer,,,,90.0,
2023-08-01 18:00:00,Imported workout,3600,Romanian Deadlift (Barbell),2,68.0,8.0,,,
2023-08-01 18:00:00,Imported workout,3600,Romanian Deadlift (Barbell),Rest Timer,,,,90.0,
2023-08-01 18:00:00,Imported workout,3600,Romanian Deadlift (Barbell),1,68.0,8.0,,,
2023-08-01 18:00:00,Imported workout,3600,Romanian Deadlift (Barbell),Rest Timer,,,,90.0,
2023-08-01 18:00:00,Imported workout,3600,Incline Bench Press (Dumbbell),5,24.0,8.0,,,
2023-08-01 18:00:00,Imported workout,3600,Incline Bench Press (Dumbbell),Rest Timer,,,,90.0,
2023-08-01 18:00:00,Imported workout,3600,Incline Bench Press (Dumbbell),4,28.0,8.0,,,
2023-08-01 18:00:00,Imported workout,3600,Incline Bench Press (Dumbbell),Rest Timer,,,,90.0,
2023-08-01 18:00:00,Imported workout,3600,Incline Bench Press (Dumbbell),3,28.0,8.0,,,
2023-08-01 18:00:00,Imported workout,3600,Incline Bench Press (Dumbbell),Rest Timer,,,,90.0,
2023-08-01 18:00:00,Imported workout,3600,Incline Bench Press (Dumbbell),2,28.0,8.0,,,
2023-08-01 18:00:00,Imported workout,3600,Incline Bench Press (Dumbbell),Rest Timer,,,,90.0,
2023-08-01 18:00:00,Imported workout,3600,Incline Bench Press (Dumbbell),1,28.0,8.0,,,
2023-08-01 18:00:00,Imported workout,3600,Incline Bench Press (Dumbbell),Rest Timer,,,,90.0,
2023-08-01 18:00:00,Imported workout,3600,Leg Press,2,60.0,8.0,,,
2023-08-01 18:00:00,Imported workout,3600,Leg Press,Rest Timer,,,,90.0,
2023-08-01 18:00:00,Imported workout,3600,Leg Press,3,60.0,8.0,,,
2023-08-01 18:00:00,Imported workout,3600,Leg Press,Rest Timer,,,,90.0,
2023-08-01 18:00:00,Imported workout,3600,Leg Press,1,60.0,8.0,,,
2023-08-01 18:00:00,Imported workout,3600,Leg Press,Rest Timer,,,,90.0,
2023-08-01 18:00:00,Imported workout,3600,Standing Calf Raise (Machine),1,75.0,8.0,,,
2023-08-01 18:00:00,Imported workout,3600,Standing Calf Raise (Machine),Rest Timer,,,,90.0,
2023-08-01 18:00:00,Imported workout,3600,Standing Calf Raise (Machine),2,75.0,8.0,,,
2023-08-01 18:00:00,Imported workout,3600,Standing Calf Raise (Machine),Rest Timer,,,,90.0,
2023-08-01 18:00:00,Imported workout,3600,Standing Calf Raise (Machine),3,75.0,8.0,,,
2023-08-01 18:00:00,Imported workout,3600,Standing Calf Raise (Machine),Rest Timer,,,,90.0,
2023-08-01 18:00:00,Imported workout,3600,Bench Press - Close Grip (Barbell),1,40.0,8.0,,,
2023-08-01 18:00:00,Imported workout,3600,Bench Press - Close Grip (Barbell),Rest Timer,,,,90.0,
2023-08-01 18:00:00,Imported workout,3600,Bench Press - Close Grip (Barbell),5,52.5,10.0,,,
2023-08-01 18:00:00,Imported workout,3600,Bench Press - Close Grip (Barbell),Rest Timer,,,,90.0,
2023-08-01 18:00:00,Imported workout,3600,Bench Press - Close Grip (Barbell),2,52.5,10.0,,,
2023-08-01 18:00:00,Imported workout,3600,Bench Press - Close Grip (Barbell),Rest Timer,,,,90.0,
2023-08-01 18:00:00,Imported workout,3600,Bench Press - Close Grip (Barbell),3,52.5,10.0,,,
2023-08-01 18:00:00,Imported workout,3600,Bench Press - Close Grip (Barbell),Rest Timer,,,,90.0,
2023-08-01 18:00:00,Imported workout,3600,Bench Press - Close Grip (Barbell),4,52.5,10.0,,,
2023-08-01 18:00:00,Imported workout,3600,Bench Press - Close Grip (Barbell),Rest Timer,,,,90.0,
2023-08-01 18:00:00,Imported workout,3600,Reverse Fly (Machine),2,45.0,10.0,,,
2023-08-01 18:00:00,Imported workout,3600,Reverse Fly (Machine),Rest Timer,,,,90.0,
2023-08-01 18:00:00,Imported workout,3600,Reverse Fly (Machine),1,59.0,10.0,,,
2023-08-01 18:00:00,Imported workout,3600,Reverse Fly (Machine),Rest Timer,,,,90.0,
2023-08-03 18:00:00,Imported workout,3600,Bench Press (Dumbbell),6,18.0,8.0,,,
2023-08-03 18:00:00,Imported workout,3600,Bench Press (Dumbbell),Rest Timer,,,,90.0,
2023-08-03 18:00:00,Imported workout,3600,Bench Press (Dumbbell),1,36.0,5.0,,,
2023-08-03 18:00:00,Imported workout,3600,Bench Press (Dumbbell),Rest Timer,,,,90.0,
2023-08-03 18:00:00,Imported workout,3600,Bench Press (Dumbbell),2,36.0,5.0,,,
2023-08-03 18:00:00,Imported workout,3600,Bench Press (Dumbbell),Rest Timer,,,,90.0,
2023-08-03 18:00:00,Imported workout,3600,Bench Press (Dumbbell),3,36.0,5.0,,,
2023-08-03 18:00:00,Imported workout,3600,Bench Press (Dumbbell),Rest Timer,,,,90.0,
2023-08-03 18:00:00,Imported workout,3600,Bench Press (Dumbbell),4,36.0,5.0,,,
2023-08-03 18:00:00,Imported workout,3600,Bench Press (Dumbbell),Rest Timer,,,,90.0,
2023-08-03 18:00:00,Imported workout,3600,Bench Press (Dumbbell),5,36.0,5.0,,,
2023-08-03 18:00:00,Imported workout,3600,Bench Press (Dumbbell),Rest Timer,,,,90.0,
2023-08-03 18:00:00,Imported workout,3600,Seated Overhead Press (Dumbbell),5,24.0,8.0,,,
2023-08-03 18:00:00,Imported workout,3600,Seated Overhead Press (Dumbbell),Rest Timer,,,,90.0,
2023-08-03 18:00:00,Imported workout,3600,Seated Overhead Press (Dumbbell),1,24.0,8.0,,,
2023-08-03 18:00:00,Imported workout,3600,Seated Overhead Press (Dumbbell),Rest Timer,,,,90.0,
2023-08-03 18:00:00,Imported workout,3600,Seated Overhead Press (Dumbbell),2,24.0,8.0,,,
2023-08-03 18:00:00,Imported workout,3600,Seated Overhead Press (Dumbbell),Rest Timer,,,,90.0,
2023-08-03 18:00:00,Imported workout,3600,Seated Overhead Press (Dumbbell),3,24.0,8.0,,,
2023-08-03 18:00:00,Imported workout,3600,Seated Overhead Press (Dumbbell),Rest Timer,,,,90.0,
2023-08-03 18:00:00,Imported workout,3600,Seated Overhead Press (Dumbbell),4,24.0,8.0,,,
2023-08-03 18:00:00,Imported workout,3600,Seated Overhead Press (Dumbbell),Rest Timer,,,,90.0,
2023-08-03 18:00:00,Imported workout,3600,Chest Dip,5,15.0,5.0,,,
2023-08-03 18:00:00,Imported workout,3600,Chest Dip,Rest Timer,,,,90.0,
2023-08-03 18:00:00,Imported workout,3600,Chest Dip,4,15.0,5.0,,,
2023-08-03 18:00:00,Imported workout,3600,Chest Dip,Rest Timer,,,,90.0,
2023-08-03 18:00:00,Imported workout,3600,Chest Dip,3,15.0,5.0,,,
2023-08-03 18:00:00,Imported workout,3600,Chest Dip,Rest Timer,,,,90.0,
2023-08-03 18:00:00,Imported workout,3600,Chest Dip,2,15.0,5.0,,,
2023-08-03 18:00:00,Imported workout,3600,Chest Dip,Rest Timer,,,,90.0,
2023-08-03 18:00:00,Imported workout,3600,Chest Dip,1,15.0,5.0,,,
2023-08-03 18:00:00,Imported workout,3600,Chest Dip,Rest Timer,,,,90.0,
2023-08-03 18:00:00,Imported workout,3600,Pec Deck (Machine),1,73.0,8.0,,,
2023-08-03 18:00:00,Imported workout,3600,Pec Deck (Machine),Rest Timer,,,,90.0,
2023-08-03 18:00:00,Imported workout,3600,Pec Deck (Machine),2,73.0,10.0,,,
2023-08-03 18:00:00,Imported workout,3600,Pec Deck (Machine),Rest Timer,,,,90.0,
2023-08-03 18:00:00,Imported workout,3600,Pec Deck (Machine),3,73.0,10.0,,,
2023-08-03 18:00:00,Imported workout,3600,Pec Deck (Machine),Rest Timer,,,,90.0,
2023-08-03 18:00:00,Imported workout,3600,Lateral Raise (Dumbbell),1,8.0,8.0,,,
2023-08-03 18:00:00,Imported workout,3600,Lateral Raise (Dumbbell),Rest Timer,,,,90.0,
2023-08-03 18:00:00,Imported workout,3600,Lateral Raise (Dumbbell),3,8.0,10.0,,,
2023-08-03 18:00:00,Imported workout,3600,Lateral Raise (Dumbbell),Rest Timer,,,,90.0,
2023-08-03 18:00:00,Imported workout,3600,Lateral Raise (Dumbbell),2,8.0,10.0,,,
2023-08-03 18:00:00,Imported workout,3600,Lateral Raise (Dumbbell),Rest Timer,,,,90.0,
2023-08-03 18:00:00,Imported workout,3600,Bench Press - Close Grip (Barbell),2,50.0,8.0,,,
2023-08-03 18:00:00,Imported workout,3600,Bench Press - Close Grip (Barbell),Rest Timer,,,,90.0,
2023-08-03 18:00:00,Imported workout,3600,Bench Press - Close Grip (Barbell),3,55.0,6.0,,,
2023-08-03 18:00:00,Imported workout,3600,Bench Press - Close Grip (Barbell),Rest Timer,,,,90.0,
2023-08-03 18:00:00,Imported workout,3600,Bench Press - Close Grip (Barbell),1,55.0,8.0,,,
2023-08-03 18:00:00,Imported workout,3600,Bench Press - Close Grip (Barbell),Rest Timer,,,,90.0,
2023-08-05 18:00:00,Imported workout,3600,Pull Up,5,22.0,5.0,,,
2023-08-05 18:00:00,Imported workout,3600,Pull Up,Rest Timer,,,,90.0,
2023-08-05 18:00:00,Imported workout,3600,Pull Up,4,22.0,5.0,,,
2023-08-05 18:00:00,Imported workout,3600,Pull Up,Rest Timer,,,,90.0,
2023-08-05 18:00:00,Imported workout,3600,Pull Up,3,22.0,5.0,,,
2023-08-05 18:00:00,Imported workout,3600,Pull Up,Rest Timer,,,,90.0,
2023-08-05 18:00:00,Imported workout,3600,Pull Up,2,22.0,4.0,,,
2023-08-05 18:00:00,Imported workout,3600,Pull Up,Rest Timer,,,,90.0,
2023-08-05 18:00:00,Imported workout,3600,Pull Up,1,22.0,4.0,,,
2023-08-05 18:00:00,Imported workout,3600,Pull Up,Rest Timer,,,,90.0,
2023-08-05 18:00:00,Imported workout,3600,Seated Row (Machine),1,52.0,8.0,,,
2023-08-05 18:00:00,Imported workout,3600,Seated Row (Machine),Rest Timer,,,,90.0,
2023-08-05 18:00:00,Imported workout,3600,Seated Row (Machine),4,52.0,8.0,,,
2023-08-05 18:00:00,Imported workout,3600,Seated Row (Machine),Rest Timer,,,,90.0,
2023-08-05 18:00:00,Imported workout,3600,Seated Row (Machine),3,52.0,8.0,,,
2023-08-05 18:00:00,Imported workout,3600,Seated Row (Machine),Rest Timer,,,,90.0,
2023-08-05 18:00:00,Imported workout,3600,Seated Row (Machine),2,52.0,8.0,,,
2023-08-05 18:00:00,Imported workout,3600,Seated Row (Machine),Rest Timer,,,,90.0,
2023-08-05 18:00:00,Imported workout,3600,Squat (Barbell),5,50.0,8.0,,,
2023-08-05 18:00:00,Imported workout,3600,Squat (Barbell),Rest Timer,,,,90.0,
2023-08-05 18:00:00,Imported workout,3600,Squat (Barbell),4,70.0,10.0,,,
2023-08-05 18:00:00,Imported workout,3600,Squat (Barbell),Rest Timer,,,,90.0,
2023-08-05 18:00:00,Imported workout,3600,Squat (Barbell),3,70.0,10.0,,,
2023-08-05 18:00:00,Imported workout,3600,Squat (Barbell),Rest Timer,,,,90.0,
2023-08-05 18:00:00,Imported workout,3600,Squat (Barbell),6,70.0,10.0,,,
2023-08-05 18:00:00,Imported workout,3600,Squat (Barbell),Rest Timer,,,,90.0,
2023-08-05 18:00:00,Imported workout,3600,Squat (Barbell),2,70.0,10.0,,,
2023-08-05 18:00:00,Imported workout,3600,Squat (Barbell),Rest Timer,,,,90.0,
2023-08-05 18:00:00,Imported workout,3600,Squat (Barbell),1,70.0,10.0,,,
2023-08-05 18:00:00,Imported workout,3600,Squat (Barbell),Rest Timer,,,,90.0,
2023-08-05 18:00:00,Imported workout,3600,Seated Row (Cable),1,59.0,8.0,,,
2023-08-05 18:00:00,Imported workout,3600,Seated Row (Cable),Rest Timer,,,,90.0,
2023-08-05 18:00:00,Imported workout,3600,Seated Row (Cable),2,59.0,8.0,,,
2023-08-05 18:00:00,Imported workout,3600,Seated Row (Cable),Rest Timer,,,,90.0,
2023-08-05 18:00:00,Imported workout,3600,Seated Row (Cable),3,59.0,8.0,,,
2023-08-05 18:00:00,Imported workout,3600,Seated Row (Cable),Rest Timer,,,,90.0,
2023-08-05 18:00:00,Imported workout,3600,Seated Row (Cable),4,59.0,8.0,,,
2023-08-05 18:00:00,Imported workout,3600,Seated Row (Cable),Rest Timer,,,,90.0,
2023-08-05 18:00:00,Imported workout,3600,Incline Curl (Dumbbell),1,14.0,8.0,,,
2023-08-05 18:00:00,Imported workout,3600,Incline Curl (Dumbbell),Rest Timer,,,,90.0,
2023-08-05 18:00:00,Imported workout,3600,Incline Curl (Dumbbell),3,14.0,8.0,,,
2023-08-05 18:00:00,Imported workout,3600,Incline Curl (Dumbbell),Rest Timer,,,,90.0,
2023-08-05 18:00:00,Imported workout,3600,Incline Curl (Dumbbell),2,14.0,8.0,,,
2023-08-05 18:00:00,Imported workout,3600,Incline Curl (Dumbbell),Rest Timer,,,,90.0,
2023-08-05 18:00:00,Imported workout,3600,Lateral Raise (Dumbbell),1,8.0,8.0,,,
2023-08-05 18:00:00,Imported workout,3600,Lateral Raise (Dumbbell),Rest Timer,,,,90.0,
2023-08-05 18:00:00,Imported workout,3600,Lateral Raise (Dumbbell),2,8.0,8.0,,,
2023-08-05 18:00:00,Imported workout,3600,Lateral Raise (Dumbbell),Rest Timer,,,,90.0,
2023-08-05 18:00:00,Imported workout,3600,Lateral Raise (Dumbbell),3,8.0,8.0,,,
2023-08-05 18:00:00,Imported workout,3600,Lateral Raise (Dumbbell),Rest Timer,,,,90.0,
2023-08-08 18:00:00,Imported workout,3600,Romanian Deadlift (Barbell),4,72.0,8.0,,,
2023-08-08 18:00:00,Imported workout,3600,Romanian Deadlift (Barbell),Rest Timer,,,,90.0,
2023-08-08 18:00:00,Imported workout,3600,Romanian Deadlift (Barbell),3,72.0,8.0,,,
2023-08-08 18:00:00,Imported workout,3600,Romanian Deadlift (Barbell),Rest Timer,,,,90.0,
2023-08-08 18:00:00,Imported workout,3600,Romanian Deadlift (Barbell),2,72.0,8.0,,,
2023-08-08 18:00:00,Imported workout,3600,Romanian Deadlift (Barbell),Rest Timer,,,,90.0,
2023-08-08 18:00:00,Imported workout,3600,Romanian Deadlift (Barbell),1,72.0,8.0,,,
2023-08-08 18:00:00,Imported workout,3600,Romanian Deadlift (Barbell),Rest Timer,,,,90.0,
2023-08-08 18:00:00,Imported workout,3600,Romanian Deadlift (Barbell),5,72.0,8.0,,,
2023-08-08 18:00:00,Imported workout,3600,Romanian Deadlift (Barbell),Rest Timer,,,,90.0,
2023-08-08 18:00:00,Imported workout,3600,Incline Bench Press (Dumbbell),5,24.0,8.0,,,
2023-08-08 18:00:00,Imported workout,3600,Incline Bench Press (Dumbbell),Rest Timer,,,,90.0,
2023-08-08 18:00:00,Imported workout,3600,Incline Bench Press (Dumbbell),4,32.0,8.0,,,
2023-08-08 18:00:00,Imported workout,3600,Incline Bench Press (Dumbbell),Rest Timer,,,,90.0,
2023-08-08 18:00:00,Imported workout,3600,Incline Bench Press (Dumbbell),3,32.0,7.0,,,
2023-08-08 18:00:00,Imported workout,3600,Incline Bench Press (Dumbbell),Rest Timer,,,,90.0,
2023-08-08 18:00:00,Imported workout,3600,Incline Bench Press (Dumbbell),2,30.0,8.0,,,
2023-08-08 18:00:00,Imported workout,3600,Incline Bench Press (Dumbbell),Rest Timer,,,,90.0,
2023-08-08 18:00:00,Imported workout,3600,Incline Bench Press (Dumbbell),1,30.0,8.0,,,
2023-08-08 18:00:00,Imported workout,3600,Incline Bench Press (Dumbbell),Rest Timer,,,,90.0,
2023-08-10 18:00:00,Imported workout,3600,Bench Press (Barbell),6,20.0,12.0,,,
2023-08-10 18:00:00,Imported workout,3600,Bench Press (Barbell),Rest Timer,,,,90.0,
2023-08-10 18:00:00,Imported workout,3600,Bench Press (Barbell),2,50.0,8.0,,,
2023-08-10 18:00:00,Imported workout,3600,Bench Press (Barbell),Rest Timer,,,,90.0,
2023-08-10 18:00:00,Imported workout,3600,Bench Press (Barbell),3,80.0,8.0,,,
2023-08-10 18:00:00,Imported workout,3600,Bench Press (Barbell),Rest Timer,,,,90.0,
2023-08-10 18:00:00,Imported workout,3600,Bench Press (Barbell),4,80.0,7.0,,,
2023-08-10 18:00:00,Imported workout,3600,Bench Press (Barbell),Rest Timer,,,,90.0,
2023-08-10 18:00:00,Imported workout,3600,Bench Press (Barbell),5,80.0,5.0,,,
2023-08-10 18:00:00,Imported workout,3600,Bench Press (Barbell),Rest Timer,,,,90.0,
2023-08-10 18:00:00,Imported workout,3600,Bench Press (Barbell),7,80.0,7.0,,,
2023-08-10 18:00:00,Imported workout,3600,Bench Press (Barbell),Rest Timer,,,,90.0,
2023-08-10 18:00:00,Imported workout,3600,Bench Press (Barbell),1,80.0,6.0,,,
2023-08-10 18:00:00,Imported workout,3600,Bench Press (Barbell),Rest Timer,,,,90.0,
2023-08-10 18:00:00,Imported workout,3600,Chest Dip,2,0.0,8.0,,,
2023-08-10 18:00:00,Imported workout,3600,Chest Dip,Rest Timer,,,,90.0,
2023-08-10 18:00:00,Imported workout,3600,Chest Dip,3,0.0,8.0,,,
2023-08-10 18:00:00,Imported workout,3600,Chest Dip,Rest Timer,,,,90.0,
2023-08-10 18:00:00,Imported workout,3600,Chest Dip,4,0.0,8.0,,,
2023-08-10 18:00:00,Imported workout,3600,Chest Dip,Rest Timer,,,,90.0,
2023-08-10 18:00:00,Imported workout,3600,Chest Dip,5,0.0,8.0,,,
2023-08-10 18:00:00,Imported workout,3600,Chest Dip,Rest Timer,,,,90.0,
2023-08-10 18:00:00,Imported workout,3600,Chest Dip,1,0.0,8.0,,,
2023-08-10 18:00:00,Imported workout,3600,Chest Dip,Rest Timer,,,,90.0,
2023-08-10 18:00:00,Imported workout,3600,Seated Overhead Press (Dumbbell),5,22.0,7.0,,,
2023-08-10 18:00:00,Imported workout,3600,Seated Overhead Press (Dumbbell),Rest Timer,,,,90.0,
2023-08-10 18:00:00,Imported workout,3600,Seated Overhead Press (Dumbbell),4,22.0,8.0,,,
2023-08-10 18:00:00,Imported workout,3600,Seated Overhead Press (Dumbbell),Rest Timer,,,,90.0,
2023-08-10 18:00:00,Imported workout,3600,Seated Overhead Press (Dumbbell),3,22.0,8.0,,,
2023-08-10 18:00:00,Imported workout,3600,Seated Overhead Press (Dumbbell),Rest Timer,,,,90.0,
2023-08-10 18:00:00,Imported workout,3600,Seated Overhead Press (Dumbbell),1,22.0,8.0,,,
2023-08-10 18:00:00,Imported workout,3600,Seated Overhead Press (Dumbbell),Rest Timer,,,,90.0,
2023-08-10 18:00:00,Imported workout,3600,Seated Overhead Press (Dumbbell),2,22.0,8.0,,,
2023-08-10 18:00:00,Imported workout,3600,Seated Overhead Press (Dumbbell),Rest Timer,,,,90.0,
2023-08-10 18:00:00,Imported workout,3600,Pec Deck (Machine),1,73.0,8.0,,,
2023-08-10 18:00:00,Imported workout,3600,Pec Deck (Machine),Rest Timer,,,,90.0,
2023-08-10 18:00:00,Imported workout,3600,Pec Deck (Machine),2,73.0,8.0,,,
2023-08-10 18:00:00,Imported workout,3600,Pec Deck (Machine),Rest Timer,,,,90.0,
2023-08-10 18:00:00,Imported workout,3600,Pec Deck (Machine),3,73.0,8.0,,,
2023-08-10 18:00:00,Imported workout,3600,Pec Deck (Machine),Rest Timer,,,,90.0,
2023-08-10 18:00:00,Imported workout,3600,Triceps Pushdown (Cable - Straight Bar),2,18.0,8.0,,,
2023-08-10 18:00:00,Imported workout,3600,Triceps Pushdown (Cable - Straight Bar),Rest Timer,,,,90.0,
2023-08-10 18:00:00,Imported workout,3600,Triceps Pushdown (Cable - Straight Bar),1,18.0,8.0,,,
2023-08-10 18:00:00,Imported workout,3600,Triceps Pushdown (Cable - Straight Bar),Rest Timer,,,,90.0,
2023-08-10 18:00:00,Imported workout,3600,Triceps Pushdown (Cable - Straight Bar),3,18.0,8.0,,,
2023-08-10 18:00:00,Imported workout,3600,Triceps Pushdown (Cable - Straight Bar),Rest Timer,,,,90.0,
2023-08-10 18:00:00,Imported workout,3600,Cable Crunch,2,27.0,8.0,,,
2023-08-10 18:00:00,Imported workout,3600,Cable Crunch,Rest Timer,,,,90.0,
2023-08-10 18:00:00,Imported workout,3600,Cable Crunch,3,27.0,8.0,,,
2023-08-10 18:00:00,Imported workout,3600,Cable Crunch,Rest Timer,,,,90.0,
2023-08-10 18:00:00,Imported workout,3600,Cable Crunch,1,36.0,8.0,,,
2023-08-10 18:00:00,Imported workout,3600,Cable Crunch,Rest Timer,,,,90.0,
2023-08-14 18:00:00,Imported workout,3600,Pull Up,5,22.0,5.0,,,
2023-08-14 18:00:00,Imported workout,3600,Pull Up,Rest Timer,,,,90.0,
2023-08-14 18:00:00,Imported workout,3600,Pull Up,4,22.0,5.0,,,
2023-08-14 18:00:00,Imported workout,3600,Pull Up,Rest Timer,,,,90.0,
2023-08-14 18:00:00,Imported workout,3600,Pull Up,3,22.0,5.0,,,
2023-08-14 18:00:00,Imported workout,3600,Pull Up,Rest Timer,,,,90.0,
2023-08-14 18:00:00,Imported workout,3600,Pull Up,2,22.0,5.0,,,
2023-08-14 18:00:00,Imported workout,3600,Pull Up,Rest Timer,,,,90.0,
2023-08-14 18:00:00,Imported workout,3600,Pull Up,1,22.0,5.0,,,
2023-08-14 18:00:00,Imported workout,3600,Pull Up,Rest Timer,,,,90.0,
2023-08-14 18:00:00,Imported workout,3600,Squat (Barbell),4,70.0,10.0,,,
2023-08-14 18:00:00,Imported workout,3600,Squat (Barbell),Rest Timer,,,,90.0,
2023-08-14 18:00:00,Imported workout,3600,Squat (Barbell),3,70.0,10.0,,,
2023-08-14 18:00:00,Imported workout,3600,Squat (Barbell),Rest Timer,,,,90.0,
2023-08-14 18:00:00,Imported workout,3600,Squat (Barbell),2,70.0,10.0,,,
2023-08-14 18:00:00,Imported workout,3600,Squat (Barbell),Rest Timer,,,,90.0,
2023-08-14 18:00:00,Imported workout,3600,Squat (Barbell),5,70.0,10.0,,,
2023-08-14 18:00:00,Imported workout,3600,Squat (Barbell),Rest Timer,,,,90.0,
2023-08-14 18:00:00,Imported workout,3600,Squat (Barbell),1,70.0,10.0,,,
2023-08-14 18:00:00,Imported workout,3600,Squat (Barbell),Rest Timer,,,,90.0,
2023-08-14 18:00:00,Imported workout,3600,Seated Row (Machine),5,52.0,8.0,,,
2023-08-14 18:00:00,Imported workout,3600,Seated Row (Machine),Rest Timer,,,,90.0,
2023-08-14 18:00:00,Imported workout,3600,Seated Row (Machine),1,52.0,8.0,,,
2023-08-14 18:00:00,Imported workout,3600,Seated Row (Machine),Rest Timer,,,,90.0,
2023-08-14 18:00:00,Imported workout,3600,Seated Row (Machine),4,59.0,8.0,,,
2023-08-14 18:00:00,Imported workout,3600,Seated Row (Machine),Rest Timer,,,,90.0,
2023-08-14 18:00:00,Imported workout,3600,Seated Row (Machine),3,59.0,8.0,,,
2023-08-14 18:00:00,Imported workout,3600,Seated Row (Machine),Rest Timer,,,,90.0,
2023-08-14 18:00:00,Imported workout,3600,Seated Row (Machine),2,59.0,8.0,,,
2023-08-14 18:00:00,Imported workout,3600,Seated Row (Machine),Rest Timer,,,,90.0,
2023-08-14 18:00:00,Imported workout,3600,Reverse Fly (Machine),3,52.0,8.0,,,
2023-08-14 18:00:00,Imported workout,3600,Reverse Fly (Machine),Rest Timer,,,,90.0,
2023-08-14 18:00:00,Imported workout,3600,Reverse Fly (Machine),2,59.0,10.0,,,
2023-08-14 18:00:00,Imported workout,3600,Reverse Fly (Machine),Rest Timer,,,,90.0,
2023-08-14 18:00:00,Imported workout,3600,Reverse Fly (Machine),1,59.0,7.0,,,
2023-08-14 18:00:00,Imported workout,3600,Reverse Fly (Machine),Rest Timer,,,,90.0,
2023-08-14 18:00:00,Imported workout,3600,Hammer Curl (Dumbbell),1,14.0,10.0,,,
2023-08-14 18:00:00,Imported workout,3600,Hammer Curl (Dumbbell),Rest Timer,,,,90.0,
2023-08-16 18:00:00,Imported workout,3600,Romanian Deadlift (Barbell),4,72.0,8.0,,,
2023-08-16 18:00:00,Imported workout,3600,Romanian Deadlift (Barbell),Rest Timer,,,,90.0,
2023-08-16 18:00:00,Imported workout,3600,Romanian Deadlift (Barbell),2,72.0,8.0,,,
2023-08-16 18:00:00,Imported workout,3600,Romanian Deadlift (Barbell),Rest Timer,,,,90.0,
2023-08-16 18:00:00,Imported workout,3600,Romanian Deadlift (Barbell),3,72.0,8.0,,,
2023-08-16 18:00:00,Imported workout,3600,Romanian Deadlift (Barbell),Rest Timer,,,,90.0,
2023-08-16 18:00:00,Imported workout,3600,Romanian Deadlift (Barbell),1,72.0,8.0,,,
2023-08-16 18:00:00,Imported workout,3600,Romanian Deadlift (Barbell),Rest Timer,,,,90.0,
2023-08-16 18:00:00,Imported workout,3600,Incline Bench Press (Dumbbell),1,16.0,8.0,,,
2023-08-16 18:00:00,Imported workout,3600,Incline Bench Press (Dumbbell),Rest Timer,,,,90.0,
2023-08-16 18:00:00,Imported workout,3600,Incline Bench Press (Dumbbell),2,28.0,8.0,,,
2023-08-16 18:00:00,Imported workout,3600,Incline Bench Press (Dumbbell),Rest Timer,,,,90.0,
2023-08-16 18:00:00,Imported workout,3600,Incline Bench Press (Dumbbell),6,28.0,8.0,,,
2023-08-16 18:00:00,Imported workout,3600,Incline Bench Press (Dumbbell),Rest Timer,,,,90.0,
2023-08-16 18:00:00,Imported workout,3600,Incline Bench Press (Dumbbell),3,28.0,8.0,,,
2023-08-16 18:00:00,Imported workout,3600,Incline Bench Press (Dumbbell),Rest Timer,,,,90.0,
2023-08-16 18:00:00,Imported workout,3600,Incline Bench Press (Dumbbell),4,28.0,8.0,,,
2023-08-16 18:00:00,Imported workout,3600,Incline Bench Press (Dumbbell),Rest Timer,,,,90.0,
2023-08-16 18:00:00,Imported workout,3600,Incline Bench Press (Dumbbell),5,28.0,8.0,,,
2023-08-16 18:00:00,Imported workout,3600,Incline Bench Press (Dumbbell),Rest Timer,,,,90.0,
2023-08-16 18:00:00,Imported workout,3600,Leg Press,4,60.0,8.0,,,
2023-08-16 18:00:00,Imported workout,3600,Leg Press,Rest Timer,,,,90.0,
2023-08-16 18:00:00,Imported workout,3600,Leg Press,5,60.0,8.0,,,
2023-08-16 18:00:00,Imported workout,3600,Leg Press,Rest Timer,,,,90.0,
2023-08-16 18:00:00,Imported workout,3600,Leg Press,2,60.0,8.0,,,
2023-08-16 18:00:00,Imported workout,3600,Leg Press,Rest Timer,,,,90.0,
2023-08-16 18:00:00,Imported workout,3600,Leg Press,3,60.0,8.0,,,
2023-08-16 18:00:00,Imported workout,3600,Leg Press,Rest Timer,,,,90.0,
2023-08-16 18:00:00,Imported workout,3600,Leg Press,1,60.0,8.0,,,
2023-08-16 18:00:00,Imported workout,3600,Leg Press,Rest Timer,,,,90.0,
2023-08-16 18:00:00,Imported workout,3600,Face Pull (Cable),1,41.0,8.0,,,
2023-08-16 18:00:00,Imported workout,3600,Face Pull (Cable),Rest Timer,,,,90.0,
2023-08-16 18:00:00,Imported workout,3600,Face Pull (Cable),2,41.0,8.0,,,
2023-08-16 18:00:00,Imported workout,3600,Face Pull (Cable),Rest Timer,,,,90.0,
2023-08-16 18:00:00,Imported workout,3600,Face Pull (Cable),3,41.0,8.0,,,
2023-08-16 18:00:00,Imported workout,3600,Face Pull (Cable),Rest Timer,,,,90.0,
2023-08-16 18:00:00,Imported workout,3600,Face Pull (Cable),4,41.0,8.0,,,
2023-08-16 18:00:00,Imported workout,3600,Face Pull (Cable),Rest Timer,,,,90.0,
2023-08-16 18:00:00,Imported workout,3600,Bench Press - Close Grip (Barbell),1,55.0,10.0,,,
2023-08-16 18:00:00,Imported workout,3600,Bench Press - Close Grip (Barbell),Rest Timer,,,,90.0,
2023-08-16 18:00:00,Imported workout,3600,Bench Press - Close Grip (Barbell),2,55.0,10.0,,,
2023-08-16 18:00:00,Imported workout,3600,Bench Press - Close Grip (Barbell),Rest Timer,,,,90.0,
2023-08-16 18:00:00,Imported workout,3600,Bench Press - Close Grip (Barbell),3,55.0,8.0,,,
2023-08-16 18:00:00,Imported workout,3600,Bench Press - Close Grip (Barbell),Rest Timer,,,,90.0,
2023-08-16 18:00:00,Imported workout,3600,Bicep Curl (Dumbbell),2,16.0,8.0,,,
2023-08-16 18:00:00,Imported workout,3600,Bicep Curl (Dumbbell),Rest Timer,,,,90.0,
2023-08-16 18:00:00,Imported workout,3600,Bicep Curl (Dumbbell),3,16.0,8.0,,,
2023-08-16 18:00:00,Imported workout,3600,Bicep Curl (Dumbbell),Rest Timer,,,,90.0,
2023-08-16 18:00:00,Imported workout,3600,Bicep Curl (Dumbbell),1,16.0,6.0,,,
2023-08-16 18:00:00,Imported workout,3600,Bicep Curl (Dumbbell),Rest Timer,,,,90.0,
2023-08-16 18:00:00,Imported workout,3600,Lateral Raise (Dumbbell),1,9.0,8.0,,,
2023-08-16 18:00:00,Imported workout,3600,Lateral Raise (Dumbbell),Rest Timer,,,,90.0,
2023-08-16 18:00:00,Imported workout,3600,Cable Crunch,2,23.0,10.0,,,
2023-08-16 18:00:00,Imported workout,3600,Cable Crunch,Rest Timer,,,,90.0,
2023-08-16 18:00:00,Imported workout,3600,Cable Crunch,1,27.0,10.0,,,
2023-08-16 18:00:00,Imported workout,3600,Cable Crunch,Rest Timer,,,,90.0,
2023-08-18 18:00:00,Imported workout,3600,Bench Press (Barbell),1,20.0,12.0,,,
2023-08-18 18:00:00,Imported workout,3600,Bench Press (Barbell),Rest Timer,,,,90.0,
2023-08-18 18:00:00,Imported workout,3600,Bench Press (Barbell),2,60.0,8.0,,,
2023-08-18 18:00:00,Imported workout,3600,Bench Press (Barbell),Rest Timer,,,,90.0,
2023-08-18 18:00:00,Imported workout,3600,Bench Press (Barbell),3,80.0,8.0,,,
2023-08-18 18:00:00,Imported workout,3600,Bench Press (Barbell),Rest Timer,,,,90.0,
2023-08-18 18:00:00,Imported workout,3600,Bench Press (Barbell),4,90.0,4.0,,,
2023-08-18 18:00:00,Imported workout,3600,Bench Press (Barbell),Rest Timer,,,,90.0,
2023-08-18 18:00:00,Imported workout,3600,Bench Press (Barbell),7,90.0,3.0,,,
2023-08-18 18:00:00,Imported workout,3600,Bench Press (Barbell),Rest Timer,,,,90.0,
2023-08-18 18:00:00,Imported workout,3600,Bench Press (Barbell),5,90.0,3.0,,,
2023-08-18 18:00:00,Imported workout,3600,Bench Press (Barbell),Rest Timer,,,,90.0,
2023-08-18 18:00:00,Imported workout,3600,Bench Press (Barbell),6,80.0,6.0,,,
2023-08-18 18:00:00,Imported workout,3600,Bench Press (Barbell),Rest Timer,,,,90.0,
2023-08-18 18:00:00,Imported workout,3600,Chest Dip,4,10.0,6.0,,,
2023-08-18 18:00:00,Imported workout,3600,Chest Dip,Rest Timer,,,,90.0,
2023-08-18 18:00:00,Imported workout,3600,Chest Dip,5,10.0,6.0,,,
2023-08-18 18:00:00,Imported workout,3600,Chest Dip,Rest Timer,,,,90.0,
2023-08-18 18:00:00,Imported workout,3600,Chest Dip,2,10.0,6.0,,,
2023-08-18 18:00:00,Imported workout,3600,Chest Dip,Rest Timer,,,,90.0,
2023-08-18 18:00:00,Imported workout,3600,Chest Dip,3,10.0,6.0,,,
2023-08-18 18:00:00,Imported workout,3600,Chest Dip,Rest Timer,,,,90.0,
2023-08-18 18:00:00,Imported workout,3600,Chest Dip,1,10.0,6.0,,,
2023-08-18 18:00:00,Imported workout,3600,Chest Dip,Rest Timer,,,,90.0,
2023-08-18 18:00:00,Imported workout,3600,Seated Overhead Press (Dumbbell),3,26.0,6.0,,,
2023-08-18 18:00:00,Imported workout,3600,Seated Overhead Press (Dumbbell),Rest Timer,,,,90.0,
2023-08-18 18:00:00,Imported workout,3600,Seated Overhead Press (Dumbbell),1,26.0,7.0,,,
2023-08-18 18:00:00,Imported workout,3600,Seated Overhead Press (Dumbbell),Rest Timer,,,,90.0,
2023-08-18 18:00:00,Imported workout,3600,Seated Overhead Press (Dumbbell),2,26.0,6.0,,,
2023-08-18 18:00:00,Imported workout,3600,Seated Overhead Press (Dumbbell),Rest Timer,,,,90.0,
2023-08-18 18:00:00,Imported workout,3600,Seated Overhead Press (Dumbbell),4,26.0,6.0,,,
2023-08-18 18:00:00,Imported workout,3600,Seated Overhead Press (Dumbbell),Rest Timer,,,,90.0,
2023-08-18 18:00:00,Imported workout,3600,Lateral Raise (Dumbbell),1,8.0,12.0,,,
2023-08-18 18:00:00,Imported workout,3600,Lateral Raise (Dumbbell),Rest Timer,,,,90.0,
2023-08-18 18:00:00,Imported workout,3600,Lateral Raise (Dumbbell),3,8.0,10.0,,,
2023-08-18 18:00:00,Imported workout,3600,Lateral Raise (Dumbbell),Rest Timer,,,,90.0,
2023-08-18 18:00:00,Imported workout,3600,Lateral Raise (Dumbbell),2,8.0,10.0,,,
2023-08-18 18:00:00,Imported workout,3600,Lateral Raise (Dumbbell),Rest Timer,,,,90.0,
2023-08-18 18:00:00,Imported workout,3600,Pec Deck (Machine),2,73.0,10.0,,,
2023-08-18 18:00:00,Imported workout,3600,Pec Deck (Machine),Rest Timer,,,,90.0,
2023-08-18 18:00:00,Imported workout,3600,Pec Deck (Machine),3,73.0,10.0,,,
2023-08-18 18:00:00,Imported workout,3600,Pec Deck (Machine),Rest Timer,,,,90.0,
2023-08-18 18:00:00,Imported workout,3600,Pec Deck (Machine),4,79.0,8.0,,,
2023-08-18 18:00:00,Imported workout,3600,Pec Deck (Machine),Rest Timer,,,,90.0,
2023-08-18 18:00:00,Imported workout,3600,Pec Deck (Machine),1,79.0,8.0,,,
2023-08-18 18:00:00,Imported workout,3600,Pec Deck (Machine),Rest Timer,,,,90.0,
2023-08-20 18:00:00,Imported workout,3600,Pull Up,5,24.0,5.0,,,
2023-08-20 18:00:00,Imported workout,3600,Pull Up,Rest Timer,,,,90.0,
2023-08-20 18:00:00,Imported workout,3600,Pull Up,1,24.0,4.0,,,
2023-08-20 18:00:00,Imported workout,3600,Pull Up,Rest Timer,,,,90.0,
2023-08-20 18:00:00,Imported workout,3600,Pull Up,2,25.0,4.0,,,
2023-08-20 18:00:00,Imported workout,3600,Pull Up,Rest Timer,,,,90.0,
2023-08-20 18:00:00,Imported workout,3600,Pull Up,3,25.0,4.0,,,
2023-08-20 18:00:00,Imported workout,3600,Pull Up,Rest Timer,,,,90.0,
2023-08-20 18:00:00,Imported workout,3600,Pull Up,4,25.0,3.0,,,
2023-08-20 18:00:00,Imported workout,3600,Pull Up,Rest Timer,,,,90.0,
2023-08-20 18:00:00,Imported workout,3600,Leg Extension (Machine),4,73.0,10.0,,,
2023-08-20 18:00:00,Imported workout,3600,Leg Extension (Machine),Rest Timer,,,,90.0,
2023-08-20 18:00:00,Imported workout,3600,Leg Extension (Machine),1,79.0,10.0,,,
2023-08-20 18:00:00,Imported workout,3600,Leg Extension (Machine),Rest Timer,,,,90.0,
2023-08-20 18:00:00,Imported workout,3600,Leg Extension (Machine),2,79.0,10.0,,,
2023-08-20 18:00:00,Imported workout,3600,Leg Extension (Machine),Rest Timer,,,,90.0,
2023-08-20 18:00:00,Imported workout,3600,Leg Extension (Machine),3,79.0,10.0,,,
2023-08-20 18:00:00,Imported workout,3600,Leg Extension (Machine),Rest Timer,,,,90.0,
2023-08-20 18:00:00,Imported workout,3600,Lying Leg Curl (Machine),4,53.0,8.0,,,
2023-08-20 18:00:00,Imported workout,3600,Lying Leg Curl (Machine),Rest Timer,,,,90.0,
2023-08-20 18:00:00,Imported workout,3600,Lying Leg Curl (Machine),3,53.0,8.0,,,
2023-08-20 18:00:00,Imported workout,3600,Lying Leg Curl (Machine),Rest Timer,,,,90.0,
2023-08-20 18:00:00,Imported workout,3600,Lying Leg Curl (Machine),5,66.0,8.0,,,
2023-08-20 18:00:00,Imported workout,3600,Lying Leg Curl (Machine),Rest Timer,,,,90.0,
2023-08-20 18:00:00,Imported workout,3600,Lying Leg Curl (Machine),2,66.0,8.0,,,
2023-08-20 18:00:00,Imported workout,3600,Lying Leg Curl (Machine),Rest Timer,,,,90.0,
2023-08-20 18:00:00,Imported workout,3600,Lying Leg Curl (Machine),1,66.0,8.0,,,
2023-08-20 18:00:00,Imported workout,3600,Lying Leg Curl (Machine),Rest Timer,,,,90.0,
2023-08-20 18:00:00,Imported workout,3600,Preacher Curl (Barbell),4,25.0,8.0,,,
2023-08-20 18:00:00,Imported workout,3600,Preacher Curl (Barbell),Rest Timer,,,,90.0,
2023-08-20 18:00:00,Imported workout,3600,Preacher Curl (Barbell),3,25.0,6.0,,,
2023-08-20 18:00:00,Imported workout,3600,Preacher Curl (Barbell),Rest Timer,,,,90.0,
2023-08-20 18:00:00,Imported workout,3600,Preacher Curl (Barbell),2,25.0,9.0,,,
2023-08-20 18:00:00,Imported workout,3600,Preacher Curl (Barbell),Rest Timer,,,,90.0,
2023-08-20 18:00:00,Imported workout,3600,Preacher Curl (Barbell),1,25.0,8.0,,,
2023-08-20 18:00:00,Imported workout,3600,Preacher Curl (Barbell),Rest Timer,,,,90.0,
2023-08-20 18:00:00,Imported workout,3600,Hammer Curl (Dumbbell),3,14.0,8.0,,,
2023-08-20 18:00:00,Imported workout,3600,Hammer Curl (Dumbbell),Rest Timer,,,,90.0,
2023-08-20 18:00:00,Imported workout,3600,Hammer Curl (Dumbbell),2,14.0,8.0,,,
2023-08-20 18:00:00,Imported workout,3600,Hammer Curl (Dumbbell),Rest Timer,,,,90.0,
2023-08-20 18:00:00,Imported workout,3600,Hammer Curl (Dumbbell),1,14.0,8.0,,,
2023-08-20 18:00:00,Imported workout,3600,Hammer Curl (Dumbbell),Rest Timer,,,,90.0,
2023-08-20 18:00:00,Imported workout,3600,Cable Crunch,2,32.0,8.0,,,
2023-08-20 18:00:00,Imported workout,3600,Cable Crunch,Rest Timer,,,,90.0,
2023-08-20 18:00:00,Imported workout,3600,Cable Crunch,1,32.0,10.0,,,
2023-08-20 18:00:00,Imported workout,3600,Cable Crunch,Rest Timer,,,,90.0,
2023-08-20 18:00:00,Imported workout,3600,Cable Crunch,3,32.0,10.0,,,
2023-08-20 18:00:00,Imported workout,3600,Cable Crunch,Rest Timer,,,,90.0,
2023-08-22 18:00:00,Imported workout,3600,Romanian Deadlift (Barbell),5,72.0,8.0,,,
2023-08-22 18:00:00,Imported workout,3600,Romanian Deadlift (Barbell),Rest Timer,,,,90.0,
2023-08-22 18:00:00,Imported workout,3600,Romanian Deadlift (Barbell),4,72.0,8.0,,,
2023-08-22 18:00:00,Imported workout,3600,Romanian Deadlift (Barbell),Rest Timer,,,,90.0,
2023-08-22 18:00:00,Imported workout,3600,Romanian Deadlift (Barbell),3,72.0,8.0,,,
2023-08-22 18:00:00,Imported workout,3600,Romanian Deadlift (Barbell),Rest Timer,,,,90.0,
2023-08-22 18:00:00,Imported workout,3600,Romanian Deadlift (Barbell),2,72.0,8.0,,,
2023-08-22 18:00:00,Imported workout,3600,Romanian Deadlift (Barbell),Rest Timer,,,,90.0,
2023-08-22 18:00:00,Imported workout,3600,Romanian Deadlift (Barbell),1,72.0,8.0,,,
2023-08-22 18:00:00,Imported workout,3600,Romanian Deadlift (Barbell),Rest Timer,,,,90.0,
2023-08-22 18:00:00,Imported workout,3600,Incline Bench Press (Dumbbell),5,22.0,8.0,,,
2023-08-22 18:00:00,Imported workout,3600,Incline Bench Press (Dumbbell),Rest Timer,,,,90.0,
2023-08-22 18:00:00,Imported workout,3600,Incline Bench Press (Dumbbell),4,30.0,8.0,,,
2023-08-22 18:00:00,Imported workout,3600,Incline Bench Press (Dumbbell),Rest Timer,,,,90.0,
2023-08-22 18:00:00,Imported workout,3600,Incline Bench Press (Dumbbell),3,30.0,8.0,,,
2023-08-22 18:00:00,Imported workout,3600,Incline Bench Press (Dumbbell),Rest Timer,,,,90.0,
2023-08-22 18:00:00,Imported workout,3600,Incline Bench Press (Dumbbell),2,30.0,8.0,,,
2023-08-22 18:00:00,Imported workout,3600,Incline Bench Press (Dumbbell),Rest Timer,,,,90.0,
2023-08-22 18:00:00,Imported workout,3600,Incline Bench Press (Dumbbell),1,30.0,8.0,,,
2023-08-22 18:00:00,Imported workout,3600,Incline Bench Press (Dumbbell),Rest Timer,,,,90.0,
2023-08-22 18:00:00,Imported workout,3600,Leg Press,3,65.0,8.0,,,
2023-08-22 18:00:00,Imported workout,3600,Leg Press,Rest Timer,,,,90.0,
2023-08-22 18:00:00,Imported workout,3600,Leg Press,2,65.0,7.0,,,
2023-08-22 18:00:00,Imported workout,3600,Leg Press,Rest Timer,,,,90.0,
2023-08-22 18:00:00,Imported workout,3600,Leg Press,1,65.0,5.0,,,
2023-08-22 18:00:00,Imported workout,3600,Leg Press,Rest Timer,,,,90.0,
2023-08-22 18:00:00,Imported workout,3600,Face Pull (Cable),3,41.0,8.0,,,
2023-08-22 18:00:00,Imported workout,3600,Face Pull (Cable),Rest Timer,,,,90.0,
2023-08-22 18:00:00,Imported workout,3600,Face Pull (Cable),2,41.0,8.0,,,
2023-08-22 18:00:00,Imported workout,3600,Face Pull (Cable),Rest Timer,,,,90.0,
2023-08-22 18:00:00,Imported workout,3600,Face Pull (Cable),1,41.0,8.0,,,
2023-08-22 18:00:00,Imported workout,3600,Face Pull (Cable),Rest Timer,,,,90.0,
2023-08-22 18:00:00,Imported workout,3600,Incline Curl (Dumbbell),3,12.0,8.0,,,
2023-08-22 18:00:00,Imported workout,3600,Incline Curl (Dumbbell),Rest Timer,,,,90.0,
2023-08-22 18:00:00,Imported workout,3600,Incline Curl (Dumbbell),2,14.0,8.0,,,
2023-08-22 18:00:00,Imported workout,3600,Incline Curl (Dumbbell),Rest Timer,,,,90.0,
2023-08-22 18:00:00,Imported workout,3600,Incline Curl (Dumbbell),1,14.0,6.0,,,
2023-08-22 18:00:00,Imported workout,3600,Incline Curl (Dumbbell),Rest Timer,,,,90.0,
2023-08-22 18:00:00,Imported workout,3600,Bench Press - Close Grip (Barbell),3,55.0,8.0,,,
2023-08-22 18:00:00,Imported workout,3600,Bench Press - Close Grip (Barbell),Rest Timer,,,,90.0,
2023-08-22 18:00:00,Imported workout,3600,Bench Press - Close Grip (Barbell),2,55.0,8.0,,,
2023-08-22 18:00:00,Imported workout,3600,Bench Press - Close Grip (Barbell),Rest Timer,,,,90.0,
2023-08-22 18:00:00,Imported workout,3600,Bench Press - Close Grip (Barbell),1,55.0,8.0,,,
2023-08-22 18:00:00,Imported workout,3600,Bench Press - Close Grip (Barbell),Rest Timer,,,,90.0,
2023-08-24 18:00:00,Imported workout,3600,Bench Press (Barbell),2,20.0,8.0,,,
2023-08-24 18:00:00,Imported workout,3600,Bench Press (Barbell),Rest Timer,,,,90.0,
2023-08-24 18:00:00,Imported workout,3600,Bench Press (Barbell),1,60.0,8.0,,,
2023-08-24 18:00:00,Imported workout,3600,Bench Press (Barbell),Rest Timer,,,,90.0,
2023-08-24 18:00:00,Imported workout,3600,Bench Press (Barbell),3,90.0,5.0,,,
2023-08-24 18:00:00,Imported workout,3600,Bench Press (Barbell),Rest Timer,,,,90.0,
2023-08-24 18:00:00,Imported workout,3600,Bench Press (Barbell),4,90.0,5.0,,,
2023-08-24 18:00:00,Imported workout,3600,Bench Press (Barbell),Rest Timer,,,,90.0,
2023-08-24 18:00:00,Imported workout,3600,Bench Press (Barbell),6,90.0,4.0,,,
2023-08-24 18:00:00,Imported workout,3600,Bench Press (Barbell),Rest Timer,,,,90.0,
2023-08-24 18:00:00,Imported workout,3600,Bench Press (Barbell),5,90.0,3.0,,,
2023-08-24 18:00:00,Imported workout,3600,Bench Press (Barbell),Rest Timer,,,,90.0,
2023-08-24 18:00:00,Imported workout,3600,Bench Press (Barbell),7,90.0,4.0,,,
2023-08-24 18:00:00,Imported workout,3600,Bench Press (Barbell),Rest Timer,,,,90.0,
2023-08-24 18:00:00,Imported workout,3600,Seated Overhead Press (Dumbbell),1,26.0,8.0,,,
2023-08-24 18:00:00,Imported workout,3600,Seated Overhead Press (Dumbbell),Rest Timer,,,,90.0,
2023-08-24 18:00:00,Imported workout,3600,Seated Overhead Press (Dumbbell),2,26.0,7.0,,,
2023-08-24 18:00:00,Imported workout,3600,Seated Overhead Press (Dumbbell),Rest Timer,,,,90.0,
2023-08-24 18:00:00,Imported workout,3600,Seated Overhead Press (Dumbbell),3,26.0,6.0,,,
2023-08-24 18:00:00,Imported workout,3600,Seated Overhead Press (Dumbbell),Rest Timer,,,,90.0,
2023-08-24 18:00:00,Imported workout,3600,Seated Overhead Press (Dumbbell),4,26.0,8.0,,,
2023-08-24 18:00:00,Imported workout,3600,Seated Overhead Press (Dumbbell),Rest Timer,,,,90.0,
2023-08-24 18:00:00,Imported workout,3600,Seated Overhead Press (Dumbbell),5,26.0,6.0,,,
2023-08-24 18:00:00,Imported workout,3600,Seated Overhead Press (Dumbbell),Rest Timer,,,,90.0,
2023-08-24 18:00:00,Imported workout,3600,Chest Dip,4,20.0,8.0,,,
2023-08-24 18:00:00,Imported workout,3600,Chest Dip,Rest Timer,,,,90.0,
2023-08-24 18:00:00,Imported workout,3600,Chest Dip,5,20.0,8.0,,,
2023-08-24 18:00:00,Imported workout,3600,Chest Dip,Rest Timer,,,,90.0,
2023-08-24 18:00:00,Imported workout,3600,Chest Dip,3,20.0,8.0,,,
2023-08-24 18:00:00,Imported workout,3600,Chest Dip,Rest Timer,,,,90.0,
2023-08-24 18:00:00,Imported workout,3600,Chest Dip,2,20.0,8.0,,,
2023-08-24 18:00:00,Imported workout,3600,Chest Dip,Rest Timer,,,,90.0,
2023-08-24 18:00:00,Imported workout,3600,Chest Dip,1,20.0,0.0,,,
2023-08-24 18:00:00,Imported workout,3600,Chest Dip,Rest Timer,,,,90.0,
2023-08-24 18:00:00,Imported workout,3600,Pec Deck (Machine),1,79.0,8.0,,,
2023-08-24 18:00:00,Imported workout,3600,Pec Deck (Machine),Rest Timer,,,,90.0,
2023-08-24 18:00:00,Imported workout,3600,Pec Deck (Machine),2,86.0,8.0,,,
2023-08-24 18:00:00,Imported workout,3600,Pec Deck (Machine),Rest Timer,,,,90.0,
2023-08-24 18:00:00,Imported workout,3600,Pec Deck (Machine),3,86.0,8.0,,,
2023-08-24 18:00:00,Imported workout,3600,Pec Deck (Machine),Rest Timer,,,,90.0,
2023-08-24 18:00:00,Imported workout,3600,Lateral Raise (Dumbbell),1,8.0,10.0,,,
2023-08-24 18:00:00,Imported workout,3600,Lateral Raise (Dumbbell),Rest Timer,,,,90.0,
2023-08-24 18:00:00,Imported workout,3600,Lateral Raise (Dumbbell),3,8.0,10.0,,,
2023-08-24 18:00:00,Imported workout,3600,Lateral Raise (Dumbbell),Rest Timer,,,,90.0,
2023-08-24 18:00:00,Imported workout,3600,Lateral Raise (Dumbbell),2,8.0,10.0,,,
2023-08-24 18:00:00,Imported workout,3600,Lateral Raise (Dumbbell),Rest Timer,,,,90.0,
2023-08-24 18:00:00,Imported workout,3600,Skullcrusher (Dumbbell),1,10.0,8.0,,,
2023-08-24 18:00:00,Imported workout,3600,Skullcrusher (Dumbbell),Rest Timer,,,,90.0,
2023-08-24 18:00:00,Imported workout,3600,Skullcrusher (Dumbbell),2,10.0,9.0,,,
2023-08-24 18:00:00,Imported workout,3600,Skullcrusher (Dumbbell),Rest Timer,,,,90.0,
2023-08-24 18:00:00,Imported workout,3600,Skullcrusher (Dumbbell),3,10.0,10.0,,,
2023-08-24 18:00:00,Imported workout,3600,Skullcrusher (Dumbbell),Rest Timer,,,,90.0,
2023-08-24 18:00:00,Imported workout,3600,Cable Crunch,1,27.0,10.0,,,
2023-08-24 18:00:00,Imported workout,3600,Cable Crunch,Rest Timer,,,,90.0,
2023-08-27 18:00:00,Imported workout,3600,Pull Up,4,25.0,5.0,,,
2023-08-27 18:00:00,Imported workout,3600,Pull Up,Rest Timer,,,,90.0,
2023-08-27 18:00:00,Imported workout,3600,Pull Up,1,25.0,5.0,,,
2023-08-27 18:00:00,Imported workout,3600,Pull Up,Rest Timer,,,,90.0,
2023-08-27 18:00:00,Imported workout,3600,Pull Up,2,25.0,5.0,,,
2023-08-27 18:00:00,Imported workout,3600,Pull Up,Rest Timer,,,,90.0,
2023-08-27 18:00:00,Imported workout,3600,Pull Up,3,25.0,5.0,,,
2023-08-27 18:00:00,Imported workout,3600,Pull Up,Rest Timer,,,,90.0,
2023-08-27 18:00:00,Imported workout,3600,Pull Up,5,25.0,5.0,,,
2023-08-27 18:00:00,Imported workout,3600,Pull Up,Rest Timer,,,,90.0,
2023-08-27 18:00:00,Imported workout,3600,Squat (Barbell),3,40.0,8.0,,,
2023-08-27 18:00:00,Imported workout,3600,Squat (Barbell),Rest Timer,,,,90.0,
2023-08-27 18:00:00,Imported workout,3600,Squat (Barbell),4,70.0,8.0,,,
2023-08-27 18:00:00,Imported workout,3600,Squat (Barbell),Rest Timer,,,,90.0,
2023-08-27 18:00:00,Imported workout,3600,Squat (Barbell),5,70.0,10.0,,,
2023-08-27 18:00:00,Imported workout,3600,Squat (Barbell),Rest Timer,,,,90.0,
2023-08-27 18:00:00,Imported workout,3600,Squat (Barbell),1,70.0,10.0,,,
2023-08-27 18:00:00,Imported workout,3600,Squat (Barbell),Rest Timer,,,,90.0,
2023-08-27 18:00:00,Imported workout,3600,Squat (Barbell),2,70.0,10.0,,,
2023-08-27 18:00:00,Imported workout,3600,Squat (Barbell),Rest Timer,,,,90.0,
2023-08-27 18:00:00,Imported workout,3600,Seated Row (Machine),3,52.0,8.0,,,
2023-08-27 18:00:00,Imported workout,3600,Seated Row (Machine),Rest Timer,,,,90.0,
2023-08-27 18:00:00,Imported workout,3600,Seated Row (Machine),2,59.0,8.0,,,
2023-08-27 18:00:00,Imported workout,3600,Seated Row (Machine),Rest Timer,,,,90.0,
2023-08-27 18:00:00,Imported workout,3600,Seated Row (Machine),1,59.0,8.0,,,
2023-08-27 18:00:00,Imported workout,3600,Seated Row (Machine),Rest Timer,,,,90.0,
2023-08-27 18:00:00,Imported workout,3600,Incline Curl (Dumbbell),2,14.0,10.0,,,
2023-08-27 18:00:00,Imported workout,3600,Incline Curl (Dumbbell),Rest Timer,,,,90.0,
2023-08-27 18:00:00,Imported workout,3600,Incline Curl (Dumbbell),1,14.0,6.0,,,
2023-08-27 18:00:00,Imported workout,3600,Incline Curl (Dumbbell),Rest Timer,,,,90.0,
2023-08-27 18:00:00,Imported workout,3600,Incline Curl (Dumbbell),3,14.0,6.0,,,
2023-08-27 18:00:00,Imported workout,3600,Incline Curl (Dumbbell),Rest Timer,,,,90.0,
2023-08-27 18:00:00,Imported workout,3600,Preacher Curl (Barbell),3,25.0,6.0,,,
2023-08-27 18:00:00,Imported workout,3600,Preacher Curl (Barbell),Rest Timer,,,,90.0,
2023-08-27 18:00:00,Imported workout,3600,Preacher Curl (Barbell),2,25.0,8.0,,,
2023-08-27 18:00:00,Imported workout,3600,Preacher Curl (Barbell),Rest Timer,,,,90.0,
2023-08-27 18:00:00,Imported workout,3600,Preacher Curl (Barbell),1,25.0,8.0,,,
2023-08-27 18:00:00,Imported workout,3600,Preacher Curl (Barbell),Rest Timer,,,,90.0,
2023-08-27 18:00:00,Imported workout,3600,Cable Crunch,1,36.0,10.0,,,
2023-08-27 18:00:00,Imported workout,3600,Cable Crunch,Rest Timer,,,,90.0,
2023-08-27 18:00:00,Imported workout,3600,Lateral Raise (Dumbbell),1,8.0,12.0,,,
2023-08-27 18:00:00,Imported workout,3600,Lateral Raise (Dumbbell),Rest Timer,,,,90.0,
2023-08-30 18:00:00,Imported workout,3600,Bench Press (Dumbbell),6,22.0,8.0,,,
2023-08-30 18:00:00,Imported workout,3600,Bench Press (Dumbbell),Rest Timer,,,,90.0,
2023-08-30 18:00:00,Imported workout,3600,Bench Press (Dumbbell),5,32.0,8.0,,,
2023-08-30 18:00:00,Imported workout,3600,Bench Press (Dumbbell),Rest Timer,,,,90.0,
2023-08-30 18:00:00,Imported workout,3600,Bench Press (Dumbbell),4,36.0,5.0,,,
2023-08-30 18:00:00,Imported workout,3600,Bench Press (Dumbbell),Rest Timer,,,,90.0,
2023-08-30 18:00:00,Imported workout,3600,Bench Press (Dumbbell),3,36.0,5.0,,,
2023-08-30 18:00:00,Imported workout,3600,Bench Press (Dumbbell),Rest Timer,,,,90.0,
2023-08-30 18:00:00,Imported workout,3600,Bench Press (Dumbbell),2,36.0,4.0,,,
2023-08-30 18:00:00,Imported workout,3600,Bench Press (Dumbbell),Rest Timer,,,,90.0,
2023-08-30 18:00:00,Imported workout,3600,Bench Press (Dumbbell),1,32.0,7.0,,,
2023-08-30 18:00:00,Imported workout,3600,Bench Press (Dumbbell),Rest Timer,,,,90.0,
2023-08-30 18:00:00,Imported workout,3600,Seated Overhead Press (Dumbbell),4,24.0,6.0,,,
2023-08-30 18:00:00,Imported workout,3600,Seated Overhead Press (Dumbbell),Rest Timer,,,,90.0,
2023-08-30 18:00:00,Imported workout,3600,Seated Overhead Press (Dumbbell),1,24.0,8.0,,,
2023-08-30 18:00:00,Imported workout,3600,Seated Overhead Press (Dumbbell),Rest Timer,,,,90.0,
2023-08-30 18:00:00,Imported workout,3600,Seated Overhead Press (Dumbbell),3,26.0,8.0,,,
2023-08-30 18:00:00,Imported workout,3600,Seated Overhead Press (Dumbbell),Rest Timer,,,,90.0,
2023-08-30 18:00:00,Imported workout,3600,Seated Overhead Press (Dumbbell),2,26.0,5.0,,,
2023-08-30 18:00:00,Imported workout,3600,Seated Overhead Press (Dumbbell),Rest Timer,,,,90.0,
2023-08-30 18:00:00,Imported workout,3600,Seated Overhead Press (Dumbbell),5,26.0,4.0,,,
2023-08-30 18:00:00,Imported workout,3600,Seated Overhead Press (Dumbbell),Rest Timer,,,,90.0,
2023-08-30 18:00:00,Imported workout,3600,Cable Crossover,4,18.0,10.0,,,
2023-08-30 18:00:00,Imported workout,3600,Cable Crossover,Rest Timer,,,,90.0,
2023-08-30 18:00:00,Imported workout,3600,Cable Crossover,1,18.0,10.0,,,
2023-08-30 18:00:00,Imported workout,3600,Cable Crossover,Rest Timer,,,,90.0,
2023-08-30 18:00:00,Imported workout,3600,Cable Crossover,3,18.0,8.0,,,
2023-08-30 18:00:00,Imported workout,3600,Cable Crossover,Rest Timer,,,,90.0,
2023-08-30 18:00:00,Imported workout,3600,Cable Crossover,2,18.0,8.0,,,
2023-08-30 18:00:00,Imported workout,3600,Cable Crossover,Rest Timer,,,,90.0,
2023-08-30 18:00:00,Imported workout,3600,Pec Deck (Machine),4,79.0,8.0,,,
2023-08-30 18:00:00,Imported workout,3600,Pec Deck (Machine),Rest Timer,,,,90.0,
2023-08-30 18:00:00,Imported workout,3600,Pec Deck (Machine),3,79.0,8.0,,,
2023-08-30 18:00:00,Imported workout,3600,Pec Deck (Machine),Rest Timer,,,,90.0,
2023-08-30 18:00:00,Imported workout,3600,Pec Deck (Machine),2,79.0,8.0,,,
2023-08-30 18:00:00,Imported workout,3600,Pec Deck (Machine),Rest Timer,,,,90.0,
2023-08-30 18:00:00,Imported workout,3600,Pec Deck (Machine),1,79.0,8.0,,,
2023-08-30 18:00:00,Imported workout,3600,Pec Deck (Machine),Rest Timer,,,,90.0,
2023-08-30 18:00:00,Imported workout,3600,Preacher Curl (Barbell),1,22.5,8.0,,,
2023-08-30 18:00:00,Imported workout,3600,Preacher Curl (Barbell),Rest Timer,,,,90.0,
2023-08-30 18:00:00,Imported workout,3600,Preacher Curl (Barbell),2,25.0,8.0,,,
2023-08-30 18:00:00,Imported workout,3600,Preacher Curl (Barbell),Rest Timer,,,,90.0,
2023-09-01 18:00:00,Imported workout,3600,Romanian Deadlift (Barbell),5,72.0,8.0,,,
2023-09-01 18:00:00,Imported workout,3600,Romanian Deadlift (Barbell),Rest Timer,,,,90.0,
2023-09-01 18:00:00,Imported workout,3600,Romanian Deadlift (Barbell),1,72.0,8.0,,,
2023-09-01 18:00:00,Imported workout,3600,Romanian Deadlift (Barbell),Rest Timer,,,,90.0,
2023-09-01 18:00:00,Imported workout,3600,Romanian Deadlift (Barbell),2,72.0,8.0,,,
2023-09-01 18:00:00,Imported workout,3600,Romanian Deadlift (Barbell),Rest Timer,,,,90.0,
2023-09-01 18:00:00,Imported workout,3600,Romanian Deadlift (Barbell),3,72.0,8.0,,,
2023-09-01 18:00:00,Imported workout,3600,Romanian Deadlift (Barbell),Rest Timer,,,,90.0,
2023-09-01 18:00:00,Imported workout,3600,Romanian Deadlift (Barbell),4,72.0,8.0,,,
2023-09-01 18:00:00,Imported workout,3600,Romanian Deadlift (Barbell),Rest Timer,,,,90.0,
2023-09-01 18:00:00,Imported workout,3600,Incline Bench Press (Dumbbell),5,20.0,8.0,,,
2023-09-01 18:00:00,Imported workout,3600,Incline Bench Press (Dumbbell),Rest Timer,,,,90.0,
2023-09-01 18:00:00,Imported workout,3600,Incline Bench Press (Dumbbell),1,28.0,8.0,,,
2023-09-01 18:00:00,Imported workout,3600,Incline Bench Press (Dumbbell),Rest Timer,,,,90.0,
2023-09-01 18:00:00,Imported workout,3600,Incline Bench Press (Dumbbell),2,28.0,8.0,,,
2023-09-01 18:00:00,Imported workout,3600,Incline Bench Press (Dumbbell),Rest Timer,,,,90.0,
2023-09-01 18:00:00,Imported workout,3600,Incline Bench Press (Dumbbell),3,28.0,6.0,,,
2023-09-01 18:00:00,Imported workout,3600,Incline Bench Press (Dumbbell),Rest Timer,,,,90.0,
2023-09-01 18:00:00,Imported workout,3600,Incline Bench Press (Dumbbell),4,28.0,8.0,,,
2023-09-01 18:00:00,Imported workout,3600,Incline Bench Press (Dumbbell),Rest Timer,,,,90.0,
2023-09-01 18:00:00,Imported workout,3600,Leg Press,5,70.0,8.0,,,
2023-09-01 18:00:00,Imported workout,3600,Leg Press,Rest Timer,,,,90.0,
2023-09-01 18:00:00,Imported workout,3600,Leg Press,3,70.0,8.0,,,
2023-09-01 18:00:00,Imported workout,3600,Leg Press,Rest Timer,,,,90.0,
2023-09-01 18:00:00,Imported workout,3600,Leg Press,4,70.0,8.0,,,
2023-09-01 18:00:00,Imported workout,3600,Leg Press,Rest Timer,,,,90.0,
2023-09-01 18:00:00,Imported workout,3600,Leg Press,2,70.0,8.0,,,
2023-09-01 18:00:00,Imported workout,3600,Leg Press,Rest Timer,,,,90.0,
2023-09-01 18:00:00,Imported workout,3600,Leg Press,1,70.0,8.0,,,
2023-09-01 18:00:00,Imported workout,3600,Leg Press,Rest Timer,,,,90.0,
2023-09-01 18:00:00,Imported workout,3600,Standing Calf Raise (Machine),1,70.0,8.0,,,
2023-09-01 18:00:00,Imported workout,3600,Standing Calf Raise (Machine),Rest Timer,,,,90.0,
2023-09-01 18:00:00,Imported workout,3600,Standing Calf Raise (Machine),2,80.0,10.0,,,
2023-09-01 18:00:00,Imported workout,3600,Standing Calf Raise (Machine),Rest Timer,,,,90.0,
2023-09-01 18:00:00,Imported workout,3600,Standing Calf Raise (Machine),3,80.0,10.0,,,
2023-09-01 18:00:00,Imported workout,3600,Standing Calf Raise (Machine),Rest Timer,,,,90.0,
2023-09-01 18:00:00,Imported workout,3600,Bicep Curl (Cable),1,41.0,8.0,,,
2023-09-01 18:00:00,Imported workout,3600,Bicep Curl (Cable),Rest Timer,,,,90.0,
2023-09-01 18:00:00,Imported workout,3600,Bicep Curl (Cable),2,41.0,8.0,,,
2023-09-01 18:00:00,Imported workout,3600,Bicep Curl (Cable),Rest Timer,,,,90.0,
2023-09-01 18:00:00,Imported workout,3600,Bicep Curl (Cable),3,41.0,8.0,,,
2023-09-01 18:00:00,Imported workout,3600,Bicep Curl (Cable),Rest Timer,,,,90.0,
2023-09-01 18:00:00,Imported workout,3600,Reverse Fly (Machine),1,32.0,8.0,,,
2023-09-01 18:00:00,Imported workout,3600,Reverse Fly (Machine),Rest Timer,,,,90.0,
2023-09-01 18:00:00,Imported workout,3600,Reverse Fly (Machine),3,52.0,8.0,,,
2023-09-01 18:00:00,Imported workout,3600,Reverse Fly (Machine),Rest Timer,,,,90.0,
2023-09-01 18:00:00,Imported workout,3600,Reverse Fly (Machine),2,52.0,8.0,,,
2023-09-01 18:00:00,Imported workout,3600,Reverse Fly (Machine),Rest Timer,,,,90.0,
2023-09-01 18:00:00,Imported workout,3600,Triceps Pushdown (Cable - Straight Bar),1,23.0,8.0,,,
2023-09-01 18:00:00,Imported workout,3600,Triceps Pushdown (Cable - Straight Bar),Rest Timer,,,,90.0,
2023-09-01 18:00:00,Imported workout,3600,Triceps Pushdown (Cable - Straight Bar),2,23.0,8.0,,,
2023-09-01 18:00:00,Imported workout,3600,Triceps Pushdown (Cable - Straight Bar),Rest Timer,,,,90.0,
2023-09-01 18:00:00,Imported workout,3600,Triceps Pushdown (Cable - Straight Bar),3,23.0,8.0,,,
2023-09-01 18:00:00,Imported workout,3600,Triceps Pushdown (Cable - Straight Bar),Rest Timer,,,,90.0,
2023-09-03 18:00:00,Imported workout,3600,Pull Up,1,25.0,6.0,,,
2023-09-03 18:00:00,Imported workout,3600,Pull Up,Rest Timer,,,,90.0,
2023-09-03 18:00:00,Imported workout,3600,Pull Up,2,25.0,6.0,,,
2023-09-03 18:00:00,Imported workout,3600,Pull Up,Rest Timer,,,,90.0,
2023-09-03 18:00:00,Imported workout,3600,Pull Up,5,25.0,4.0,,,
2023-09-03 18:00:00,Imported workout,3600,Pull Up,Rest Timer,,,,90.0,
2023-09-03 18:00:00,Imported workout,3600,Pull Up,3,25.0,4.0,,,
2023-09-03 18:00:00,Imported workout,3600,Pull Up,Rest Timer,,,,90.0,
2023-09-03 18:00:00,Imported workout,3600,Pull Up,4,25.0,2.0,,,
2023-09-03 18:00:00,Imported workout,3600,Pull Up,Rest Timer,,,,90.0,
2023-09-03 18:00:00,Imported workout,3600,Squat (Barbell),1,15.0,10.0,,,
2023-09-03 18:00:00,Imported workout,3600,Squat (Barbell),Rest Timer,,,,90.0,
2023-09-03 18:00:00,Imported workout,3600,Squat (Barbell),3,75.0,10.0,,,
2023-09-03 18:00:00,Imported workout,3600,Squat (Barbell),Rest Timer,,,,90.0,
2023-09-03 18:00:00,Imported workout,3600,Squat (Barbell),2,75.0,8.0,,,
2023-09-03 18:00:00,Imported workout,3600,Squat (Barbell),Rest Timer,,,,90.0,
2023-09-03 18:00:00,Imported workout,3600,Squat (Barbell),6,75.0,8.0,,,
2023-09-03 18:00:00,Imported workout,3600,Squat (Barbell),Rest Timer,,,,90.0,
2023-09-03 18:00:00,Imported workout,3600,Squat (Barbell),5,75.0,8.0,,,
2023-09-03 18:00:00,Imported workout,3600,Squat (Barbell),Rest Timer,,,,90.0,
2023-09-03 18:00:00,Imported workout,3600,Squat (Barbell),4,75.0,8.0,,,
2023-09-03 18:00:00,Imported workout,3600,Squat (Barbell),Rest Timer,,,,90.0,
2023-09-03 18:00:00,Imported workout,3600,Seated Row (Machine),2,59.0,8.0,,,
2023-09-03 18:00:00,Imported workout,3600,Seated Row (Machine),Rest Timer,,,,90.0,
2023-09-03 18:00:00,Imported workout,3600,Seated Row (Machine),1,59.0,8.0,,,
2023-09-03 18:00:00,Imported workout,3600,Seated Row (Machine),Rest Timer,,,,90.0,
2023-09-03 18:00:00,Imported workout,3600,Seated Row (Machine),3,59.0,8.0,,,
2023-09-03 18:00:00,Imported workout,3600,Seated Row (Machine),Rest Timer,,,,90.0,
2023-09-03 18:00:00,Imported workout,3600,Seated Row (Cable),3,59.0,8.0,,,
2023-09-03 18:00:00,Imported workout,3600,Seated Row (Cable),Rest Timer,,,,90.0,
2023-09-03 18:00:00,Imported workout,3600,Seated Row (Cable),2,59.0,8.0,,,
2023-09-03 18:00:00,Imported workout,3600,Seated Row (Cable),Rest Timer,,,,90.0,
2023-09-03 18:00:00,Imported workout,3600,Seated Row (Cable),1,59.0,8.0,,,
2023-09-03 18:00:00,Imported workout,3600,Seated Row (Cable),Rest Timer,,,,90.0,
2023-09-03 18:00:00,Imported workout,3600,Bicep Curl (Barbell),1,25.0,8.0,,,
2023-09-03 18:00:00,Imported workout,3600,Bicep Curl (Barbell),Rest Timer,,,,90.0,
2023-09-03 18:00:00,Imported workout,3600,Bicep Curl (Barbell),2,25.0,8.0,,,
2023-09-03 18:00:00,Imported workout,3600,Bicep Curl (Barbell),Rest Timer,,,,90.0,
2023-09-03 18:00:00,Imported workout,3600,Bicep Curl (Barbell),3,25.0,8.0,,,
2023-09-03 18:00:00,Imported workout,3600,Bicep Curl (Barbell),Rest Timer,,,,90.0,
2023-09-03 18:00:00,Imported workout,3600,Lateral Raise (Dumbbell),1,8.0,10.0,,,
2023-09-03 18:00:00,Imported workout,3600,Lateral Raise (Dumbbell),Rest Timer,,,,90.0,
2023-09-03 18:00:00,Imported workout,3600,Lateral Raise (Dumbbell),3,8.0,10.0,,,
2023-09-03 18:00:00,Imported workout,3600,Lateral Raise (Dumbbell),Rest Timer,,,,90.0,
2023-09-03 18:00:00,Imported workout,3600,Lateral Raise (Dumbbell),2,8.0,8.0,,,
2023-09-03 18:00:00,Imported workout,3600,Lateral Raise (Dumbbell),Rest Timer,,,,90.0,
2023-09-03 18:00:00,Imported workout,3600,Hammer Curl (Dumbbell),1,14.0,10.0,,,
2023-09-03 18:00:00,Imported workout,3600,Hammer Curl (Dumbbell),Rest Timer,,,,90.0,
2023-09-03 18:00:00,Imported workout,3600,Hammer Curl (Dumbbell),3,14.0,10.0,,,
2023-09-03 18:00:00,Imported workout,3600,Hammer Curl (Dumbbell),Rest Timer,,,,90.0,
2023-09-03 18:00:00,Imported workout,3600,Hammer Curl (Dumbbell),2,14.0,10.0,,,
2023-09-03 18:00:00,Imported workout,3600,Hammer Curl (Dumbbell),Rest Timer,,,,90.0,
2023-09-03 18:00:00,Imported workout,3600,Cable Crunch,1,36.0,12.0,,,
2023-09-03 18:00:00,Imported workout,3600,Cable Crunch,Rest Timer,,,,90.0,
2023-09-03 18:00:00,Imported workout,3600,Cable Crunch,2,36.0,12.0,,,
2023-09-03 18:00:00,Imported workout,3600,Cable Crunch,Rest Timer,,,,90.0,
2023-09-05 18:00:00,Imported workout,3600,Bench Press (Barbell),5,20.0,10.0,,,
2023-09-05 18:00:00,Imported workout,3600,Bench Press (Barbell),Rest Timer,,,,90.0,
2023-09-05 18:00:00,Imported workout,3600,Bench Press (Barbell),4,50.0,8.0,,,
2023-09-05 18:00:00,Imported workout,3600,Bench Press (Barbell),Rest Timer,,,,90.0,
2023-09-05 18:00:00,Imported workout,3600,Bench Press (Barbell),3,90.0,5.0,,,
2023-09-05 18:00:00,Imported workout,3600,Bench Press (Barbell),Rest Timer,,,,90.0,
2023-09-05 18:00:00,Imported workout,3600,Bench Press (Barbell),2,90.0,3.0,,,
2023-09-05 18:00:00,Imported workout,3600,Bench Press (Barbell),Rest Timer,,,,90.0,
2023-09-05 18:00:00,Imported workout,3600,Bench Press (Barbell),1,80.0,4.0,,,
2023-09-05 18:00:00,Imported workout,3600,Bench Press (Barbell),Rest Timer,,,,90.0,
2023-09-05 18:00:00,Imported workout,3600,Seated Overhead Press (Dumbbell),4,18.0,8.0,,,
2023-09-05 18:00:00,Imported workout,3600,Seated Overhead Press (Dumbbell),Rest Timer,,,,90.0,
2023-09-05 18:00:00,Imported workout,3600,Seated Overhead Press (Dumbbell),3,26.0,6.0,,,
2023-09-05 18:00:00,Imported workout,3600,Seated Overhead Press (Dumbbell),Rest Timer,,,,90.0,
2023-09-05 18:00:00,Imported workout,3600,Seated Overhead Press (Dumbbell),2,26.0,8.0,,,
2023-09-05 18:00:00,Imported workout,3600,Seated Overhead Press (Dumbbell),Rest Timer,,,,90.0,
2023-09-05 18:00:00,Imported workout,3600,Seated Overhead Press (Dumbbell),1,26.0,4.0,,,
2023-09-05 18:00:00,Imported workout,3600,Seated Overhead Press (Dumbbell),Rest Timer,,,,90.0,
2023-09-05 18:00:00,Imported workout,3600,Chest Dip,4,0.0,12.0,,,
2023-09-05 18:00:00,Imported workout,3600,Chest Dip,Rest Timer,,,,90.0,
2023-09-05 18:00:00,Imported workout,3600,Chest Dip,3,0.0,8.0,,,
2023-09-05 18:00:00,Imported workout,3600,Chest Dip,Rest Timer,,,,90.0,
2023-09-05 18:00:00,Imported workout,3600,Chest Dip,2,0.0,8.0,,,
2023-09-05 18:00:00,Imported workout,3600,Chest Dip,Rest Timer,,,,90.0,
2023-09-05 18:00:00,Imported workout,3600,Chest Dip,1,0.0,8.0,,,
2023-09-05 18:00:00,Imported workout,3600,Chest Dip,Rest Timer,,,,90.0,
2023-09-05 18:00:00,Imported workout,3600,Pec Deck (Machine),5,79.0,8.0,,,
2023-09-05 18:00:00,Imported workout,3600,Pec Deck (Machine),Rest Timer,,,,90.0,
2023-09-05 18:00:00,Imported workout,3600,Pec Deck (Machine),4,79.0,8.0,,,
2023-09-05 18:00:00,Imported workout,3600,Pec Deck (Machine),Rest Timer,,,,90.0,
2023-09-05 18:00:00,Imported workout,3600,Pec Deck (Machine),3,79.0,8.0,,,
2023-09-05 18:00:00,Imported workout,3600,Pec Deck (Machine),Rest Timer,,,,90.0,
2023-09-05 18:00:00,Imported workout,3600,Pec Deck (Machine),2,79.0,8.0,,,
2023-09-05 18:00:00,Imported workout,3600,Pec Deck (Machine),Rest Timer,,,,90.0,
2023-09-05 18:00:00,Imported workout,3600,Pec Deck (Machine),1,79.0,8.0,,,
2023-09-05 18:00:00,Imported workout,3600,Pec Deck (Machine),Rest Timer,,,,90.0,
2023-09-05 18:00:00,Imported workout,3600,Triceps Pushdown (Cable - Straight Bar),3,18.0,12.0,,,
2023-09-05 18:00:00,Imported workout,3600,Triceps Pushdown (Cable - Straight Bar),Rest Timer,,,,90.0,
2023-09-05 18:00:00,Imported workout,3600,Triceps Pushdown (Cable - Straight Bar),2,18.0,12.0,,,
2023-09-05 18:00:00,Imported workout,3600,Triceps Pushdown (Cable - Straight Bar),Rest Timer,,,,90.0,
2023-09-05 18:00:00,Imported workout,3600,Triceps Pushdown (Cable - Straight Bar),1,18.0,12.0,,,
2023-09-05 18:00:00,Imported workout,3600,Triceps Pushdown (Cable - Straight Bar),Rest Timer,,,,90.0,
2023-09-06 18:00:00,Imported workout,3600,Romanian Deadlift (Barbell),1,68.0,8.0,,,
2023-09-06 18:00:00,Imported workout,3600,Romanian Deadlift (Barbell),Rest Timer,,,,90.0,
2023-09-06 18:00:00,Imported workout,3600,Romanian Deadlift (Barbell),5,68.0,8.0,,,
2023-09-06 18:00:00,Imported workout,3600,Romanian Deadlift (Barbell),Rest Timer,,,,90.0,
2023-09-06 18:00:00,Imported workout,3600,Romanian Deadlift (Barbell),2,68.0,8.0,,,
2023-09-06 18:00:00,Imported workout,3600,Romanian Deadlift (Barbell),Rest Timer,,,,90.0,
2023-09-06 18:00:00,Imported workout,3600,Romanian Deadlift (Barbell),3,68.0,8.0,,,
2023-09-06 18:00:00,Imported workout,3600,Romanian Deadlift (Barbell),Rest Timer,,,,90.0,
2023-09-06 18:00:00,Imported workout,3600,Romanian Deadlift (Barbell),4,68.0,8.0,,,
2023-09-06 18:00:00,Imported workout,3600,Romanian Deadlift (Barbell),Rest Timer,,,,90.0,
2023-09-06 18:00:00,Imported workout,3600,Incline Bench Press (Dumbbell),1,18.0,8.0,,,
2023-09-06 18:00:00,Imported workout,3600,Incline Bench Press (Dumbbell),Rest Timer,,,,90.0,
2023-09-06 18:00:00,Imported workout,3600,Incline Bench Press (Dumbbell),6,30.0,8.0,,,
2023-09-06 18:00:00,Imported workout,3600,Incline Bench Press (Dumbbell),Rest Timer,,,,90.0,
2023-09-06 18:00:00,Imported workout,3600,Incline Bench Press (Dumbbell),2,30.0,8.0,,,
2023-09-06 18:00:00,Imported workout,3600,Incline Bench Press (Dumbbell),Rest Timer,,,,90.0,
2023-09-06 18:00:00,Imported workout,3600,Incline Bench Press (Dumbbell),3,30.0,8.0,,,
2023-09-06 18:00:00,Imported workout,3600,Incline Bench Press (Dumbbell),Rest Timer,,,,90.0,
2023-09-06 18:00:00,Imported workout,3600,Incline Bench Press (Dumbbell),4,30.0,8.0,,,
2023-09-06 18:00:00,Imported workout,3600,Incline Bench Press (Dumbbell),Rest Timer,,,,90.0,
2023-09-06 18:00:00,Imported workout,3600,Incline Bench Press (Dumbbell),5,30.0,8.0,,,
2023-09-06 18:00:00,Imported workout,3600,Incline Bench Press (Dumbbell),Rest Timer,,,,90.0,
2023-09-06 18:00:00,Imported workout,3600,Leg Press,5,65.0,8.0,,,
2023-09-06 18:00:00,Imported workout,3600,Leg Press,Rest Timer,,,,90.0,
2023-09-06 18:00:00,Imported workout,3600,Leg Press,3,65.0,8.0,,,
2023-09-06 18:00:00,Imported workout,3600,Leg Press,Rest Timer,,,,90.0,
2023-09-06 18:00:00,Imported workout,3600,Leg Press,4,65.0,8.0,,,
2023-09-06 18:00:00,Imported workout,3600,Leg Press,Rest Timer,,,,90.0,
2023-09-06 18:00:00,Imported workout,3600,Leg Press,2,65.0,8.0,,,
2023-09-06 18:00:00,Imported workout,3600,Leg Press,Rest Timer,,,,90.0,
2023-09-06 18:00:00,Imported workout,3600,Leg Press,1,65.0,8.0,,,
2023-09-06 18:00:00,Imported workout,3600,Leg Press,Rest Timer,,,,90.0,
2023-09-06 18:00:00,Imported workout,3600,Standing Calf Raise (Machine),3,75.0,8.0,,,
2023-09-06 18:00:00,Imported workout,3600,Standing Calf Raise (Machine),Rest Timer,,,,90.0,
2023-09-06 18:00:00,Imported workout,3600,Standing Calf Raise (Machine),1,75.0,8.0,,,
2023-09-06 18:00:00,Imported workout,3600,Standing Calf Raise (Machine),Rest Timer,,,,90.0,
2023-09-06 18:00:00,Imported workout,3600,Standing Calf Raise (Machine),2,75.0,8.0,,,
2023-09-06 18:00:00,Imported workout,3600,Standing Calf Raise (Machine),Rest Timer,,,,90.0,
2023-09-06 18:00:00,Imported workout,3600,Reverse Fly (Machine),1,59.0,12.0,,,
2023-09-06 18:00:00,Imported workout,3600,Reverse Fly (Machine),Rest Timer,,,,90.0,
2023-09-06 18:00:00,Imported workout,3600,Reverse Fly (Machine),2,59.0,10.0,,,
2023-09-06 18:00:00,Imported workout,3600,Reverse Fly (Machine),Rest Timer,,,,90.0,
2023-09-06 18:00:00,Imported workout,3600,Reverse Fly (Machine),3,59.0,12.0,,,
2023-09-06 18:00:00,Imported workout,3600,Reverse Fly (Machine),Rest Timer,,,,90.0,
2023-09-06 18:00:00,Imported workout,3600,Reverse Fly (Machine),4,59.0,12.0,,,
2023-09-06 18:00:00,Imported workout,3600,Reverse Fly (Machine),Rest Timer,,,,90.0,
2023-09-06 18:00:00,Imported workout,3600,Triceps Pushdown (Cable - Straight Bar),1,23.0,10.0,,,
2023-09-06 18:00:00,Imported workout,3600,Triceps Pushdown (Cable - Straight Bar),Rest Timer,,,,90.0,
2023-09-06 18:00:00,Imported workout,3600,Triceps Pushdown (Cable - Straight Bar),2,23.0,10.0,,,
2023-09-06 18:00:00,Imported workout,3600,Triceps Pushdown (Cable - Straight Bar),Rest Timer,,,,90.0,
2023-09-06 18:00:00,Imported workout,3600,Triceps Pushdown (Cable - Straight Bar),3,23.0,6.0,,,
2023-09-06 18:00:00,Imported workout,3600,Triceps Pushdown (Cable - Straight Bar),Rest Timer,,,,90.0,
2023-09-06 18:00:00,Imported workout,3600,Preacher Curl (Machine),2,45.0,8.0,,,
2023-09-06 18:00:00,Imported workout,3600,Preacher Curl (Machine),Rest Timer,,,,90.0,
2023-09-06 18:00:00,Imported workout,3600,Preacher Curl (Machine),3,54.0,10.0,,,
2023-09-06 18:00:00,Imported workout,3600,Preacher Curl (Machine),Rest Timer,,,,90.0,
2023-09-06 18:00:00,Imported workout,3600,Preacher Curl (Machine),1,54.0,8.0,,,
2023-09-06 18:00:00,Imported workout,3600,Preacher Curl (Machine),Rest Timer,,,,90.0,
2023-09-14 18:00:00,Imported workout,3600,Incline Bench Press (Dumbbell),6,22.0,12.0,,,
2023-09-14 18:00:00,Imported workout,3600,Incline Bench Press (Dumbbell),Rest Timer,,,,90.0,
2023-09-14 18:00:00,Imported workout,3600,Incline Bench Press (Dumbbell),5,34.0,5.0,,,
2023-09-14 18:00:00,Imported workout,3600,Incline Bench Press (Dumbbell),Rest Timer,,,,90.0,
2023-09-14 18:00:00,Imported workout,3600,Incline Bench Press (Dumbbell),4,34.0,6.0,,,
2023-09-14 18:00:00,Imported workout,3600,Incline Bench Press (Dumbbell),Rest Timer,,,,90.0,
2023-09-14 18:00:00,Imported workout,3600,Incline Bench Press (Dumbbell),3,34.0,7.0,,,
2023-09-14 18:00:00,Imported workout,3600,Incline Bench Press (Dumbbell),Rest Timer,,,,90.0,
2023-09-14 18:00:00,Imported workout,3600,Incline Bench Press (Dumbbell),2,34.0,5.0,,,
2023-09-14 18:00:00,Imported workout,3600,Incline Bench Press (Dumbbell),Rest Timer,,,,90.0,
2023-09-14 18:00:00,Imported workout,3600,Incline Bench Press (Dumbbell),1,34.0,5.0,,,
2023-09-14 18:00:00,Imported workout,3600,Incline Bench Press (Dumbbell),Rest Timer,,,,90.0,
2023-09-14 18:00:00,Imported workout,3600,Seated Overhead Press (Dumbbell),2,24.0,8.0,,,
2023-09-14 18:00:00,Imported workout,3600,Seated Overhead Press (Dumbbell),Rest Timer,,,,90.0,
2023-09-14 18:00:00,Imported workout,3600,Seated Overhead Press (Dumbbell),4,24.0,8.0,,,
2023-09-14 18:00:00,Imported workout,3600,Seated Overhead Press (Dumbbell),Rest Timer,,,,90.0,
2023-09-14 18:00:00,Imported workout,3600,Seated Overhead Press (Dumbbell),3,24.0,7.0,,,
2023-09-14 18:00:00,Imported workout,3600,Seated Overhead Press (Dumbbell),Rest Timer,,,,90.0,
2023-09-14 18:00:00,Imported workout,3600,Seated Overhead Press (Dumbbell),5,24.0,8.0,,,
2023-09-14 18:00:00,Imported workout,3600,Seated Overhead Press (Dumbbell),Rest Timer,,,,90.0,
2023-09-14 18:00:00,Imported workout,3600,Seated Overhead Press (Dumbbell),1,24.0,5.0,,,
2023-09-14 18:00:00,Imported workout,3600,Seated Overhead Press (Dumbbell),Rest Timer,,,,90.0,
2023-09-14 18:00:00,Imported workout,3600,Chest Dip,1,10.0,8.0,,,
2023-09-14 18:00:00,Imported workout,3600,Chest Dip,Rest Timer,,,,90.0,
2023-09-14 18:00:00,Imported workout,3600,Chest Dip,5,10.0,8.0,,,
2023-09-14 18:00:00,Imported workout,3600,Chest Dip,Rest Timer,,,,90.0,
2023-09-14 18:00:00,Imported workout,3600,Chest Dip,4,10.0,8.0,,,
2023-09-14 18:00:00,Imported workout,3600,Chest Dip,Rest Timer,,,,90.0,
2023-09-14 18:00:00,Imported workout,3600,Chest Dip,3,10.0,8.0,,,
2023-09-14 18:00:00,Imported workout,3600,Chest Dip,Rest Timer,,,,90.0,
2023-09-14 18:00:00,Imported workout,3600,Chest Dip,2,10.0,8.0,,,
2023-09-14 18:00:00,Imported workout,3600,Chest Dip,Rest Timer,,,,90.0,
2023-09-14 18:00:00,Imported workout,3600,Lateral Raise (Dumbbell),3,8.0,10.0,,,
2023-09-14 18:00:00,Imported workout,3600,Lateral Raise (Dumbbell),Rest Timer,,,,90.0,
2023-09-14 18:00:00,Imported workout,3600,Lateral Raise (Dumbbell),2,8.0,10.0,,,
2023-09-14 18:00:00,Imported workout,3600,Lateral Raise (Dumbbell),Rest Timer,,,,90.0,
2023-09-14 18:00:00,Imported workout,3600,Lateral Raise (Dumbbell),1,8.0,10.0,,,
2023-09-14 18:00:00,Imported workout,3600,Lateral Raise (Dumbbell),Rest Timer,,,,90.0,
2023-09-16 18:00:00,Imported workout,3600,Pull Up,1,15.0,8.0,,,
2023-09-16 18:00:00,Imported workout,3600,Pull Up,Rest Timer,,,,90.0,
2023-09-16 18:00:00,Imported workout,3600,Pull Up,2,15.0,8.0,,,
2023-09-16 18:00:00,Imported workout,3600,Pull Up,Rest Timer,,,,90.0,
2023-09-16 18:00:00,Imported workout,3600,Pull Up,3,15.0,6.0,,,
2023-09-16 18:00:00,Imported workout,3600,Pull Up,Rest Timer,,,,90.0,
2023-09-16 18:00:00,Imported workout,3600,Pull Up,5,15.0,5.0,,,
2023-09-16 18:00:00,Imported workout,3600,Pull Up,Rest Timer,,,,90.0,
2023-09-16 18:00:00,Imported workout,3600,Pull Up,4,15.0,5.0,,,
2023-09-16 18:00:00,Imported workout,3600,Pull Up,Rest Timer,,,,90.0,
2023-09-16 18:00:00,Imported workout,3600,Squat (Barbell),6,35.0,10.0,,,
2023-09-16 18:00:00,Imported workout,3600,Squat (Barbell),Rest Timer,,,,90.0,
2023-09-16 18:00:00,Imported workout,3600,Squat (Barbell),4,65.0,8.0,,,
2023-09-16 18:00:00,Imported workout,3600,Squat (Barbell),Rest Timer,,,,90.0,
2023-09-16 18:00:00,Imported workout,3600,Squat (Barbell),3,85.0,6.0,,,
2023-09-16 18:00:00,Imported workout,3600,Squat (Barbell),Rest Timer,,,,90.0,
2023-09-16 18:00:00,Imported workout,3600,Squat (Barbell),5,85.0,6.0,,,
2023-09-16 18:00:00,Imported workout,3600,Squat (Barbell),Rest Timer,,,,90.0,
2023-09-16 18:00:00,Imported workout,3600,Squat (Barbell),2,85.0,6.0,,,
2023-09-16 18:00:00,Imported workout,3600,Squat (Barbell),Rest Timer,,,,90.0,
2023-09-16 18:00:00,Imported workout,3600,Squat (Barbell),1,85.0,5.0,,,
2023-09-16 18:00:00,Imported workout,3600,Squat (Barbell),Rest Timer,,,,90.0,
2023-09-16 18:00:00,Imported workout,3600,Seated Row (Cable),1,59.0,8.0,,,
2023-09-16 18:00:00,Imported workout,3600,Seated Row (Cable),Rest Timer,,,,90.0,
2023-09-16 18:00:00,Imported workout,3600,Seated Row (Cable),2,66.0,8.0,,,
2023-09-16 18:00:00,Imported workout,3600,Seated Row (Cable),Rest Timer,,,,90.0,
2023-09-16 18:00:00,Imported workout,3600,Seated Row (Cable),3,73.0,8.0,,,
2023-09-16 18:00:00,Imported workout,3600,Seated Row (Cable),Rest Timer,,,,90.0,
2023-09-16 18:00:00,Imported workout,3600,Seated Row (Machine),1,59.0,8.0,,,
2023-09-16 18:00:00,Imported workout,3600,Seated Row (Machine),Rest Timer,,,,90.0,
2023-09-16 18:00:00,Imported workout,3600,Seated Row (Machine),2,59.0,8.0,,,
2023-09-16 18:00:00,Imported workout,3600,Seated Row (Machine),Rest Timer,,,,90.0,
2023-09-16 18:00:00,Imported workout,3600,Seated Row (Machine),3,59.0,8.0,,,
2023-09-16 18:00:00,Imported workout,3600,Seated Row (Machine),Rest Timer,,,,90.0,
2023-09-16 18:00:00,Imported workout,3600,Preacher Curl (Barbell),1,22.5,8.0,,,
2023-09-16 18:00:00,Imported workout,3600,Preacher Curl (Barbell),Rest Timer,,,,90.0,
2023-09-18 18:00:00,Imported workout,3600,Romanian Deadlift (Barbell),5,68.0,8.0,,,
2023-09-18 18:00:00,Imported workout,3600,Romanian Deadlift (Barbell),Rest Timer,,,,90.0,
2023-09-18 18:00:00,Imported workout,3600,Romanian Deadlift (Barbell),4,68.0,8.0,,,
2023-09-18 18:00:00,Imported workout,3600,Romanian Deadlift (Barbell),Rest Timer,,,,90.0,
2023-09-18 18:00:00,Imported workout,3600,Romanian Deadlift (Barbell),3,68.0,8.0,,,
2023-09-18 18:00:00,Imported workout,3600,Romanian Deadlift (Barbell),Rest Timer,,,,90.0,
2023-09-18 18:00:00,Imported workout,3600,Romanian Deadlift (Barbell),2,68.0,8.0,,,
2023-09-18 18:00:00,Imported workout,3600,Romanian Deadlift (Barbell),Rest Timer,,,,90.0,
2023-09-18 18:00:00,Imported workout,3600,Romanian Deadlift (Barbell),1,68.0,5.0,,,
2023-09-18 18:00:00,Imported workout,3600,Romanian Deadlift (Barbell),Rest Timer,,,,90.0,
2023-09-18 18:00:00,Imported workout,3600,Incline Bench Press (Dumbbell),5,24.0,8.0,,,
2023-09-18 18:00:00,Imported workout,3600,Incline Bench Press (Dumbbell),Rest Timer,,,,90.0,
2023-09-18 18:00:00,Imported workout,3600,Incline Bench Press (Dumbbell),4,34.0,5.0,,,
2023-09-18 18:00:00,Imported workout,3600,Incline Bench Press (Dumbbell),Rest Timer,,,,90.0,
2023-09-18 18:00:00,Imported workout,3600,Incline Bench Press (Dumbbell),3,34.0,5.0,,,
2023-09-18 18:00:00,Imported workout,3600,Incline Bench Press (Dumbbell),Rest Timer,,,,90.0,
2023-09-18 18:00:00,Imported workout,3600,Incline Bench Press (Dumbbell),2,34.0,5.0,,,
2023-09-18 18:00:00,Imported workout,3600,Incline Bench Press (Dumbbell),Rest Timer,,,,90.0,
2023-09-18 18:00:00,Imported workout,3600,Incline Bench Press (Dumbbell),6,34.0,5.0,,,
2023-09-18 18:00:00,Imported workout,3600,Incline Bench Press (Dumbbell),Rest Timer,,,,90.0,
2023-09-18 18:00:00,Imported workout,3600,Incline Bench Press (Dumbbell),1,34.0,5.0,,,
2023-09-18 18:00:00,Imported workout,3600,Incline Bench Press (Dumbbell),Rest Timer,,,,90.0,
2023-09-18 18:00:00,Imported workout,3600,Lat Pulldown (Cable),1,59.0,10.0,,,
2023-09-18 18:00:00,Imported workout,3600,Lat Pulldown (Cable),Rest Timer,,,,90.0,
2023-09-18 18:00:00,Imported workout,3600,Lat Pulldown (Cable),3,66.0,8.0,,,
2023-09-18 18:00:00,Imported workout,3600,Lat Pulldown (Cable),Rest Timer,,,,90.0,
2023-09-18 18:00:00,Imported workout,3600,Lat Pulldown (Cable),2,66.0,8.0,,,
2023-09-18 18:00:00,Imported workout,3600,Lat Pulldown (Cable),Rest Timer,,,,90.0,
2023-09-18 18:00:00,Imported workout,3600,Standing Calf Raise (Machine),3,149.0,12.0,,,
2023-09-18 18:00:00,Imported workout,3600,Standing Calf Raise (Machine),Rest Timer,,,,90.0,
2023-09-18 18:00:00,Imported workout,3600,Standing Calf Raise (Machine),2,149.0,12.0,,,
2023-09-18 18:00:00,Imported workout,3600,Standing Calf Raise (Machine),Rest Timer,,,,90.0,
2023-09-18 18:00:00,Imported workout,3600,Standing Calf Raise (Machine),1,149.0,12.0,,,
2023-09-18 18:00:00,Imported workout,3600,Standing Calf Raise (Machine),Rest Timer,,,,90.0,
2023-09-18 18:00:00,Imported workout,3600,Leg Press,2,40.0,10.0,,,
2023-09-18 18:00:00,Imported workout,3600,Leg Press,Rest Timer,,,,90.0,
2023-09-18 18:00:00,Imported workout,3600,Leg Press,3,40.0,10.0,,,
2023-09-18 18:00:00,Imported workout,3600,Leg Press,Rest Timer,,,,90.0,
2023-09-18 18:00:00,Imported workout,3600,Leg Press,1,40.0,10.0,,,
2023-09-18 18:00:00,Imported workout,3600,Leg Press,Rest Timer,,,,90.0,
2023-09-21 18:00:00,Imported workout,3600,Bench Press (Dumbbell),1,16.0,10.0,,,
2023-09-21 18:00:00,Imported workout,3600,Bench Press (Dumbbell),Rest Timer,,,,90.0,
2023-09-21 18:00:00,Imported workout,3600,Bench Press (Dumbbell),2,32.0,8.0,,,
2023-09-21 18:00:00,Imported workout,3600,Bench Press (Dumbbell),Rest Timer,,,,90.0,
2023-09-21 18:00:00,Imported workout,3600,Bench Press (Dumbbell),5,32.0,6.0,,,
2023-09-21 18:00:00,Imported workout,3600,Bench Press (Dumbbell),Rest Timer,,,,90.0,
2023-09-21 18:00:00,Imported workout,3600,Bench Press (Dumbbell),3,32.0,8.0,,,
2023-09-21 18:00:00,Imported workout,3600,Bench Press (Dumbbell),Rest Timer,,,,90.0,
2023-09-21 18:00:00,Imported workout,3600,Bench Press (Dumbbell),4,32.0,8.0,,,
2023-09-21 18:00:00,Imported workout,3600,Bench Press (Dumbbell),Rest Timer,,,,90.0,
2023-09-21 18:00:00,Imported workout,3600,Bench Press (Dumbbell),6,32.0,8.0,,,
2023-09-21 18:00:00,Imported workout,3600,Bench Press (Dumbbell),Rest Timer,,,,90.0,
2023-09-21 18:00:00,Imported workout,3600,Seated Overhead Press (Dumbbell),2,26.0,8.0,,,
2023-09-21 18:00:00,Imported workout,3600,Seated Overhead Press (Dumbbell),Rest Timer,,,,90.0,
2023-09-21 18:00:00,Imported workout,3600,Seated Overhead Press (Dumbbell),3,26.0,8.0,,,
2023-09-21 18:00:00,Imported workout,3600,Seated Overhead Press (Dumbbell),Rest Timer,,,,90.0,
2023-09-21 18:00:00,Imported workout,3600,Seated Overhead Press (Dumbbell),4,26.0,8.0,,,
2023-09-21 18:00:00,Imported workout,3600,Seated Overhead Press (Dumbbell),Rest Timer,,,,90.0,
2023-09-21 18:00:00,Imported workout,3600,Seated Overhead Press (Dumbbell),1,26.0,6.0,,,
2023-09-21 18:00:00,Imported workout,3600,Seated Overhead Press (Dumbbell),Rest Timer,,,,90.0,
2023-09-21 18:00:00,Imported workout,3600,Seated Overhead Press (Dumbbell),5,26.0,8.0,,,
2023-09-21 18:00:00,Imported workout,3600,Seated Overhead Press (Dumbbell),Rest Timer,,,,90.0,
2023-09-21 18:00:00,Imported workout,3600,Pec Deck (Machine),2,79.0,8.0,,,
2023-09-21 18:00:00,Imported workout,3600,Pec Deck (Machine),Rest Timer,,,,90.0,
2023-09-21 18:00:00,Imported workout,3600,Pec Deck (Machine),3,79.0,10.0,,,
2023-09-21 18:00:00,Imported workout,3600,Pec Deck (Machine),Rest Timer,,,,90.0,
2023-09-21 18:00:00,Imported workout,3600,Pec Deck (Machine),1,79.0,8.0,,,
2023-09-21 18:00:00,Imported workout,3600,Pec Deck (Machine),Rest Timer,,,,90.0,
2023-09-21 18:00:00,Imported workout,3600,Bench Press - Close Grip (Barbell),1,45.0,8.0,,,
2023-09-21 18:00:00,Imported workout,3600,Bench Press - Close Grip (Barbell),Rest Timer,,,,90.0,
2023-09-21 18:00:00,Imported workout,3600,Bench Press - Close Grip (Barbell),2,45.0,6.0,,,
2023-09-21 18:00:00,Imported workout,3600,Bench Press - Close Grip (Barbell),Rest Timer,,,,90.0,
2023-09-21 18:00:00,Imported workout,3600,Bench Press - Close Grip (Barbell),3,45.0,6.0,,,
2023-09-21 18:00:00,Imported workout,3600,Bench Press - Close Grip (Barbell),Rest Timer,,,,90.0,
2023-09-21 18:00:00,Imported workout,3600,Triceps Pushdown (Cable - Straight Bar),1,25.0,8.0,,,
2023-09-21 18:00:00,Imported workout,3600,Triceps Pushdown (Cable - Straight Bar),Rest Timer,,,,90.0,
2023-09-21 18:00:00,Imported workout,3600,Triceps Pushdown (Cable - Straight Bar),3,25.0,8.0,,,
2023-09-21 18:00:00,Imported workout,3600,Triceps Pushdown (Cable - Straight Bar),Rest Timer,,,,90.0,
2023-09-21 18:00:00,Imported workout,3600,Triceps Pushdown (Cable - Straight Bar),2,25.0,8.0,,,
2023-09-21 18:00:00,Imported workout,3600,Triceps Pushdown (Cable - Straight Bar),Rest Timer,,,,90.0,
2023-09-21 18:00:00,Imported workout,3600,Lateral Raise (Dumbbell),1,9.0,12.0,,,
2023-09-21 18:00:00,Imported workout,3600,Lateral Raise (Dumbbell),Rest Timer,,,,90.0,
2023-09-21 18:00:00,Imported workout,3600,Lateral Raise (Dumbbell),2,9.0,10.0,,,
2023-09-21 18:00:00,Imported workout,3600,Lateral Raise (Dumbbell),Rest Timer,,,,90.0,
2023-09-23 18:00:00,Imported workout,3600,Pull Up,5,25.0,6.0,,,
2023-09-23 18:00:00,Imported workout,3600,Pull Up,Rest Timer,,,,90.0,
2023-09-23 18:00:00,Imported workout,3600,Pull Up,4,25.0,6.0,,,
2023-09-23 18:00:00,Imported workout,3600,Pull Up,Rest Timer,,,,90.0,
2023-09-23 18:00:00,Imported workout,3600,Pull Up,3,25.0,5.0,,,
2023-09-23 18:00:00,Imported workout,3600,Pull Up,Rest Timer,,,,90.0,
2023-09-23 18:00:00,Imported workout,3600,Pull Up,2,25.0,4.0,,,
2023-09-23 18:00:00,Imported workout,3600,Pull Up,Rest Timer,,,,90.0,
2023-09-23 18:00:00,Imported workout,3600,Pull Up,1,15.0,8.0,,,
2023-09-23 18:00:00,Imported workout,3600,Pull Up,Rest Timer,,,,90.0,
2023-09-23 18:00:00,Imported workout,3600,Leg Extension (Machine),4,79.0,10.0,,,
2023-09-23 18:00:00,Imported workout,3600,Leg Extension (Machine),Rest Timer,,,,90.0,
2023-09-23 18:00:00,Imported workout,3600,Leg Extension (Machine),3,79.0,10.0,,,
2023-09-23 18:00:00,Imported workout,3600,Leg Extension (Machine),Rest Timer,,,,90.0,
2023-09-23 18:00:00,Imported workout,3600,Leg Extension (Machine),1,79.0,12.0,,,
2023-09-23 18:00:00,Imported workout,3600,Leg Extension (Machine),Rest Timer,,,,90.0,
2023-09-23 18:00:00,Imported workout,3600,Leg Extension (Machine),2,79.0,12.0,,,
2023-09-23 18:00:00,Imported workout,3600,Leg Extension (Machine),Rest Timer,,,,90.0,
2023-09-23 18:00:00,Imported workout,3600,Lying Leg Curl (Machine),3,44.0,8.0,,,
2023-09-23 18:00:00,Imported workout,3600,Lying Leg Curl (Machine),Rest Timer,,,,90.0,
2023-09-23 18:00:00,Imported workout,3600,Lying Leg Curl (Machine),2,44.0,8.0,,,
2023-09-23 18:00:00,Imported workout,3600,Lying Leg Curl (Machine),Rest Timer,,,,90.0,
2023-09-23 18:00:00,Imported workout,3600,Lying Leg Curl (Machine),1,44.0,8.0,,,
2023-09-23 18:00:00,Imported workout,3600,Lying Leg Curl (Machine),Rest Timer,,,,90.0,
2023-09-25 18:00:00,Imported workout,3600,Romanian Deadlift (Barbell),5,72.0,8.0,,,
2023-09-25 18:00:00,Imported workout,3600,Romanian Deadlift (Barbell),Rest Timer,,,,90.0,
2023-09-25 18:00:00,Imported workout,3600,Romanian Deadlift (Barbell),1,72.0,8.0,,,
2023-09-25 18:00:00,Imported workout,3600,Romanian Deadlift (Barbell),Rest Timer,,,,90.0,
2023-09-25 18:00:00,Imported workout,3600,Romanian Deadlift (Barbell),2,72.0,8.0,,,
2023-09-25 18:00:00,Imported workout,3600,Romanian Deadlift (Barbell),Rest Timer,,,,90.0,
2023-09-25 18:00:00,Imported workout,3600,Romanian Deadlift (Barbell),3,72.0,8.0,,,
2023-09-25 18:00:00,Imported workout,3600,Romanian Deadlift (Barbell),Rest Timer,,,,90.0,
2023-09-25 18:00:00,Imported workout,3600,Romanian Deadlift (Barbell),4,72.0,6.0,,,
2023-09-25 18:00:00,Imported workout,3600,Romanian Deadlift (Barbell),Rest Timer,,,,90.0,
2023-09-25 18:00:00,Imported workout,3600,Incline Bench Press (Dumbbell),5,24.0,8.0,,,
2023-09-25 18:00:00,Imported workout,3600,Incline Bench Press (Dumbbell),Rest Timer,,,,90.0,
2023-09-25 18:00:00,Imported workout,3600,Incline Bench Press (Dumbbell),2,34.0,5.0,,,
2023-09-25 18:00:00,Imported workout,3600,Incline Bench Press (Dumbbell),Rest Timer,,,,90.0,
2023-09-25 18:00:00,Imported workout,3600,Incline Bench Press (Dumbbell),3,34.0,6.0,,,
2023-09-25 18:00:00,Imported workout,3600,Incline Bench Press (Dumbbell),Rest Timer,,,,90.0,
2023-09-25 18:00:00,Imported workout,3600,Incline Bench Press (Dumbbell),4,36.0,5.0,,,
2023-09-25 18:00:00,Imported workout,3600,Incline Bench Press (Dumbbell),Rest Timer,,,,90.0,
2023-09-25 18:00:00,Imported workout,3600,Incline Bench Press (Dumbbell),1,34.0,4.0,,,
2023-09-25 18:00:00,Imported workout,3600,Incline Bench Press (Dumbbell),Rest Timer,,,,90.0,
2023-09-25 18:00:00,Imported workout,3600,Lying Leg Curl (Machine),3,54.0,12.0,,,
2023-09-25 18:00:00,Imported workout,3600,Lying Leg Curl (Machine),Rest Timer,,,,90.0,
2023-09-25 18:00:00,Imported workout,3600,Lying Leg Curl (Machine),2,54.0,12.0,,,
2023-09-25 18:00:00,Imported workout,3600,Lying Leg Curl (Machine),Rest Timer,,,,90.0,
2023-09-25 18:00:00,Imported workout,3600,Lying Leg Curl (Machine),1,54.0,12.0,,,
2023-09-25 18:00:00,Imported workout,3600,Lying Leg Curl (Machine),Rest Timer,,,,90.0,
2023-09-25 18:00:00,Imported workout,3600,Leg Extension (Machine),2,79.0,10.0,,,
2023-09-25 18:00:00,Imported workout,3600,Leg Extension (Machine),Rest Timer,,,,90.0,
2023-09-25 18:00:00,Imported workout,3600,Leg Extension (Machine),3,79.0,12.0,,,
2023-09-25 18:00:00,Imported workout,3600,Leg Extension (Machine),Rest Timer,,,,90.0,
2023-09-25 18:00:00,Imported workout,3600,Leg Extension (Machine),1,79.0,12.0,,,
2023-09-25 18:00:00,Imported workout,3600,Leg Extension (Machine),Rest Timer,,,,90.0,
2023-09-25 18:00:00,Imported workout,3600,Face Pull (Cable),3,41.0,8.0,,,
2023-09-25 18:00:00,Imported workout,3600,Face Pull (Cable),Rest Timer,,,,90.0,
2023-09-25 18:00:00,Imported workout,3600,Face Pull (Cable),2,41.0,8.0,,,
2023-09-25 18:00:00,Imported workout,3600,Face Pull (Cable),Rest Timer,,,,90.0,
2023-09-25 18:00:00,Imported workout,3600,Face Pull (Cable),1,41.0,8.0,,,
2023-09-25 18:00:00,Imported workout,3600,Face Pull (Cable),Rest Timer,,,,90.0,
2023-09-25 18:00:00,Imported workout,3600,Preacher Curl (Barbell),3,25.0,8.0,,,
2023-09-25 18:00:00,Imported workout,3600,Preacher Curl (Barbell),Rest Timer,,,,90.0,
2023-09-25 18:00:00,Imported workout,3600,Preacher Curl (Barbell),2,25.0,8.0,,,
2023-09-25 18:00:00,Imported workout,3600,Preacher Curl (Barbell),Rest Timer,,,,90.0,
2023-09-25 18:00:00,Imported workout,3600,Preacher Curl (Barbell),1,25.0,7.0,,,
2023-09-25 18:00:00,Imported workout,3600,Preacher Curl (Barbell),Rest Timer,,,,90.0,
2023-09-27 18:00:00,Imported workout,3600,Bench Press (Dumbbell),6,22.0,8.0,,,
2023-09-27 18:00:00,Imported workout,3600,Bench Press (Dumbbell),Rest Timer,,,,90.0,
2023-09-27 18:00:00,Imported workout,3600,Bench Press (Dumbbell),5,36.0,5.0,,,
2023-09-27 18:00:00,Imported workout,3600,Bench Press (Dumbbell),Rest Timer,,,,90.0,
2023-09-27 18:00:00,Imported workout,3600,Bench Press (Dumbbell),4,36.0,7.0,,,
2023-09-27 18:00:00,Imported workout,3600,Bench Press (Dumbbell),Rest Timer,,,,90.0,
2023-09-27 18:00:00,Imported workout,3600,Bench Press (Dumbbell),3,36.0,7.0,,,
2023-09-27 18:00:00,Imported workout,3600,Bench Press (Dumbbell),Rest Timer,,,,90.0,
2023-09-27 18:00:00,Imported workout,3600,Bench Press (Dumbbell),2,36.0,5.0,,,
2023-09-27 18:00:00,Imported workout,3600,Bench Press (Dumbbell),Rest Timer,,,,90.0,
2023-09-27 18:00:00,Imported workout,3600,Bench Press (Dumbbell),1,36.0,5.0,,,
2023-09-27 18:00:00,Imported workout,3600,Bench Press (Dumbbell),Rest Timer,,,,90.0,
2023-09-27 18:00:00,Imported workout,3600,Seated Overhead Press (Dumbbell),4,26.0,9.0,,,
2023-09-27 18:00:00,Imported workout,3600,Seated Overhead Press (Dumbbell),Rest Timer,,,,90.0,
2023-09-27 18:00:00,Imported workout,3600,Seated Overhead Press (Dumbbell),3,26.0,7.0,,,
2023-09-27 18:00:00,Imported workout,3600,Seated Overhead Press (Dumbbell),Rest Timer,,,,90.0,
2023-09-27 18:00:00,Imported workout,3600,Seated Overhead Press (Dumbbell),5,26.0,8.0,,,
2023-09-27 18:00:00,Imported workout,3600,Seated Overhead Press (Dumbbell),Rest Timer,,,,90.0,
2023-09-27 18:00:00,Imported workout,3600,Seated Overhead Press (Dumbbell),2,26.0,5.0,,,
2023-09-27 18:00:00,Imported workout,3600,Seated Overhead Press (Dumbbell),Rest Timer,,,,90.0,
2023-09-27 18:00:00,Imported workout,3600,Seated Overhead Press (Dumbbell),1,26.0,5.0,,,
2023-09-27 18:00:00,Imported workout,3600,Seated Overhead Press (Dumbbell),Rest Timer,,,,90.0,
2023-09-27 18:00:00,Imported workout,3600,Cable Crossover,3,14.0,8.0,,,
2023-09-27 18:00:00,Imported workout,3600,Cable Crossover,Rest Timer,,,,90.0,
2023-09-27 18:00:00,Imported workout,3600,Cable Crossover,2,14.0,8.0,,,
2023-09-27 18:00:00,Imported workout,3600,Cable Crossover,Rest Timer,,,,90.0,
2023-09-27 18:00:00,Imported workout,3600,Cable Crossover,1,14.0,8.0,,,
2023-09-27 18:00:00,Imported workout,3600,Cable Crossover,Rest Timer,,,,90.0,
2023-09-27 18:00:00,Imported workout,3600,Lateral Raise (Dumbbell),3,9.0,10.0,,,
2023-09-27 18:00:00,Imported workout,3600,Lateral Raise (Dumbbell),Rest Timer,,,,90.0,
2023-09-27 18:00:00,Imported workout,3600,Lateral Raise (Dumbbell),2,9.0,10.0,,,
2023-09-27 18:00:00,Imported workout,3600,Lateral Raise (Dumbbell),Rest Timer,,,,90.0,
2023-09-27 18:00:00,Imported workout,3600,Lateral Raise (Dumbbell),1,9.0,10.0,,,
2023-09-27 18:00:00,Imported workout,3600,Lateral Raise (Dumbbell),Rest Timer,,,,90.0,
2023-09-27 18:00:00,Imported workout,3600,Bench Press - Close Grip (Barbell),1,25.0,8.0,,,
2023-09-27 18:00:00,Imported workout,3600,Bench Press - Close Grip (Barbell),Rest Timer,,,,90.0,
2023-09-27 18:00:00,Imported workout,3600,Pec Deck (Machine),2,86.0,10.0,,,
2023-09-27 18:00:00,Imported workout,3600,Pec Deck (Machine),Rest Timer,,,,90.0,
2023-09-27 18:00:00,Imported workout,3600,Pec Deck (Machine),1,86.0,8.0,,,
2023-09-27 18:00:00,Imported workout,3600,Pec Deck (Machine),Rest Timer,,,,90.0,
2023-09-29 18:00:00,Imported workout,3600,Pull Up,1,25.0,6.0,,,
2023-09-29 18:00:00,Imported workout,3600,Pull Up,Rest Timer,,,,90.0,
2023-09-29 18:00:00,Imported workout,3600,Pull Up,4,25.0,6.0,,,
2023-09-29 18:00:00,Imported workout,3600,Pull Up,Rest Timer,,,,90.0,
2023-09-29 18:00:00,Imported workout,3600,Pull Up,2,25.0,5.0,,,
2023-09-29 18:00:00,Imported workout,3600,Pull Up,Rest Timer,,,,90.0,
2023-09-29 18:00:00,Imported workout,3600,Pull Up,3,25.0,3.0,,,
2023-09-29 18:00:00,Imported workout,3600,Pull Up,Rest Timer,,,,90.0,
2023-09-29 18:00:00,Imported workout,3600,Leg Extension (Machine),1,66.0,8.0,,,
2023-09-29 18:00:00,Imported workout,3600,Leg Extension (Machine),Rest Timer,,,,90.0,
2023-09-29 18:00:00,Imported workout,3600,Leg Extension (Machine),5,86.0,10.0,,,
2023-09-29 18:00:00,Imported workout,3600,Leg Extension (Machine),Rest Timer,,,,90.0,
2023-09-29 18:00:00,Imported workout,3600,Leg Extension (Machine),2,86.0,12.0,,,
2023-09-29 18:00:00,Imported workout,3600,Leg Extension (Machine),Rest Timer,,,,90.0,
2023-09-29 18:00:00,Imported workout,3600,Leg Extension (Machine),3,86.0,12.0,,,
2023-09-29 18:00:00,Imported workout,3600,Leg Extension (Machine),Rest Timer,,,,90.0,
2023-09-29 18:00:00,Imported workout,3600,Leg Extension (Machine),4,86.0,12.0,,,
2023-09-29 18:00:00,Imported workout,3600,Leg Extension (Machine),Rest Timer,,,,90.0,
2023-09-29 18:00:00,Imported workout,3600,Seated Row (Cable),2,66.0,8.0,,,
2023-09-29 18:00:00,Imported workout,3600,Seated Row (Cable),Rest Timer,,,,90.0,
2023-09-29 18:00:00,Imported workout,3600,Seated Row (Cable),3,66.0,8.0,,,
2023-09-29 18:00:00,Imported workout,3600,Seated Row (Cable),Rest Timer,,,,90.0,
2023-09-29 18:00:00,Imported workout,3600,Seated Row (Cable),1,66.0,8.0,,,
2023-09-29 18:00:00,Imported workout,3600,Seated Row (Cable),Rest Timer,,,,90.0,
2023-09-29 18:00:00,Imported workout,3600,Seated Row (Machine),2,66.0,5.0,,,
2023-09-29 18:00:00,Imported workout,3600,Seated Row (Machine),Rest Timer,,,,90.0,
2023-09-29 18:00:00,Imported workout,3600,Seated Row (Machine),3,66.0,6.0,,,
2023-09-29 18:00:00,Imported workout,3600,Seated Row (Machine),Rest Timer,,,,90.0,
2023-09-29 18:00:00,Imported workout,3600,Seated Row (Machine),1,66.0,6.0,,,
2023-09-29 18:00:00,Imported workout,3600,Seated Row (Machine),Rest Timer,,,,90.0,
2023-09-29 18:00:00,Imported workout,3600,Incline Curl (Dumbbell),1,14.0,8.0,,,
2023-09-29 18:00:00,Imported workout,3600,Incline Curl (Dumbbell),Rest Timer,,,,90.0,
2023-09-29 18:00:00,Imported workout,3600,Incline Curl (Dumbbell),2,14.0,12.0,,,
2023-09-29 18:00:00,Imported workout,3600,Incline Curl (Dumbbell),Rest Timer,,,,90.0,
2023-09-29 18:00:00,Imported workout,3600,Incline Curl (Dumbbell),3,14.0,8.0,,,
2023-09-29 18:00:00,Imported workout,3600,Incline Curl (Dumbbell),Rest Timer,,,,90.0,
2023-09-29 18:00:00,Imported workout,3600,Incline Curl (Dumbbell),4,14.0,8.0,,,
2023-09-29 18:00:00,Imported workout,3600,Incline Curl (Dumbbell),Rest Timer,,,,90.0,
2023-09-29 18:00:00,Imported workout,3600,Hammer Curl (Dumbbell),2,12.0,10.0,,,
2023-09-29 18:00:00,Imported workout,3600,Hammer Curl (Dumbbell),Rest Timer,,,,90.0,
2023-09-29 18:00:00,Imported workout,3600,Hammer Curl (Dumbbell),3,14.0,9.0,,,
2023-09-29 18:00:00,Imported workout,3600,Hammer Curl (Dumbbell),Rest Timer,,,,90.0,
2023-09-29 18:00:00,Imported workout,3600,Hammer Curl (Dumbbell),4,14.0,9.0,,,
2023-09-29 18:00:00,Imported workout,3600,Hammer Curl (Dumbbell),Rest Timer,,,,90.0,
2023-09-29 18:00:00,Imported workout,3600,Hammer Curl (Dumbbell),1,14.0,8.0,,,
2023-09-29 18:00:00,Imported workout,3600,Hammer Curl (Dumbbell),Rest Timer,,,,90.0,
2023-10-01 18:00:00,Imported workout,3600,Romanian Deadlift (Barbell),4,72.0,8.0,,,
2023-10-01 18:00:00,Imported workout,3600,Romanian Deadlift (Barbell),Rest Timer,,,,90.0,
2023-10-01 18:00:00,Imported workout,3600,Romanian Deadlift (Barbell),3,72.0,8.0,,,
2023-10-01 18:00:00,Imported workout,3600,Romanian Deadlift (Barbell),Rest Timer,,,,90.0,
2023-10-01 18:00:00,Imported workout,3600,Romanian Deadlift (Barbell),2,72.0,8.0,,,
2023-10-01 18:00:00,Imported workout,3600,Romanian Deadlift (Barbell),Rest Timer,,,,90.0,
2023-10-01 18:00:00,Imported workout,3600,Romanian Deadlift (Barbell),1,72.0,8.0,,,
2023-10-01 18:00:00,Imported workout,3600,Romanian Deadlift (Barbell),Rest Timer,,,,90.0,
2023-10-01 18:00:00,Imported workout,3600,Incline Bench Press (Dumbbell),4,24.0,8.0,,,
2023-10-01 18:00:00,Imported workout,3600,Incline Bench Press (Dumbbell),Rest Timer,,,,90.0,
2023-10-01 18:00:00,Imported workout,3600,Incline Bench Press (Dumbbell),3,30.0,8.0,,,
2023-10-01 18:00:00,Imported workout,3600,Incline Bench Press (Dumbbell),Rest Timer,,,,90.0,
2023-10-01 18:00:00,Imported workout,3600,Incline Bench Press (Dumbbell),2,34.0,7.0,,,
2023-10-01 18:00:00,Imported workout,3600,Incline Bench Press (Dumbbell),Rest Timer,,,,90.0,
2023-10-01 18:00:00,Imported workout,3600,Incline Bench Press (Dumbbell),5,34.0,6.0,,,
2023-10-01 18:00:00,Imported workout,3600,Incline Bench Press (Dumbbell),Rest Timer,,,,90.0,
2023-10-01 18:00:00,Imported workout,3600,Incline Bench Press (Dumbbell),1,34.0,8.0,,,
2023-10-01 18:00:00,Imported workout,3600,Incline Bench Press (Dumbbell),Rest Timer,,,,90.0,
2023-10-01 18:00:00,Imported workout,3600,Face Pull (Cable),1,41.0,8.0,,,
2023-10-01 18:00:00,Imported workout,3600,Face Pull (Cable),Rest Timer,,,,90.0,
2023-10-01 18:00:00,Imported workout,3600,Face Pull (Cable),3,41.0,8.0,,,
2023-10-01 18:00:00,Imported workout,3600,Face Pull (Cable),Rest Timer,,,,90.0,
2023-10-01 18:00:00,Imported workout,3600,Face Pull (Cable),2,41.0,8.0,,,
2023-10-01 18:00:00,Imported workout,3600,Face Pull (Cable),Rest Timer,,,,90.0,
2023-10-01 18:00:00,Imported workout,3600,Leg Press,3,65.0,8.0,,,
2023-10-01 18:00:00,Imported workout,3600,Leg Press,Rest Timer,,,,90.0,
2023-10-01 18:00:00,Imported workout,3600,Standing Calf Raise (Machine),3,149.0,12.0,,,
2023-10-01 18:00:00,Imported workout,3600,Standing Calf Raise (Machine),Rest Timer,,,,90.0,
2023-10-01 18:00:00,Imported workout,3600,Standing Calf Raise (Machine),2,149.0,12.0,,,
2023-10-01 18:00:00,Imported workout,3600,Standing Calf Raise (Machine),Rest Timer,,,,90.0,
2023-10-01 18:00:00,Imported workout,3600,Standing Calf Raise (Machine),1,149.0,12.0,,,
2023-10-01 18:00:00,Imported workout,3600,Standing Calf Raise (Machine),Rest Timer,,,,90.0,
2023-10-01 18:00:00,Imported workout,3600,Leg Press,2,65.0,8.0,,,
2023-10-01 18:00:00,Imported workout,3600,Leg Press,Rest Timer,,,,90.0,
2023-10-01 18:00:00,Imported workout,3600,Leg Press,1,65.0,8.0,,,
2023-10-01 18:00:00,Imported workout,3600,Leg Press,Rest Timer,,,,90.0,
2023-10-03 18:00:00,Imported workout,3600,Bench Press (Barbell),1,25.0,8.0,,,
2023-10-03 18:00:00,Imported workout,3600,Bench Press (Barbell),Rest Timer,,,,90.0,
2023-10-03 18:00:00,Imported workout,3600,Bench Press (Barbell),2,80.0,8.0,,,
2023-10-03 18:00:00,Imported workout,3600,Bench Press (Barbell),Rest Timer,,,,90.0,
2023-10-03 18:00:00,Imported workout,3600,Bench Press (Barbell),3,85.0,6.0,,,
2023-10-03 18:00:00,Imported workout,3600,Bench Press (Barbell),Rest Timer,,,,90.0,
2023-10-03 18:00:00,Imported workout,3600,Bench Press (Barbell),4,90.0,5.0,,,
2023-10-03 18:00:00,Imported workout,3600,Bench Press (Barbell),Rest Timer,,,,90.0,
2023-10-03 18:00:00,Imported workout,3600,Bench Press (Barbell),6,90.0,4.0,,,
2023-10-03 18:00:00,Imported workout,3600,Bench Press (Barbell),Rest Timer,,,,90.0,
2023-10-03 18:00:00,Imported workout,3600,Bench Press (Barbell),5,90.0,3.0,,,
2023-10-03 18:00:00,Imported workout,3600,Bench Press (Barbell),Rest Timer,,,,90.0,
2023-10-03 18:00:00,Imported workout,3600,Seated Overhead Press (Dumbbell),4,26.0,7.0,,,
2023-10-03 18:00:00,Imported workout,3600,Seated Overhead Press (Dumbbell),Rest Timer,,,,90.0,
2023-10-03 18:00:00,Imported workout,3600,Seated Overhead Press (Dumbbell),5,26.0,8.0,,,
2023-10-03 18:00:00,Imported workout,3600,Seated Overhead Press (Dumbbell),Rest Timer,,,,90.0,
2023-10-03 18:00:00,Imported workout,3600,Seated Overhead Press (Dumbbell),2,26.0,8.0,,,
2023-10-03 18:00:00,Imported workout,3600,Seated Overhead Press (Dumbbell),Rest Timer,,,,90.0,
2023-10-03 18:00:00,Imported workout,3600,Seated Overhead Press (Dumbbell),3,26.0,6.0,,,
2023-10-03 18:00:00,Imported workout,3600,Seated Overhead Press (Dumbbell),Rest Timer,,,,90.0,
2023-10-03 18:00:00,Imported workout,3600,Seated Overhead Press (Dumbbell),1,26.0,7.0,,,
2023-10-03 18:00:00,Imported workout,3600,Seated Overhead Press (Dumbbell),Rest Timer,,,,90.0,
2023-10-03 18:00:00,Imported workout,3600,Pec Deck (Machine),3,86.0,8.0,,,
2023-10-03 18:00:00,Imported workout,3600,Pec Deck (Machine),Rest Timer,,,,90.0,
2023-10-03 18:00:00,Imported workout,3600,Pec Deck (Machine),1,86.0,8.0,,,
2023-10-03 18:00:00,Imported workout,3600,Pec Deck (Machine),Rest Timer,,,,90.0,
2023-10-03 18:00:00,Imported workout,3600,Pec Deck (Machine),2,86.0,8.0,,,
2023-10-03 18:00:00,Imported workout,3600,Pec Deck (Machine),Rest Timer,,,,90.0,
2023-10-03 18:00:00,Imported workout,3600,Cable Crossover,1,18.0,8.0,,,
2023-10-03 18:00:00,Imported workout,3600,Cable Crossover,Rest Timer,,,,90.0,
2023-10-03 18:00:00,Imported workout,3600,Cable Crossover,2,18.0,7.0,,,
2023-10-03 18:00:00,Imported workout,3600,Cable Crossover,Rest Timer,,,,90.0,
2023-10-03 18:00:00,Imported workout,3600,Cable Crossover,4,18.0,8.0,,,
2023-10-03 18:00:00,Imported workout,3600,Cable Crossover,Rest Timer,,,,90.0,
2023-10-03 18:00:00,Imported workout,3600,Cable Crossover,3,18.0,8.0,,,
2023-10-03 18:00:00,Imported workout,3600,Cable Crossover,Rest Timer,,,,90.0,
2023-10-03 18:00:00,Imported workout,3600,Triceps Pushdown (Cable - Straight Bar),2,23.0,8.0,,,
2023-10-03 18:00:00,Imported workout,3600,Triceps Pushdown (Cable - Straight Bar),Rest Timer,,,,90.0,
2023-10-03 18:00:00,Imported workout,3600,Triceps Pushdown (Cable - Straight Bar),1,23.0,8.0,,,
2023-10-03 18:00:00,Imported workout,3600,Triceps Pushdown (Cable - Straight Bar),Rest Timer,,,,90.0,
2023-10-03 18:00:00,Imported workout,3600,Triceps Pushdown (Cable - Straight Bar),3,23.0,8.0,,,
2023-10-03 18:00:00,Imported workout,3600,Triceps Pushdown (Cable - Straight Bar),Rest Timer,,,,90.0,
2023-10-04 18:00:00,Imported workout,3600,Pull Up,4,,10.0,,,
2023-10-04 18:00:00,Imported workout,3600,Pull Up,Rest Timer,,,,90.0,
2023-10-04 18:00:00,Imported workout,3600,Pull Up,1,,10.0,,,
2023-10-04 18:00:00,Imported workout,3600,Pull Up,Rest Timer,,,,90.0,
2023-10-04 18:00:00,Imported workout,3600,Pull Up,2,,10.0,,,
2023-10-04 18:00:00,Imported workout,3600,Pull Up,Rest Timer,,,,90.0,
2023-10-04 18:00:00,Imported workout,3600,Pull Up,3,,10.0,,,
2023-10-04 18:00:00,Imported workout,3600,Pull Up,Rest Timer,,,,90.0,
2023-10-04 18:00:00,Imported workout,3600,Pull Up,5,,10.0,,,
2023-10-04 18:00:00,Imported workout,3600,Pull Up,Rest Timer,,,,90.0,
2023-10-04 18:00:00,Imported workout,3600,Seated Row (Cable),1,66.0,8.0,,,
2023-10-04 18:00:00,Imported workout,3600,Seated Row (Cable),Rest Timer,,,,90.0,
2023-10-04 18:00:00,Imported workout,3600,Seated Row (Cable),2,66.0,8.0,,,
2023-10-04 18:00:00,Imported workout,3600,Seated Row (Cable),Rest Timer,,,,90.0,
2023-10-04 18:00:00,Imported workout,3600,Seated Row (Cable),3,66.0,8.0,,,
2023-10-04 18:00:00,Imported workout,3600,Seated Row (Cable),Rest Timer,,,,90.0,
2023-10-04 18:00:00,Imported workout,3600,Lateral Raise (Dumbbell),3,9.0,12.0,,,
2023-10-04 18:00:00,Imported workout,3600,Lateral Raise (Dumbbell),Rest Timer,,,,90.0,
2023-10-04 18:00:00,Imported workout,3600,Lateral Raise (Dumbbell),2,9.0,12.0,,,
2023-10-04 18:00:00,Imported workout,3600,Lateral Raise (Dumbbell),Rest Timer,,,,90.0,
2023-10-04 18:00:00,Imported workout,3600,Lateral Raise (Dumbbell),1,9.0,12.0,,,
2023-10-04 18:00:00,Imported workout,3600,Lateral Raise (Dumbbell),Rest Timer,,,,90.0,
2023-10-04 18:00:00,Imported workout,3600,Seated Row (Machine),3,66.0,8.0,,,
2023-10-04 18:00:00,Imported workout,3600,Seated Row (Machine),Rest Timer,,,,90.0,
2023-10-04 18:00:00,Imported workout,3600,Seated Row (Machine),1,66.0,8.0,,,
2023-10-04 18:00:00,Imported workout,3600,Seated Row (Machine),Rest Timer,,,,90.0,
2023-10-04 18:00:00,Imported workout,3600,Seated Row (Machine),2,66.0,8.0,,,
2023-10-04 18:00:00,Imported workout,3600,Seated Row (Machine),Rest Timer,,,,90.0,
2023-10-04 18:00:00,Imported workout,3600,Incline Curl (Dumbbell),4,14.0,7.0,,,
2023-10-04 18:00:00,Imported workout,3600,Incline Curl (Dumbbell),Rest Timer,,,,90.0,
2023-10-04 18:00:00,Imported workout,3600,Incline Curl (Dumbbell),3,14.0,8.0,,,
2023-10-04 18:00:00,Imported workout,3600,Incline Curl (Dumbbell),Rest Timer,,,,90.0,
2023-10-04 18:00:00,Imported workout,3600,Incline Curl (Dumbbell),2,14.0,12.0,,,
2023-10-04 18:00:00,Imported workout,3600,Incline Curl (Dumbbell),Rest Timer,,,,90.0,
2023-10-04 18:00:00,Imported workout,3600,Incline Curl (Dumbbell),1,14.0,10.0,,,
2023-10-04 18:00:00,Imported workout,3600,Incline Curl (Dumbbell),Rest Timer,,,,90.0,
2023-10-04 18:00:00,Imported workout,3600,Hammer Curl (Dumbbell),3,12.0,12.0,,,
2023-10-04 18:00:00,Imported workout,3600,Hammer Curl (Dumbbell),Rest Timer,,,,90.0,
2023-10-04 18:00:00,Imported workout,3600,Hammer Curl (Dumbbell),2,12.0,12.0,,,
2023-10-04 18:00:00,Imported workout,3600,Hammer Curl (Dumbbell),Rest Timer,,,,90.0,
2023-10-04 18:00:00,Imported workout,3600,Hammer Curl (Dumbbell),1,12.0,12.0,,,
2023-10-04 18:00:00,Imported workout,3600,Hammer Curl (Dumbbell),Rest Timer,,,,90.0,
2023-10-04 18:00:00,Imported workout,3600,Cable Crunch,2,41.0,12.0,,,
2023-10-04 18:00:00,Imported workout,3600,Cable Crunch,Rest Timer,,,,90.0,
2023-10-04 18:00:00,Imported workout,3600,Cable Crunch,1,41.0,12.0,,,
2023-10-04 18:00:00,Imported workout,3600,Cable Crunch,Rest Timer,,,,90.0,
2023-10-07 18:00:00,Imported workout,3600,Romanian Deadlift (Barbell),4,72.0,8.0,,,
2023-10-07 18:00:00,Imported workout,3600,Romanian Deadlift (Barbell),Rest Timer,,,,90.0,
2023-10-07 18:00:00,Imported workout,3600,Romanian Deadlift (Barbell),1,72.0,8.0,,,
2023-10-07 18:00:00,Imported workout,3600,Romanian Deadlift (Barbell),Rest Timer,,,,90.0,
2023-10-07 18:00:00,Imported workout,3600,Romanian Deadlift (Barbell),3,72.0,8.0,,,
2023-10-07 18:00:00,Imported workout,3600,Romanian Deadlift (Barbell),Rest Timer,,,,90.0,
2023-10-07 18:00:00,Imported workout,3600,Romanian Deadlift (Barbell),2,72.0,8.0,,,
2023-10-07 18:00:00,Imported workout,3600,Romanian Deadlift (Barbell),Rest Timer,,,,90.0,
2023-10-07 18:00:00,Imported workout,3600,Incline Bench Press (Dumbbell),5,18.0,8.0,,,
2023-10-07 18:00:00,Imported workout,3600,Incline Bench Press (Dumbbell),Rest Timer,,,,90.0,
2023-10-07 18:00:00,Imported workout,3600,Incline Bench Press (Dumbbell),4,36.0,6.0,,,
2023-10-07 18:00:00,Imported workout,3600,Incline Bench Press (Dumbbell),Rest Timer,,,,90.0,
2023-10-07 18:00:00,Imported workout,3600,Incline Bench Press (Dumbbell),3,36.0,5.0,,,
2023-10-07 18:00:00,Imported workout,3600,Incline Bench Press (Dumbbell),Rest Timer,,,,90.0,
2023-10-07 18:00:00,Imported workout,3600,Incline Bench Press (Dumbbell),6,36.0,6.0,,,
2023-10-07 18:00:00,Imported workout,3600,Incline Bench Press (Dumbbell),Rest Timer,,,,90.0,
2023-10-07 18:00:00,Imported workout,3600,Incline Bench Press (Dumbbell),2,36.0,5.0,,,
2023-10-07 18:00:00,Imported workout,3600,Incline Bench Press (Dumbbell),Rest Timer,,,,90.0,
2023-10-07 18:00:00,Imported workout,3600,Incline Bench Press (Dumbbell),1,36.0,4.0,,,
2023-10-07 18:00:00,Imported workout,3600,Incline Bench Press (Dumbbell),Rest Timer,,,,90.0,
2023-10-07 18:00:00,Imported workout,3600,Leg Extension (Machine),3,86.0,10.0,,,
2023-10-07 18:00:00,Imported workout,3600,Leg Extension (Machine),Rest Timer,,,,90.0,
2023-10-07 18:00:00,Imported workout,3600,Leg Extension (Machine),2,93.0,10.0,,,
2023-10-07 18:00:00,Imported workout,3600,Leg Extension (Machine),Rest Timer,,,,90.0,
2023-10-07 18:00:00,Imported workout,3600,Leg Extension (Machine),1,93.0,10.0,,,
2023-10-07 18:00:00,Imported workout,3600,Leg Extension (Machine),Rest Timer,,,,90.0,
2023-10-07 18:00:00,Imported workout,3600,Preacher Curl (Barbell),3,25.0,8.0,,,
2023-10-07 18:00:00,Imported workout,3600,Preacher Curl (Barbell),Rest Timer,,,,90.0,
2023-10-07 18:00:00,Imported workout,3600,Preacher Curl (Barbell),1,25.0,8.0,,,
2023-10-07 18:00:00,Imported workout,3600,Preacher Curl (Barbell),Rest Timer,,,,90.0,
2023-10-07 18:00:00,Imported workout,3600,Preacher Curl (Barbell),2,25.0,8.0,,,
2023-10-07 18:00:00,Imported workout,3600,Preacher Curl (Barbell),Rest Timer,,,,90.0,
2023-10-09 18:00:00,Imported workout,3600,Bench Press (Dumbbell),1,20.0,8.0,,,
2023-10-09 18:00:00,Imported workout,3600,Bench Press (Dumbbell),Rest Timer,,,,90.0,
2023-10-09 18:00:00,Imported workout,3600,Bench Press (Dumbbell),6,36.0,8.0,,,
2023-10-09 18:00:00,Imported workout,3600,Bench Press (Dumbbell),Rest Timer,,,,90.0,
2023-10-09 18:00:00,Imported workout,3600,Bench Press (Dumbbell),5,40.0,3.0,,,
2023-10-09 18:00:00,Imported workout,3600,Bench Press (Dumbbell),Rest Timer,,,,90.0,
2023-10-09 18:00:00,Imported workout,3600,Bench Press (Dumbbell),4,38.0,5.0,,,
2023-10-09 18:00:00,Imported workout,3600,Bench Press (Dumbbell),Rest Timer,,,,90.0,
2023-10-09 18:00:00,Imported workout,3600,Bench Press (Dumbbell),3,38.0,5.0,,,
2023-10-09 18:00:00,Imported workout,3600,Bench Press (Dumbbell),Rest Timer,,,,90.0,
2023-10-09 18:00:00,Imported workout,3600,Bench Press (Dumbbell),2,38.0,5.0,,,
2023-10-09 18:00:00,Imported workout,3600,Bench Press (Dumbbell),Rest Timer,,,,90.0,
2023-10-09 18:00:00,Imported workout,3600,Seated Overhead Press (Dumbbell),4,24.0,9.0,,,
2023-10-09 18:00:00,Imported workout,3600,Seated Overhead Press (Dumbbell),Rest Timer,,,,90.0,
2023-10-09 18:00:00,Imported workout,3600,Seated Overhead Press (Dumbbell),3,26.0,7.0,,,
2023-10-09 18:00:00,Imported workout,3600,Seated Overhead Press (Dumbbell),Rest Timer,,,,90.0,
2023-10-09 18:00:00,Imported workout,3600,Seated Overhead Press (Dumbbell),5,26.0,5.0,,,
2023-10-09 18:00:00,Imported workout,3600,Seated Overhead Press (Dumbbell),Rest Timer,,,,90.0,
2023-10-09 18:00:00,Imported workout,3600,Seated Overhead Press (Dumbbell),1,26.0,5.0,,,
2023-10-09 18:00:00,Imported workout,3600,Seated Overhead Press (Dumbbell),Rest Timer,,,,90.0,
2023-10-09 18:00:00,Imported workout,3600,Seated Overhead Press (Dumbbell),2,26.0,5.0,,,
2023-10-09 18:00:00,Imported workout,3600,Seated Overhead Press (Dumbbell),Rest Timer,,,,90.0,
2023-10-09 18:00:00,Imported workout,3600,Chest Dip,5,0.0,12.0,,,
2023-10-09 18:00:00,Imported workout,3600,Chest Dip,Rest Timer,,,,90.0,
2023-10-09 18:00:00,Imported workout,3600,Chest Dip,4,0.0,12.0,,,
2023-10-09 18:00:00,Imported workout,3600,Chest Dip,Rest Timer,,,,90.0,
2023-10-09 18:00:00,Imported workout,3600,Chest Dip,3,0.0,8.0,,,
2023-10-09 18:00:00,Imported workout,3600,Chest Dip,Rest Timer,,,,90.0,
2023-10-09 18:00:00,Imported workout,3600,Chest Dip,2,0.0,8.0,,,
2023-10-09 18:00:00,Imported workout,3600,Chest Dip,Rest Timer,,,,90.0,
2023-10-09 18:00:00,Imported workout,3600,Chest Dip,1,0.0,8.0,,,
2023-10-09 18:00:00,Imported workout,3600,Chest Dip,Rest Timer,,,,90.0,
2023-10-09 18:00:00,Imported workout,3600,Pec Deck (Machine),2,93.0,8.0,,,
2023-10-09 18:00:00,Imported workout,3600,Pec Deck (Machine),Rest Timer,,,,90.0,
2023-10-09 18:00:00,Imported workout,3600,Pec Deck (Machine),1,93.0,8.0,,,
2023-10-09 18:00:00,Imported workout,3600,Pec Deck (Machine),Rest Timer,,,,90.0,
2023-10-09 18:00:00,Imported workout,3600,Triceps Pushdown (Cable - Straight Bar),1,23.0,8.0,,,
2023-10-09 18:00:00,Imported workout,3600,Triceps Pushdown (Cable - Straight Bar),Rest Timer,,,,90.0,
2023-10-12 18:00:00,Imported workout,3600,Pull Up,1,25.0,6.0,,,
2023-10-12 18:00:00,Imported workout,3600,Pull Up,Rest Timer,,,,90.0,
2023-10-12 18:00:00,Imported workout,3600,Pull Up,2,25.0,5.0,,,
2023-10-12 18:00:00,Imported workout,3600,Pull Up,Rest Timer,,,,90.0,
2023-10-12 18:00:00,Imported workout,3600,Pull Up,3,25.0,5.0,,,
2023-10-12 18:00:00,Imported workout,3600,Pull Up,Rest Timer,,,,90.0,
2023-10-12 18:00:00,Imported workout,3600,Pull Up,4,25.0,5.0,,,
2023-10-12 18:00:00,Imported workout,3600,Pull Up,Rest Timer,,,,90.0,
2023-10-12 18:00:00,Imported workout,3600,Pull Up,5,15.0,8.0,,,
2023-10-12 18:00:00,Imported workout,3600,Pull Up,Rest Timer,,,,90.0,
2023-10-12 18:00:00,Imported workout,3600,Squat (Barbell),3,20.0,8.0,,,
2023-10-12 18:00:00,Imported workout,3600,Squat (Barbell),Rest Timer,,,,90.0,
2023-10-12 18:00:00,Imported workout,3600,Squat (Barbell),4,40.0,8.0,,,
2023-10-12 18:00:00,Imported workout,3600,Squat (Barbell),Rest Timer,,,,90.0,
2023-10-12 18:00:00,Imported workout,3600,Squat (Barbell),5,80.0,8.0,,,
2023-10-12 18:00:00,Imported workout,3600,Squat (Barbell),Rest Timer,,,,90.0,
2023-10-12 18:00:00,Imported workout,3600,Squat (Barbell),1,80.0,8.0,,,
2023-10-12 18:00:00,Imported workout,3600,Squat (Barbell),Rest Timer,,,,90.0,
2023-10-12 18:00:00,Imported workout,3600,Squat (Barbell),2,80.0,8.0,,,
2023-10-12 18:00:00,Imported workout,3600,Squat (Barbell),Rest Timer,,,,90.0,
2023-10-12 18:00:00,Imported workout,3600,Seated Row (Cable),2,66.0,8.0,,,
2023-10-12 18:00:00,Imported workout,3600,Seated Row (Cable),Rest Timer,,,,90.0,
2023-10-12 18:00:00,Imported workout,3600,Seated Row (Cable),1,66.0,8.0,,,
2023-10-12 18:00:00,Imported workout,3600,Seated Row (Cable),Rest Timer,,,,90.0,
2023-10-12 18:00:00,Imported workout,3600,Seated Row (Cable),3,66.0,8.0,,,
2023-10-12 18:00:00,Imported workout,3600,Seated Row (Cable),Rest Timer,,,,90.0,
2023-10-12 18:00:00,Imported workout,3600,Preacher Curl (Barbell),1,30.0,6.0,,,
2023-10-12 18:00:00,Imported workout,3600,Preacher Curl (Barbell),Rest Timer,,,,90.0,
2023-10-12 18:00:00,Imported workout,3600,Preacher Curl (Barbell),2,30.0,6.0,,,
2023-10-12 18:00:00,Imported workout,3600,Preacher Curl (Barbell),Rest Timer,,,,90.0,
2023-10-12 18:00:00,Imported workout,3600,Preacher Curl (Barbell),3,30.0,6.0,,,
2023-10-12 18:00:00,Imported workout,3600,Preacher Curl (Barbell),Rest Timer,,,,90.0,
2023-10-12 18:00:00,Imported workout,3600,Seated Row (Machine),3,45.0,8.0,,,
2023-10-12 18:00:00,Imported workout,3600,Seated Row (Machine),Rest Timer,,,,90.0,
2023-10-12 18:00:00,Imported workout,3600,Seated Row (Machine),1,45.0,8.0,,,
2023-10-12 18:00:00,Imported workout,3600,Seated Row (Machine),Rest Timer,,,,90.0,
2023-10-12 18:00:00,Imported workout,3600,Seated Row (Machine),2,45.0,8.0,,,
2023-10-12 18:00:00,Imported workout,3600,Seated Row (Machine),Rest Timer,,,,90.0,
2023-10-12 18:00:00,Imported workout,3600,Hammer Curl (Dumbbell),1,12.0,11.0,,,
2023-10-12 18:00:00,Imported workout,3600,Hammer Curl (Dumbbell),Rest Timer,,,,90.0,
2023-10-14 18:00:00,Imported workout,3600,Romanian Deadlift (Barbell),4,72.0,10.0,,,
2023-10-14 18:00:00,Imported workout,3600,Romanian Deadlift (Barbell),Rest Timer,,,,90.0,
2023-10-14 18:00:00,Imported workout,3600,Romanian Deadlift (Barbell),1,72.0,10.0,,,
2023-10-14 18:00:00,Imported workout,3600,Romanian Deadlift (Barbell),Rest Timer,,,,90.0,
2023-10-14 18:00:00,Imported workout,3600,Romanian Deadlift (Barbell),2,72.0,7.0,,,
2023-10-14 18:00:00,Imported workout,3600,Romanian Deadlift (Barbell),Rest Timer,,,,90.0,
2023-10-14 18:00:00,Imported workout,3600,Romanian Deadlift (Barbell),3,72.0,8.0,,,
2023-10-14 18:00:00,Imported workout,3600,Romanian Deadlift (Barbell),Rest Timer,,,,90.0,
2023-10-14 18:00:00,Imported workout,3600,Romanian Deadlift (Barbell),5,72.0,8.0,,,
2023-10-14 18:00:00,Imported workout,3600,Romanian Deadlift (Barbell),Rest Timer,,,,90.0,
2023-10-14 18:00:00,Imported workout,3600,Incline Bench Press (Dumbbell),3,20.0,8.0,,,
2023-10-14 18:00:00,Imported workout,3600,Incline Bench Press (Dumbbell),Rest Timer,,,,90.0,
2023-10-14 18:00:00,Imported workout,3600,Incline Bench Press (Dumbbell),4,36.0,6.0,,,
2023-10-14 18:00:00,Imported workout,3600,Incline Bench Press (Dumbbell),Rest Timer,,,,90.0,
2023-10-14 18:00:00,Imported workout,3600,Incline Bench Press (Dumbbell),5,36.0,7.0,,,
2023-10-14 18:00:00,Imported workout,3600,Incline Bench Press (Dumbbell),Rest Timer,,,,90.0,
2023-10-14 18:00:00,Imported workout,3600,Incline Bench Press (Dumbbell),6,36.0,5.0,,,
2023-10-14 18:00:00,Imported workout,3600,Incline Bench Press (Dumbbell),Rest Timer,,,,90.0,
2023-10-14 18:00:00,Imported workout,3600,Incline Bench Press (Dumbbell),2,36.0,6.0,,,
2023-10-14 18:00:00,Imported workout,3600,Incline Bench Press (Dumbbell),Rest Timer,,,,90.0,
2023-10-14 18:00:00,Imported workout,3600,Incline Bench Press (Dumbbell),1,36.0,6.0,,,
2023-10-14 18:00:00,Imported workout,3600,Incline Bench Press (Dumbbell),Rest Timer,,,,90.0,
2023-10-14 18:00:00,Imported workout,3600,Leg Press,3,45.0,8.0,,,
2023-10-14 18:00:00,Imported workout,3600,Leg Press,Rest Timer,,,,90.0,
2023-10-14 18:00:00,Imported workout,3600,Leg Press,1,60.0,10.0,,,
2023-10-14 18:00:00,Imported workout,3600,Leg Press,Rest Timer,,,,90.0,
2023-10-14 18:00:00,Imported workout,3600,Leg Press,2,60.0,10.0,,,
2023-10-14 18:00:00,Imported workout,3600,Leg Press,Rest Timer,,,,90.0,
2023-10-14 18:00:00,Imported workout,3600,Reverse Fly (Machine),3,73.0,8.0,,,
2023-10-14 18:00:00,Imported workout,3600,Reverse Fly (Machine),Rest Timer,,,,90.0,
2023-10-14 18:00:00,Imported workout,3600,Reverse Fly (Machine),2,73.0,8.0,,,
2023-10-14 18:00:00,Imported workout,3600,Reverse Fly (Machine),Rest Timer,,,,90.0,
2023-10-14 18:00:00,Imported workout,3600,Reverse Fly (Machine),1,73.0,8.0,,,
2023-10-14 18:00:00,Imported workout,3600,Reverse Fly (Machine),Rest Timer,,,,90.0,
2023-10-14 18:00:00,Imported workout,3600,Bicep Curl (Barbell),3,30.0,8.0,,,
2023-10-14 18:00:00,Imported workout,3600,Bicep Curl (Barbell),Rest Timer,,,,90.0,
2023-10-14 18:00:00,Imported workout,3600,Bicep Curl (Barbell),2,30.0,8.0,,,
2023-10-14 18:00:00,Imported workout,3600,Bicep Curl (Barbell),Rest Timer,,,,90.0,
2023-10-14 18:00:00,Imported workout,3600,Bicep Curl (Barbell),1,30.0,8.0,,,
2023-10-14 18:00:00,Imported workout,3600,Bicep Curl (Barbell),Rest Timer,,,,90.0,
2023-10-14 18:00:00,Imported workout,3600,Triceps Pushdown (Cable - Straight Bar),2,23.0,8.0,,,
2023-10-14 18:00:00,Imported workout,3600,Triceps Pushdown (Cable - Straight Bar),Rest Timer,,,,90.0,
2023-10-14 18:00:00,Imported workout,3600,Triceps Pushdown (Cable - Straight Bar),3,23.0,8.0,,,
2023-10-14 18:00:00,Imported workout,3600,Triceps Pushdown (Cable - Straight Bar),Rest Timer,,,,90.0,
2023-10-14 18:00:00,Imported workout,3600,Triceps Pushdown (Cable - Straight Bar),1,23.0,8.0,,,
2023-10-14 18:00:00,Imported workout,3600,Triceps Pushdown (Cable - Straight Bar),Rest Timer,,,,90.0,
2023-10-16 18:00:00,Imported workout,3600,Bench Press (Barbell),2,20.0,12.0,,,
2023-10-16 18:00:00,Imported workout,3600,Bench Press (Barbell),Rest Timer,,,,90.0,
2023-10-16 18:00:00,Imported workout,3600,Bench Press (Barbell),3,70.0,8.0,,,
2023-10-16 18:00:00,Imported workout,3600,Bench Press (Barbell),Rest Timer,,,,90.0,
2023-10-16 18:00:00,Imported workout,3600,Bench Press (Barbell),1,85.0,8.0,,,
2023-10-16 18:00:00,Imported workout,3600,Bench Press (Barbell),Rest Timer,,,,90.0,
2023-10-16 18:00:00,Imported workout,3600,Bench Press (Barbell),4,85.0,6.0,,,
2023-10-16 18:00:00,Imported workout,3600,Bench Press (Barbell),Rest Timer,,,,90.0,
2023-10-16 18:00:00,Imported workout,3600,Bench Press (Barbell),5,85.0,6.0,,,
2023-10-16 18:00:00,Imported workout,3600,Bench Press (Barbell),Rest Timer,,,,90.0,
2023-10-16 18:00:00,Imported workout,3600,Seated Overhead Press (Dumbbell),2,26.0,7.0,,,
2023-10-16 18:00:00,Imported workout,3600,Seated Overhead Press (Dumbbell),Rest Timer,,,,90.0,
2023-10-16 18:00:00,Imported workout,3600,Seated Overhead Press (Dumbbell),3,26.0,8.0,,,
2023-10-16 18:00:00,Imported workout,3600,Seated Overhead Press (Dumbbell),Rest Timer,,,,90.0,
2023-10-16 18:00:00,Imported workout,3600,Seated Overhead Press (Dumbbell),4,26.0,6.0,,,
2023-10-16 18:00:00,Imported workout,3600,Seated Overhead Press (Dumbbell),Rest Timer,,,,90.0,
2023-10-16 18:00:00,Imported workout,3600,Seated Overhead Press (Dumbbell),1,26.0,6.0,,,
2023-10-16 18:00:00,Imported workout,3600,Seated Overhead Press (Dumbbell),Rest Timer,,,,90.0,
2023-10-16 18:00:00,Imported workout,3600,Pec Deck (Machine),3,86.0,8.0,,,
2023-10-16 18:00:00,Imported workout,3600,Pec Deck (Machine),Rest Timer,,,,90.0,
2023-10-16 18:00:00,Imported workout,3600,Pec Deck (Machine),2,86.0,8.0,,,
2023-10-16 18:00:00,Imported workout,3600,Pec Deck (Machine),Rest Timer,,,,90.0,
2023-10-16 18:00:00,Imported workout,3600,Pec Deck (Machine),1,86.0,8.0,,,
2023-10-16 18:00:00,Imported workout,3600,Pec Deck (Machine),Rest Timer,,,,90.0,
2023-10-16 18:00:00,Imported workout,3600,Chest Dip,3,0.0,8.0,,,
2023-10-16 18:00:00,Imported workout,3600,Chest Dip,Rest Timer,,,,90.0,
2023-10-16 18:00:00,Imported workout,3600,Chest Dip,2,0.0,8.0,,,
2023-10-16 18:00:00,Imported workout,3600,Chest Dip,Rest Timer,,,,90.0,
2023-10-16 18:00:00,Imported workout,3600,Chest Dip,1,0.0,8.0,,,
2023-10-16 18:00:00,Imported workout,3600,Chest Dip,Rest Timer,,,,90.0,
2023-10-16 18:00:00,Imported workout,3600,Triceps Pushdown (Cable - Straight Bar),3,18.0,15.0,,,
2023-10-16 18:00:00,Imported workout,3600,Triceps Pushdown (Cable - Straight Bar),Rest Timer,,,,90.0,
2023-10-16 18:00:00,Imported workout,3600,Triceps Pushdown (Cable - Straight Bar),2,18.0,15.0,,,
2023-10-16 18:00:00,Imported workout,3600,Triceps Pushdown (Cable - Straight Bar),Rest Timer,,,,90.0,
2023-10-16 18:00:00,Imported workout,3600,Triceps Pushdown (Cable - Straight Bar),1,18.0,10.0,,,
2023-10-16 18:00:00,Imported workout,3600,Triceps Pushdown (Cable - Straight Bar),Rest Timer,,,,90.0,
2023-10-16 18:00:00,Imported workout,3600,Cable Crunch,1,41.0,12.0,,,
2023-10-16 18:00:00,Imported workout,3600,Cable Crunch,Rest Timer,,,,90.0,
2023-10-24 18:00:00,Imported workout,3600,Romanian Deadlift (Barbell),3,72.0,8.0,,,
2023-10-24 18:00:00,Imported workout,3600,Romanian Deadlift (Barbell),Rest Timer,,,,90.0,
2023-10-24 18:00:00,Imported workout,3600,Romanian Deadlift (Barbell),2,72.0,8.0,,,
2023-10-24 18:00:00,Imported workout,3600,Romanian Deadlift (Barbell),Rest Timer,,,,90.0,
2023-10-24 18:00:00,Imported workout,3600,Romanian Deadlift (Barbell),1,72.0,8.0,,,
2023-10-24 18:00:00,Imported workout,3600,Romanian Deadlift (Barbell),Rest Timer,,,,90.0,
2023-10-24 18:00:00,Imported workout,3600,Incline Bench Press (Dumbbell),3,24.0,8.0,,,
2023-10-24 18:00:00,Imported workout,3600,Incline Bench Press (Dumbbell),Rest Timer,,,,90.0,
2023-10-24 18:00:00,Imported workout,3600,Incline Bench Press (Dumbbell),2,32.0,8.0,,,
2023-10-24 18:00:00,Imported workout,3600,Incline Bench Press (Dumbbell),Rest Timer,,,,90.0,
2023-10-24 18:00:00,Imported workout,3600,Incline Bench Press (Dumbbell),1,32.0,6.0,,,
2023-10-24 18:00:00,Imported workout,3600,Incline Bench Press (Dumbbell),Rest Timer,,,,90.0,
2023-10-24 18:00:00,Imported workout,3600,Incline Bench Press (Dumbbell),4,32.0,6.0,,,
2023-10-24 18:00:00,Imported workout,3600,Incline Bench Press (Dumbbell),Rest Timer,,,,90.0,
2023-10-24 18:00:00,Imported workout,3600,Standing Calf Raise (Machine),2,149.0,8.0,,,
2023-10-24 18:00:00,Imported workout,3600,Standing Calf Raise (Machine),Rest Timer,,,,90.0,
2023-10-24 18:00:00,Imported workout,3600,Standing Calf Raise (Machine),1,149.0,8.0,,,
2023-10-24 18:00:00,Imported workout,3600,Standing Calf Raise (Machine),Rest Timer,,,,90.0,
2023-10-24 18:00:00,Imported workout,3600,Standing Calf Raise (Machine),3,149.0,8.0,,,
2023-10-24 18:00:00,Imported workout,3600,Standing Calf Raise (Machine),Rest Timer,,,,90.0,
2023-10-24 18:00:00,Imported workout,3600,Triceps Pushdown (Cable - Straight Bar),3,23.0,8.0,,,
2023-10-24 18:00:00,Imported workout,3600,Triceps Pushdown (Cable - Straight Bar),Rest Timer,,,,90.0,
2023-10-24 18:00:00,Imported workout,3600,Triceps Pushdown (Cable - Straight Bar),2,23.0,8.0,,,
2023-10-24 18:00:00,Imported workout,3600,Triceps Pushdown (Cable - Straight Bar),Rest Timer,,,,90.0,
2023-10-24 18:00:00,Imported workout,3600,Triceps Pushdown (Cable - Straight Bar),1,23.0,8.0,,,
2023-10-24 18:00:00,Imported workout,3600,Triceps Pushdown (Cable - Straight Bar),Rest Timer,,,,90.0,
2023-10-24 18:00:00,Imported workout,3600,Incline Curl (Dumbbell),3,14.0,7.0,,,
2023-10-24 18:00:00,Imported workout,3600,Incline Curl (Dumbbell),Rest Timer,,,,90.0,
2023-10-24 18:00:00,Imported workout,3600,Incline Curl (Dumbbell),2,14.0,7.0,,,
2023-10-24 18:00:00,Imported workout,3600,Incline Curl (Dumbbell),Rest Timer,,,,90.0,
2023-10-24 18:00:00,Imported workout,3600,Incline Curl (Dumbbell),1,14.0,7.0,,,
2023-10-24 18:00:00,Imported workout,3600,Incline Curl (Dumbbell),Rest Timer,,,,90.0,
2023-10-24 18:00:00,Imported workout,3600,Reverse Fly (Machine),3,66.0,8.0,,,
2023-10-24 18:00:00,Imported workout,3600,Reverse Fly (Machine),Rest Timer,,,,90.0,
2023-10-24 18:00:00,Imported workout,3600,Reverse Fly (Machine),2,66.0,8.0,,,
2023-10-24 18:00:00,Imported workout,3600,Reverse Fly (Machine),Rest Timer,,,,90.0,
2023-10-24 18:00:00,Imported workout,3600,Reverse Fly (Machine),1,66.0,8.0,,,
2023-10-24 18:00:00,Imported workout,3600,Reverse Fly (Machine),Rest Timer,,,,90.0,
2023-10-26 18:00:00,Imported workout,3600,Bench Press (Dumbbell),5,22.0,8.0,,,
2023-10-26 18:00:00,Imported workout,3600,Bench Press (Dumbbell),Rest Timer,,,,90.0,
2023-10-26 18:00:00,Imported workout,3600,Bench Press (Dumbbell),4,36.0,8.0,,,
2023-10-26 18:00:00,Imported workout,3600,Bench Press (Dumbbell),Rest Timer,,,,90.0,
2023-10-26 18:00:00,Imported workout,3600,Bench Press (Dumbbell),3,36.0,7.0,,,
2023-10-26 18:00:00,Imported workout,3600,Bench Press (Dumbbell),Rest Timer,,,,90.0,
2023-10-26 18:00:00,Imported workout,3600,Bench Press (Dumbbell),6,36.0,6.0,,,
2023-10-26 18:00:00,Imported workout,3600,Bench Press (Dumbbell),Rest Timer,,,,90.0,
2023-10-26 18:00:00,Imported workout,3600,Bench Press (Dumbbell),2,36.0,8.0,,,
2023-10-26 18:00:00,Imported workout,3600,Bench Press (Dumbbell),Rest Timer,,,,90.0,
2023-10-26 18:00:00,Imported workout,3600,Bench Press (Dumbbell),1,36.0,7.0,,,
2023-10-26 18:00:00,Imported workout,3600,Bench Press (Dumbbell),Rest Timer,,,,90.0,
2023-10-26 18:00:00,Imported workout,3600,Seated Overhead Press (Dumbbell),1,26.0,8.0,,,
2023-10-26 18:00:00,Imported workout,3600,Seated Overhead Press (Dumbbell),Rest Timer,,,,90.0,
2023-10-26 18:00:00,Imported workout,3600,Lateral Raise (Dumbbell),1,9.0,8.0,,,
2023-10-26 18:00:00,Imported workout,3600,Lateral Raise (Dumbbell),Rest Timer,,,,90.0,
2023-10-29 18:00:00,Imported workout,3600,Pull Up,4,20.0,5.0,,,
2023-10-29 18:00:00,Imported workout,3600,Pull Up,Rest Timer,,,,90.0,
2023-10-29 18:00:00,Imported workout,3600,Pull Up,3,20.0,5.0,,,
2023-10-29 18:00:00,Imported workout,3600,Pull Up,Rest Timer,,,,90.0,
2023-10-29 18:00:00,Imported workout,3600,Pull Up,2,20.0,5.0,,,
2023-10-29 18:00:00,Imported workout,3600,Pull Up,Rest Timer,,,,90.0,
2023-10-29 18:00:00,Imported workout,3600,Pull Up,1,20.0,5.0,,,
2023-10-29 18:00:00,Imported workout,3600,Pull Up,Rest Timer,,,,90.0,
2023-10-29 18:00:00,Imported workout,3600,Lying Leg Curl (Machine),2,45.0,8.0,,,
2023-10-29 18:00:00,Imported workout,3600,Lying Leg Curl (Machine),Rest Timer,,,,90.0,
2023-10-29 18:00:00,Imported workout,3600,Leg Extension (Machine),3,86.0,10.0,,,
2023-10-29 18:00:00,Imported workout,3600,Leg Extension (Machine),Rest Timer,,,,90.0,
2023-10-29 18:00:00,Imported workout,3600,Leg Extension (Machine),2,86.0,10.0,,,
2023-10-29 18:00:00,Imported workout,3600,Leg Extension (Machine),Rest Timer,,,,90.0,
2023-10-29 18:00:00,Imported workout,3600,Lying Leg Curl (Machine),1,52.0,8.0,,,
2023-10-29 18:00:00,Imported workout,3600,Lying Leg Curl (Machine),Rest Timer,,,,90.0,
2023-10-29 18:00:00,Imported workout,3600,Lying Leg Curl (Machine),3,52.0,8.0,,,
2023-10-29 18:00:00,Imported workout,3600,Lying Leg Curl (Machine),Rest Timer,,,,90.0,
2023-10-29 18:00:00,Imported workout,3600,Leg Extension (Machine),1,86.0,10.0,,,
2023-10-29 18:00:00,Imported workout,3600,Leg Extension (Machine),Rest Timer,,,,90.0,
2023-10-29 18:00:00,Imported workout,3600,Seated Row (Machine),2,59.0,8.0,,,
2023-10-29 18:00:00,Imported workout,3600,Seated Row (Machine),Rest Timer,,,,90.0,
2023-10-29 18:00:00,Imported workout,3600,Seated Row (Machine),1,59.0,8.0,,,
2023-10-29 18:00:00,Imported workout,3600,Seated Row (Machine),Rest Timer,,,,90.0,
2023-10-29 18:00:00,Imported workout,3600,Seated Row (Machine),3,59.0,8.0,,,
2023-10-29 18:00:00,Imported workout,3600,Seated Row (Machine),Rest Timer,,,,90.0,
2023-10-29 18:00:00,Imported workout,3600,Seated Row (Cable),3,66.0,8.0,,,
2023-10-29 18:00:00,Imported workout,3600,Seated Row (Cable),Rest Timer,,,,90.0,
2023-10-29 18:00:00,Imported workout,3600,Seated Row (Cable),2,66.0,8.0,,,
2023-10-29 18:00:00,Imported workout,3600,Seated Row (Cable),Rest Timer,,,,90.0,
2023-10-29 18:00:00,Imported workout,3600,Seated Row (Cable),1,66.0,8.0,,,
2023-10-29 18:00:00,Imported workout,3600,Seated Row (Cable),Rest Timer,,,,90.0,
2023-10-29 18:00:00,Imported workout,3600,Preacher Curl (Barbell),2,30.0,8.0,,,
2023-10-29 18:00:00,Imported workout,3600,Preacher Curl (Barbell),Rest Timer,,,,90.0,
2023-10-29 18:00:00,Imported workout,3600,Preacher Curl (Barbell),1,30.0,8.0,,,
2023-10-29 18:00:00,Imported workout,3600,Preacher Curl (Barbell),Rest Timer,,,,90.0,
2023-10-30 18:00:00,Imported workout,3600,Leg Press,3,65.0,8.0,,,
2023-10-30 18:00:00,Imported workout,3600,Leg Press,Rest Timer,,,,90.0,
2023-10-30 18:00:00,Imported workout,3600,Leg Press,2,65.0,8.0,,,
2023-10-30 18:00:00,Imported workout,3600,Leg Press,Rest Timer,,,,90.0,
2023-10-30 18:00:00,Imported workout,3600,Leg Press,1,65.0,8.0,,,
2023-10-30 18:00:00,Imported workout,3600,Leg Press,Rest Timer,,,,90.0,
2023-10-30 18:00:00,Imported workout,3600,Romanian Deadlift (Barbell),5,72.0,8.0,,,
2023-10-30 18:00:00,Imported workout,3600,Romanian Deadlift (Barbell),Rest Timer,,,,90.0,
2023-10-30 18:00:00,Imported workout,3600,Romanian Deadlift (Barbell),4,72.0,8.0,,,
2023-10-30 18:00:00,Imported workout,3600,Romanian Deadlift (Barbell),Rest Timer,,,,90.0,
2023-10-30 18:00:00,Imported workout,3600,Romanian Deadlift (Barbell),3,72.0,8.0,,,
2023-10-30 18:00:00,Imported workout,3600,Romanian Deadlift (Barbell),Rest Timer,,,,90.0,
2023-10-30 18:00:00,Imported workout,3600,Romanian Deadlift (Barbell),2,72.0,8.0,,,
2023-10-30 18:00:00,Imported workout,3600,Romanian Deadlift (Barbell),Rest Timer,,,,90.0,
2023-10-30 18:00:00,Imported workout,3600,Romanian Deadlift (Barbell),1,72.0,8.0,,,
2023-10-30 18:00:00,Imported workout,3600,Romanian Deadlift (Barbell),Rest Timer,,,,90.0,
2023-10-30 18:00:00,Imported workout,3600,Incline Bench Press (Barbell),5,20.0,8.0,,,
2023-10-30 18:00:00,Imported workout,3600,Incline Bench Press (Barbell),Rest Timer,,,,90.0,
2023-10-30 18:00:00,Imported workout,3600,Incline Bench Press (Barbell),4,60.0,8.0,,,
2023-10-30 18:00:00,Imported workout,3600,Incline Bench Press (Barbell),Rest Timer,,,,90.0,
2023-10-30 18:00:00,Imported workout,3600,Incline Bench Press (Barbell),6,80.0,7.0,,,
2023-10-30 18:00:00,Imported workout,3600,Incline Bench Press (Barbell),Rest Timer,,,,90.0,
2023-10-30 18:00:00,Imported workout,3600,Incline Bench Press (Barbell),3,80.0,7.0,,,
2023-10-30 18:00:00,Imported workout,3600,Incline Bench Press (Barbell),Rest Timer,,,,90.0,
2023-10-30 18:00:00,Imported workout,3600,Incline Bench Press (Barbell),2,80.0,5.0,,,
2023-10-30 18:00:00,Imported workout,3600,Incline Bench Press (Barbell),Rest Timer,,,,90.0,
2023-10-30 18:00:00,Imported workout,3600,Incline Bench Press (Barbell),1,80.0,4.0,,,
2023-10-30 18:00:00,Imported workout,3600,Incline Bench Press (Barbell),Rest Timer,,,,90.0,
2023-10-30 18:00:00,Imported workout,3600,Triceps Extension,3,59.0,12.0,,,
2023-10-30 18:00:00,Imported workout,3600,Triceps Extension,Rest Timer,,,,90.0,
2023-10-30 18:00:00,Imported workout,3600,Triceps Extension,1,59.0,12.0,,,
2023-10-30 18:00:00,Imported workout,3600,Triceps Extension,Rest Timer,,,,90.0,
2023-10-30 18:00:00,Imported workout,3600,Triceps Extension,2,59.0,12.0,,,
2023-10-30 18:00:00,Imported workout,3600,Triceps Extension,Rest Timer,,,,90.0,
2023-10-30 18:00:00,Imported workout,3600,Preacher Curl (Machine),3,45.0,8.0,,,
2023-10-30 18:00:00,Imported workout,3600,Preacher Curl (Machine),Rest Timer,,,,90.0,
2023-10-30 18:00:00,Imported workout,3600,Preacher Curl (Machine),1,45.0,8.0,,,
2023-10-30 18:00:00,Imported workout,3600,Preacher Curl (Machine),Rest Timer,,,,90.0,
2023-10-30 18:00:00,Imported workout,3600,Preacher Curl (Machine),2,45.0,8.0,,,
2023-10-30 18:00:00,Imported workout,3600,Preacher Curl (Machine),Rest Timer,,,,90.0,
2023-10-30 18:00:00,Imported workout,3600,Ab Wheel,3,,8.0,,,
2023-10-30 18:00:00,Imported workout,3600,Ab Wheel,Rest Timer,,,,90.0,
2023-10-30 18:00:00,Imported workout,3600,Ab Wheel,2,,8.0,,,
2023-10-30 18:00:00,Imported workout,3600,Ab Wheel,Rest Timer,,,,90.0,
2023-10-30 18:00:00,Imported workout,3600,Ab Wheel,1,,8.0,,,
2023-10-30 18:00:00,Imported workout,3600,Ab Wheel,Rest Timer,,,,90.0,
2023-11-02 18:00:00,Imported workout,3600,Bench Press (Dumbbell),5,20.0,8.0,,,
2023-11-02 18:00:00,Imported workout,3600,Bench Press (Dumbbell),Rest Timer,,,,90.0,
2023-11-02 18:00:00,Imported workout,3600,Bench Press (Dumbbell),4,34.0,8.0,,,
2023-11-02 18:00:00,Imported workout,3600,Bench Press (Dumbbell),Rest Timer,,,,90.0,
2023-11-02 18:00:00,Imported workout,3600,Bench Press (Dumbbell),3,40.0,5.0,,,
2023-11-02 18:00:00,Imported workout,3600,Bench Press (Dumbbell),Rest Timer,,,,90.0,
2023-11-02 18:00:00,Imported workout,3600,Bench Press (Dumbbell),2,40.0,5.0,,,
2023-11-02 18:00:00,Imported workout,3600,Bench Press (Dumbbell),Rest Timer,,,,90.0,
2023-11-02 18:00:00,Imported workout,3600,Bench Press (Dumbbell),1,40.0,5.0,,,
2023-11-02 18:00:00,Imported workout,3600,Bench Press (Dumbbell),Rest Timer,,,,90.0,
2023-11-02 18:00:00,Imported workout,3600,Bench Press (Dumbbell),6,40.0,5.0,,,
2023-11-02 18:00:00,Imported workout,3600,Bench Press (Dumbbell),Rest Timer,,,,90.0,
2023-11-02 18:00:00,Imported workout,3600,Seated Overhead Press (Dumbbell),5,24.0,8.0,,,
2023-11-02 18:00:00,Imported workout,3600,Seated Overhead Press (Dumbbell),Rest Timer,,,,90.0,
2023-11-02 18:00:00,Imported workout,3600,Seated Overhead Press (Dumbbell),4,26.0,8.0,,,
2023-11-02 18:00:00,Imported workout,3600,Seated Overhead Press (Dumbbell),Rest Timer,,,,90.0,
2023-11-02 18:00:00,Imported workout,3600,Seated Overhead Press (Dumbbell),3,26.0,8.0,,,
2023-11-02 18:00:00,Imported workout,3600,Seated Overhead Press (Dumbbell),Rest Timer,,,,90.0,
2023-11-02 18:00:00,Imported workout,3600,Seated Overhead Press (Dumbbell),2,26.0,8.0,,,
2023-11-02 18:00:00,Imported workout,3600,Seated Overhead Press (Dumbbell),Rest Timer,,,,90.0,
2023-11-02 18:00:00,Imported workout,3600,Seated Overhead Press (Dumbbell),1,26.0,6.0,,,
2023-11-02 18:00:00,Imported workout,3600,Seated Overhead Press (Dumbbell),Rest Timer,,,,90.0,
2023-11-06 18:00:00,Imported workout,3600,Pull Up,1,0.0,8.0,,,
2023-11-06 18:00:00,Imported workout,3600,Pull Up,Rest Timer,,,,90.0,
2023-11-06 18:00:00,Imported workout,3600,Pull Up,5,20.0,5.0,,,
2023-11-06 18:00:00,Imported workout,3600,Pull Up,Rest Timer,,,,90.0,
2023-11-06 18:00:00,Imported workout,3600,Pull Up,2,20.0,5.0,,,
2023-11-06 18:00:00,Imported workout,3600,Pull Up,Rest Timer,,,,90.0,
2023-11-06 18:00:00,Imported workout,3600,Pull Up,3,20.0,4.0,,,
2023-11-06 18:00:00,Imported workout,3600,Pull Up,Rest Timer,,,,90.0,
2023-11-06 18:00:00,Imported workout,3600,Pull Up,4,0.0,5.0,,,
2023-11-06 18:00:00,Imported workout,3600,Pull Up,Rest Timer,,,,90.0,
2023-11-06 18:00:00,Imported workout,3600,Squat (Barbell),5,20.0,8.0,,,
2023-11-06 18:00:00,Imported workout,3600,Squat (Barbell),Rest Timer,,,,90.0,
2023-11-06 18:00:00,Imported workout,3600,Squat (Barbell),3,70.0,8.0,,,
2023-11-06 18:00:00,Imported workout,3600,Squat (Barbell),Rest Timer,,,,90.0,
2023-11-06 18:00:00,Imported workout,3600,Squat (Barbell),4,80.0,5.0,,,
2023-11-06 18:00:00,Imported workout,3600,Squat (Barbell),Rest Timer,,,,90.0,
2023-11-06 18:00:00,Imported workout,3600,Squat (Barbell),2,80.0,6.0,,,
2023-11-06 18:00:00,Imported workout,3600,Squat (Barbell),Rest Timer,,,,90.0,
2023-11-06 18:00:00,Imported workout,3600,Squat (Barbell),6,80.0,6.0,,,
2023-11-06 18:00:00,Imported workout,3600,Squat (Barbell),Rest Timer,,,,90.0,
2023-11-06 18:00:00,Imported workout,3600,Squat (Barbell),1,80.0,6.0,,,
2023-11-06 18:00:00,Imported workout,3600,Squat (Barbell),Rest Timer,,,,90.0,
2023-11-06 18:00:00,Imported workout,3600,Seated Row (Machine),1,66.0,8.0,,,
2023-11-06 18:00:00,Imported workout,3600,Seated Row (Machine),Rest Timer,,,,90.0,
2023-11-06 18:00:00,Imported workout,3600,Seated Row (Machine),3,66.0,8.0,,,
2023-11-06 18:00:00,Imported workout,3600,Seated Row (Machine),Rest Timer,,,,90.0,
2023-11-06 18:00:00,Imported workout,3600,Seated Row (Machine),2,66.0,8.0,,,
2023-11-06 18:00:00,Imported workout,3600,Seated Row (Machine),Rest Timer,,,,90.0,
2023-11-06 18:00:00,Imported workout,3600,Preacher Curl (Barbell),3,30.0,6.0,,,
2023-11-06 18:00:00,Imported workout,3600,Preacher Curl (Barbell),Rest Timer,,,,90.0,
2023-11-06 18:00:00,Imported workout,3600,Preacher Curl (Barbell),2,30.0,8.0,,,
2023-11-06 18:00:00,Imported workout,3600,Preacher Curl (Barbell),Rest Timer,,,,90.0,
2023-11-06 18:00:00,Imported workout,3600,Preacher Curl (Barbell),1,30.0,8.0,,,
2023-11-06 18:00:00,Imported workout,3600,Preacher Curl (Barbell),Rest Timer,,,,90.0,
2023-11-06 18:00:00,Imported workout,3600,Hammer Curl (Dumbbell),3,14.0,8.0,,,
2023-11-06 18:00:00,Imported workout,3600,Hammer Curl (Dumbbell),Rest Timer,,,,90.0,
2023-11-06 18:00:00,Imported workout,3600,Hammer Curl (Dumbbell),2,14.0,9.0,,,
2023-11-06 18:00:00,Imported workout,3600,Hammer Curl (Dumbbell),Rest Timer,,,,90.0,
2023-11-06 18:00:00,Imported workout,3600,Hammer Curl (Dumbbell),1,14.0,8.0,,,
2023-11-06 18:00:00,Imported workout,3600,Hammer Curl (Dumbbell),Rest Timer,,,,90.0,
2023-11-09 18:00:00,Imported workout,3600,Romanian Deadlift (Barbell),3,72.0,8.0,,,
2023-11-09 18:00:00,Imported workout,3600,Romanian Deadlift (Barbell),Rest Timer,,,,90.0,
2023-11-09 18:00:00,Imported workout,3600,Romanian Deadlift (Barbell),2,72.0,8.0,,,
2023-11-09 18:00:00,Imported workout,3600,Romanian Deadlift (Barbell),Rest Timer,,,,90.0,
2023-11-09 18:00:00,Imported workout,3600,Romanian Deadlift (Barbell),1,72.0,8.0,,,
2023-11-09 18:00:00,Imported workout,3600,Romanian Deadlift (Barbell),Rest Timer,,,,90.0,
2023-11-09 18:00:00,Imported workout,3600,Incline Bench Press (Dumbbell),4,26.0,8.0,,,
2023-11-09 18:00:00,Imported workout,3600,Incline Bench Press (Dumbbell),Rest Timer,,,,90.0,
2023-11-09 18:00:00,Imported workout,3600,Incline Bench Press (Dumbbell),3,32.0,8.0,,,
2023-11-09 18:00:00,Imported workout,3600,Incline Bench Press (Dumbbell),Rest Timer,,,,90.0,
2023-11-09 18:00:00,Imported workout,3600,Incline Bench Press (Dumbbell),2,32.0,8.0,,,
2023-11-09 18:00:00,Imported workout,3600,Incline Bench Press (Dumbbell),Rest Timer,,,,90.0,
2023-11-09 18:00:00,Imported workout,3600,Incline Bench Press (Dumbbell),1,32.0,8.0,,,
2023-11-09 18:00:00,Imported workout,3600,Incline Bench Press (Dumbbell),Rest Timer,,,,90.0,
2023-11-09 18:00:00,Imported workout,3600,Face Pull (Cable),4,35.0,8.0,,,
2023-11-09 18:00:00,Imported workout,3600,Face Pull (Cable),Rest Timer,,,,90.0,
2023-11-09 18:00:00,Imported workout,3600,Face Pull (Cable),3,41.0,12.0,,,
2023-11-09 18:00:00,Imported workout,3600,Face Pull (Cable),Rest Timer,,,,90.0,
2023-11-09 18:00:00,Imported workout,3600,Face Pull (Cable),1,41.0,8.0,,,
2023-11-09 18:00:00,Imported workout,3600,Face Pull (Cable),Rest Timer,,,,90.0,
2023-11-09 18:00:00,Imported workout,3600,Face Pull (Cable),2,41.0,8.0,,,
2023-11-09 18:00:00,Imported workout,3600,Face Pull (Cable),Rest Timer,,,,90.0,
2023-11-09 18:00:00,Imported workout,3600,Leg Press,3,65.0,8.0,,,
2023-11-09 18:00:00,Imported workout,3600,Leg Press,Rest Timer,,,,90.0,
2023-11-09 18:00:00,Imported workout,3600,Leg Press,2,65.0,8.0,,,
2023-11-09 18:00:00,Imported workout,3600,Leg Press,Rest Timer,,,,90.0,
2023-11-09 18:00:00,Imported workout,3600,Leg Press,1,65.0,8.0,,,
2023-11-09 18:00:00,Imported workout,3600,Leg Press,Rest Timer,,,,90.0,
2023-11-09 18:00:00,Imported workout,3600,Standing Calf Raise (Machine),3,50.0,12.0,,,
2023-11-09 18:00:00,Imported workout,3600,Standing Calf Raise (Machine),Rest Timer,,,,90.0,
2023-11-09 18:00:00,Imported workout,3600,Standing Calf Raise (Machine),2,70.0,8.0,,,
2023-11-09 18:00:00,Imported workout,3600,Standing Calf Raise (Machine),Rest Timer,,,,90.0,
2023-11-09 18:00:00,Imported workout,3600,Standing Calf Raise (Machine),1,70.0,10.0,,,
2023-11-09 18:00:00,Imported workout,3600,Standing Calf Raise (Machine),Rest Timer,,,,90.0,
2023-11-11 18:00:00,Imported workout,3600,Bench Press (Barbell),1,20.0,16.0,,,
2023-11-11 18:00:00,Imported workout,3600,Bench Press (Barbell),Rest Timer,,,,90.0,
2023-11-11 18:00:00,Imported workout,3600,Bench Press (Barbell),2,50.0,8.0,,,
2023-11-11 18:00:00,Imported workout,3600,Bench Press (Barbell),Rest Timer,,,,90.0,
2023-11-11 18:00:00,Imported workout,3600,Bench Press (Barbell),3,90.0,6.0,,,
2023-11-11 18:00:00,Imported workout,3600,Bench Press (Barbell),Rest Timer,,,,90.0,
2023-11-11 18:00:00,Imported workout,3600,Bench Press (Barbell),4,95.0,4.0,,,
2023-11-11 18:00:00,Imported workout,3600,Bench Press (Barbell),Rest Timer,,,,90.0,
2023-11-11 18:00:00,Imported workout,3600,Bench Press (Barbell),5,95.0,3.0,,,
2023-11-11 18:00:00,Imported workout,3600,Bench Press (Barbell),Rest Timer,,,,90.0,
2023-11-11 18:00:00,Imported workout,3600,Bench Press (Barbell),7,90.0,3.0,,,
2023-11-11 18:00:00,Imported workout,3600,Bench Press (Barbell),Rest Timer,,,,90.0,
2023-11-11 18:00:00,Imported workout,3600,Bench Press (Barbell),6,85.0,4.0,,,
2023-11-11 18:00:00,Imported workout,3600,Bench Press (Barbell),Rest Timer,,,,90.0,
2023-11-11 18:00:00,Imported workout,3600,Seated Overhead Press (Dumbbell),3,20.0,8.0,,,
2023-11-11 18:00:00,Imported workout,3600,Seated Overhead Press (Dumbbell),Rest Timer,,,,90.0,
2023-11-11 18:00:00,Imported workout,3600,Seated Overhead Press (Dumbbell),4,26.0,5.0,,,
2023-11-11 18:00:00,Imported workout,3600,Seated Overhead Press (Dumbbell),Rest Timer,,,,90.0,
2023-11-11 18:00:00,Imported workout,3600,Seated Overhead Press (Dumbbell),5,26.0,6.0,,,
2023-11-11 18:00:00,Imported workout,3600,Seated Overhead Press (Dumbbell),Rest Timer,,,,90.0,
2023-11-11 18:00:00,Imported workout,3600,Seated Overhead Press (Dumbbell),1,26.0,8.0,,,
2023-11-11 18:00:00,Imported workout,3600,Seated Overhead Press (Dumbbell),Rest Timer,,,,90.0,
2023-11-11 18:00:00,Imported workout,3600,Seated Overhead Press (Dumbbell),2,26.0,8.0,,,
2023-11-11 18:00:00,Imported workout,3600,Seated Overhead Press (Dumbbell),Rest Timer,,,,90.0,
2023-11-11 18:00:00,Imported workout,3600,Lateral Raise (Dumbbell),3,9.0,8.0,,,
2023-11-11 18:00:00,Imported workout,3600,Lateral Raise (Dumbbell),Rest Timer,,,,90.0,
2023-11-11 18:00:00,Imported workout,3600,Lateral Raise (Dumbbell),2,9.0,8.0,,,
2023-11-11 18:00:00,Imported workout,3600,Lateral Raise (Dumbbell),Rest Timer,,,,90.0,
2023-11-11 18:00:00,Imported workout,3600,Lateral Raise (Dumbbell),1,9.0,8.0,,,
2023-11-11 18:00:00,Imported workout,3600,Lateral Raise (Dumbbell),Rest Timer,,,,90.0,
2023-11-11 18:00:00,Imported workout,3600,Pec Deck (Machine),3,86.0,8.0,,,
2023-11-11 18:00:00,Imported workout,3600,Pec Deck (Machine),Rest Timer,,,,90.0,
2023-11-11 18:00:00,Imported workout,3600,Pec Deck (Machine),1,86.0,8.0,,,
2023-11-11 18:00:00,Imported workout,3600,Pec Deck (Machine),Rest Timer,,,,90.0,
2023-11-11 18:00:00,Imported workout,3600,Pec Deck (Machine),2,86.0,8.0,,,
2023-11-11 18:00:00,Imported workout,3600,Pec Deck (Machine),Rest Timer,,,,90.0,
2023-11-11 18:00:00,Imported workout,3600,Chest Dip,1,0.0,8.0,,,
2023-11-11 18:00:00,Imported workout,3600,Chest Dip,Rest Timer,,,,90.0,
2023-11-11 18:00:00,Imported workout,3600,Chest Dip,3,0.0,8.0,,,
2023-11-11 18:00:00,Imported workout,3600,Chest Dip,Rest Timer,,,,90.0,
2023-11-11 18:00:00,Imported workout,3600,Chest Dip,2,0.0,8.0,,,
2023-11-11 18:00:00,Imported workout,3600,Chest Dip,Rest Timer,,,,90.0,
2023-11-11 18:00:00,Imported workout,3600,Triceps Pushdown (Cable - Straight Bar),2,23.0,8.0,,,
2023-11-11 18:00:00,Imported workout,3600,Triceps Pushdown (Cable - Straight Bar),Rest Timer,,,,90.0,
2023-11-11 18:00:00,Imported workout,3600,Triceps Pushdown (Cable - Straight Bar),1,23.0,8.0,,,
2023-11-11 18:00:00,Imported workout,3600,Triceps Pushdown (Cable - Straight Bar),Rest Timer,,,,90.0,
2023-11-11 18:00:00,Imported workout,3600,Triceps Pushdown (Cable - Straight Bar),3,23.0,8.0,,,
2023-11-11 18:00:00,Imported workout,3600,Triceps Pushdown (Cable - Straight Bar),Rest Timer,,,,90.0,
2023-11-13 18:00:00,Imported workout,3600,Pull Up,5,0.0,10.0,,,
2023-11-13 18:00:00,Imported workout,3600,Pull Up,Rest Timer,,,,90.0,
2023-11-13 18:00:00,Imported workout,3600,Pull Up,4,15.0,5.0,,,
2023-11-13 18:00:00,Imported workout,3600,Pull Up,Rest Timer,,,,90.0,
2023-11-13 18:00:00,Imported workout,3600,Pull Up,3,15.0,5.0,,,
2023-11-13 18:00:00,Imported workout,3600,Pull Up,Rest Timer,,,,90.0,
2023-11-13 18:00:00,Imported workout,3600,Pull Up,2,15.0,5.0,,,
2023-11-13 18:00:00,Imported workout,3600,Pull Up,Rest Timer,,,,90.0,
2023-11-13 18:00:00,Imported workout,3600,Pull Up,1,0.0,8.0,,,
2023-11-13 18:00:00,Imported workout,3600,Pull Up,Rest Timer,,,,90.0,
2023-11-13 18:00:00,Imported workout,3600,Squat (Barbell),4,45.0,8.0,,,
2023-11-13 18:00:00,Imported workout,3600,Squat (Barbell),Rest Timer,,,,90.0,
2023-11-13 18:00:00,Imported workout,3600,Squat (Barbell),3,85.0,5.0,,,
2023-11-13 18:00:00,Imported workout,3600,Squat (Barbell),Rest Timer,,,,90.0,
2023-11-13 18:00:00,Imported workout,3600,Squat (Barbell),5,85.0,8.0,,,
2023-11-13 18:00:00,Imported workout,3600,Squat (Barbell),Rest Timer,,,,90.0,
2023-11-13 18:00:00,Imported workout,3600,Squat (Barbell),2,85.0,8.0,,,
2023-11-13 18:00:00,Imported workout,3600,Squat (Barbell),Rest Timer,,,,90.0,
2023-11-13 18:00:00,Imported workout,3600,Squat (Barbell),1,85.0,8.0,,,
2023-11-13 18:00:00,Imported workout,3600,Squat (Barbell),Rest Timer,,,,90.0,
2023-11-13 18:00:00,Imported workout,3600,Seated Row (Cable),3,66.0,8.0,,,
2023-11-13 18:00:00,Imported workout,3600,Seated Row (Cable),Rest Timer,,,,90.0,
2023-11-13 18:00:00,Imported workout,3600,Seated Row (Cable),2,66.0,8.0,,,
2023-11-13 18:00:00,Imported workout,3600,Seated Row (Cable),Rest Timer,,,,90.0,
2023-11-13 18:00:00,Imported workout,3600,Seated Row (Cable),1,66.0,8.0,,,
2023-11-13 18:00:00,Imported workout,3600,Seated Row (Cable),Rest Timer,,,,90.0,
2023-11-13 18:00:00,Imported workout,3600,Seated Row (Machine),3,59.0,8.0,,,
2023-11-13 18:00:00,Imported workout,3600,Seated Row (Machine),Rest Timer,,,,90.0,
2023-11-13 18:00:00,Imported workout,3600,Seated Row (Machine),2,59.0,8.0,,,
2023-11-13 18:00:00,Imported workout,3600,Seated Row (Machine),Rest Timer,,,,90.0,
2023-11-13 18:00:00,Imported workout,3600,Seated Row (Machine),1,59.0,8.0,,,
2023-11-13 18:00:00,Imported workout,3600,Seated Row (Machine),Rest Timer,,,,90.0,
2023-11-15 18:00:00,Imported workout,3600,Incline Bench Press (Barbell),1,20.0,8.0,,,
2023-11-15 18:00:00,Imported workout,3600,Incline Bench Press (Barbell),Rest Timer,,,,90.0,
2023-11-15 18:00:00,Imported workout,3600,Incline Bench Press (Barbell),2,60.0,8.0,,,
2023-11-15 18:00:00,Imported workout,3600,Incline Bench Press (Barbell),Rest Timer,,,,90.0,
2023-11-15 18:00:00,Imported workout,3600,Incline Bench Press (Barbell),3,80.0,7.0,,,
2023-11-15 18:00:00,Imported workout,3600,Incline Bench Press (Barbell),Rest Timer,,,,90.0,
2023-11-15 18:00:00,Imported workout,3600,Incline Bench Press (Barbell),4,80.0,5.0,,,
2023-11-15 18:00:00,Imported workout,3600,Incline Bench Press (Barbell),Rest Timer,,,,90.0,
2023-11-15 18:00:00,Imported workout,3600,Incline Bench Press (Barbell),6,80.0,5.0,,,
2023-11-15 18:00:00,Imported workout,3600,Incline Bench Press (Barbell),Rest Timer,,,,90.0,
2023-11-15 18:00:00,Imported workout,3600,Incline Bench Press (Barbell),5,80.0,5.0,,,
2023-11-15 18:00:00,Imported workout,3600,Incline Bench Press (Barbell),Rest Timer,,,,90.0,
2023-11-15 18:00:00,Imported workout,3600,Trap Bar Deadlift,3,10.0,8.0,,,
2023-11-15 18:00:00,Imported workout,3600,Trap Bar Deadlift,Rest Timer,,,,90.0,
2023-11-15 18:00:00,Imported workout,3600,Trap Bar Deadlift,4,20.0,8.0,,,
2023-11-15 18:00:00,Imported workout,3600,Trap Bar Deadlift,Rest Timer,,,,90.0,
2023-11-15 18:00:00,Imported workout,3600,Trap Bar Deadlift,1,20.0,8.0,,,
2023-11-15 18:00:00,Imported workout,3600,Trap Bar Deadlift,Rest Timer,,,,90.0,
2023-11-15 18:00:00,Imported workout,3600,Trap Bar Deadlift,2,20.0,8.0,,,
2023-11-15 18:00:00,Imported workout,3600,Trap Bar Deadlift,Rest Timer,,,,90.0,
2023-11-15 18:00:00,Imported workout,3600,Face Pull (Cable),3,45.0,8.0,,,
2023-11-15 18:00:00,Imported workout,3600,Face Pull (Cable),Rest Timer,,,,90.0,
2023-11-15 18:00:00,Imported workout,3600,Face Pull (Cable),2,45.0,12.0,,,
2023-11-15 18:00:00,Imported workout,3600,Face Pull (Cable),Rest Timer,,,,90.0,
2023-11-15 18:00:00,Imported workout,3600,Face Pull (Cable),1,45.0,12.0,,,
2023-11-15 18:00:00,Imported workout,3600,Face Pull (Cable),Rest Timer,,,,90.0,
2023-11-15 18:00:00,Imported workout,3600,Leg Press,1,65.0,8.0,,,
2023-11-15 18:00:00,Imported workout,3600,Leg Press,Rest Timer,,,,90.0,
2023-11-15 18:00:00,Imported workout,3600,Leg Press,2,65.0,8.0,,,
2023-11-15 18:00:00,Imported workout,3600,Leg Press,Rest Timer,,,,90.0,
2023-11-15 18:00:00,Imported workout,3600,Leg Press,3,65.0,8.0,,,
2023-11-15 18:00:00,Imported workout,3600,Leg Press,Rest Timer,,,,90.0,
2023-11-15 18:00:00,Imported workout,3600,Bicep Curl (Dumbbell),3,16.0,10.0,,,
2023-11-15 18:00:00,Imported workout,3600,Bicep Curl (Dumbbell),Rest Timer,,,,90.0,
2023-11-15 18:00:00,Imported workout,3600,Bicep Curl (Dumbbell),1,16.0,8.0,,,
2023-11-15 18:00:00,Imported workout,3600,Bicep Curl (Dumbbell),Rest Timer,,,,90.0,
2023-11-15 18:00:00,Imported workout,3600,Bicep Curl (Dumbbell),2,16.0,8.0,,,
2023-11-15 18:00:00,Imported workout,3600,Bicep Curl (Dumbbell),Rest Timer,,,,90.0,
2023-11-15 18:00:00,Imported workout,3600,Triceps Extension (Cable),2,32.0,8.0,,,
2023-11-15 18:00:00,Imported workout,3600,Triceps Extension (Cable),Rest Timer,,,,90.0,
2023-11-15 18:00:00,Imported workout,3600,Triceps Extension (Cable),1,32.0,8.0,,,
2023-11-15 18:00:00,Imported workout,3600,Triceps Extension (Cable),Rest Timer,,,,90.0,
2023-11-17 18:00:00,Imported workout,3600,Bench Press (Dumbbell),5,24.0,8.0,,,
2023-11-17 18:00:00,Imported workout,3600,Bench Press (Dumbbell),Rest Timer,,,,90.0,
2023-11-17 18:00:00,Imported workout,3600,Bench Press (Dumbbell),4,34.0,8.0,,,
2023-11-17 18:00:00,Imported workout,3600,Bench Press (Dumbbell),Rest Timer,,,,90.0,
2023-11-17 18:00:00,Imported workout,3600,Bench Press (Dumbbell),3,36.0,8.0,,,
2023-11-17 18:00:00,Imported workout,3600,Bench Press (Dumbbell),Rest Timer,,,,90.0,
2023-11-17 18:00:00,Imported workout,3600,Bench Press (Dumbbell),2,36.0,8.0,,,
2023-11-17 18:00:00,Imported workout,3600,Bench Press (Dumbbell),Rest Timer,,,,90.0,
2023-11-17 18:00:00,Imported workout,3600,Bench Press (Dumbbell),1,36.0,7.0,,,
2023-11-17 18:00:00,Imported workout,3600,Bench Press (Dumbbell),Rest Timer,,,,90.0,
2023-11-17 18:00:00,Imported workout,3600,Seated Overhead Press (Dumbbell),3,26.0,6.0,,,
2023-11-17 18:00:00,Imported workout,3600,Seated Overhead Press (Dumbbell),Rest Timer,,,,90.0,
2023-11-17 18:00:00,Imported workout,3600,Seated Overhead Press (Dumbbell),2,26.0,8.0,,,
2023-11-17 18:00:00,Imported workout,3600,Seated Overhead Press (Dumbbell),Rest Timer,,,,90.0,
2023-11-17 18:00:00,Imported workout,3600,Seated Overhead Press (Dumbbell),1,26.0,8.0,,,
2023-11-17 18:00:00,Imported workout,3600,Seated Overhead Press (Dumbbell),Rest Timer,,,,90.0,
2023-11-17 18:00:00,Imported workout,3600,Pec Deck (Machine),3,86.0,8.0,,,
2023-11-17 18:00:00,Imported workout,3600,Pec Deck (Machine),Rest Timer,,,,90.0,
2023-11-17 18:00:00,Imported workout,3600,Pec Deck (Machine),2,86.0,8.0,,,
2023-11-17 18:00:00,Imported workout,3600,Pec Deck (Machine),Rest Timer,,,,90.0,
2023-11-17 18:00:00,Imported workout,3600,Pec Deck (Machine),1,86.0,8.0,,,
2023-11-17 18:00:00,Imported workout,3600,Pec Deck (Machine),Rest Timer,,,,90.0,
2023-11-17 18:00:00,Imported workout,3600,Triceps Pushdown (Cable - Straight Bar),3,18.0,8.0,,,
2023-11-17 18:00:00,Imported workout,3600,Triceps Pushdown (Cable - Straight Bar),Rest Timer,,,,90.0,
2023-11-17 18:00:00,Imported workout,3600,Triceps Pushdown (Cable - Straight Bar),2,23.0,10.0,,,
2023-11-17 18:00:00,Imported workout,3600,Triceps Pushdown (Cable - Straight Bar),Rest Timer,,,,90.0,
2023-11-17 18:00:00,Imported workout,3600,Triceps Pushdown (Cable - Straight Bar),1,23.0,8.0,,,
2023-11-17 18:00:00,Imported workout,3600,Triceps Pushdown (Cable - Straight Bar),Rest Timer,,,,90.0,
2023-11-17 18:00:00,Imported workout,3600,Lateral Raise (Dumbbell),3,9.0,8.0,,,
2023-11-17 18:00:00,Imported workout,3600,Lateral Raise (Dumbbell),Rest Timer,,,,90.0,
2023-11-17 18:00:00,Imported workout,3600,Lateral Raise (Dumbbell),2,9.0,8.0,,,
2023-11-17 18:00:00,Imported workout,3600,Lateral Raise (Dumbbell),Rest Timer,,,,90.0,
2023-11-17 18:00:00,Imported workout,3600,Lateral Raise (Dumbbell),1,9.0,8.0,,,
2023-11-17 18:00:00,Imported workout,3600,Lateral Raise (Dumbbell),Rest Timer,,,,90.0,
2023-11-17 18:00:00,Imported workout,3600,Cable Crunch,2,41.0,8.0,,,
2023-11-17 18:00:00,Imported workout,3600,Cable Crunch,Rest Timer,,,,90.0,
2023-11-17 18:00:00,Imported workout,3600,Cable Crunch,1,41.0,8.0,,,
2023-11-17 18:00:00,Imported workout,3600,Cable Crunch,Rest Timer,,,,90.0,
2023-11-17 18:00:00,Imported workout,3600,Cable Crunch,3,41.0,8.0,,,
2023-11-17 18:00:00,Imported workout,3600,Cable Crunch,Rest Timer,,,,90.0,
2023-11-20 18:00:00,Imported workout,3600,Pull Up,4,15.0,6.0,,,
2023-11-20 18:00:00,Imported workout,3600,Pull Up,Rest Timer,,,,90.0,
2023-11-20 18:00:00,Imported workout,3600,Pull Up,1,15.0,6.0,,,
2023-11-20 18:00:00,Imported workout,3600,Pull Up,Rest Timer,,,,90.0,
2023-11-20 18:00:00,Imported workout,3600,Pull Up,2,15.0,6.0,,,
2023-11-20 18:00:00,Imported workout,3600,Pull Up,Rest Timer,,,,90.0,
2023-11-20 18:00:00,Imported workout,3600,Pull Up,3,15.0,6.0,,,
2023-11-20 18:00:00,Imported workout,3600,Pull Up,Rest Timer,,,,90.0,
2023-11-20 18:00:00,Imported workout,3600,Pull Up,5,15.0,4.0,,,
2023-11-20 18:00:00,Imported workout,3600,Pull Up,Rest Timer,,,,90.0,
2023-11-20 18:00:00,Imported workout,3600,Squat (Barbell),4,70.0,5.0,,,
2023-11-20 18:00:00,Imported workout,3600,Squat (Barbell),Rest Timer,,,,90.0,
2023-11-20 18:00:00,Imported workout,3600,Squat (Barbell),5,90.0,6.0,,,
2023-11-20 18:00:00,Imported workout,3600,Squat (Barbell),Rest Timer,,,,90.0,
2023-11-20 18:00:00,Imported workout,3600,Squat (Barbell),2,90.0,6.0,,,
2023-11-20 18:00:00,Imported workout,3600,Squat (Barbell),Rest Timer,,,,90.0,
2023-11-20 18:00:00,Imported workout,3600,Squat (Barbell),3,90.0,6.0,,,
2023-11-20 18:00:00,Imported workout,3600,Squat (Barbell),Rest Timer,,,,90.0,
2023-11-20 18:00:00,Imported workout,3600,Squat (Barbell),1,90.0,6.0,,,
2023-11-20 18:00:00,Imported workout,3600,Squat (Barbell),Rest Timer,,,,90.0,
2023-11-20 18:00:00,Imported workout,3600,Seated Row (Machine),3,66.0,8.0,,,
2023-11-20 18:00:00,Imported workout,3600,Seated Row (Machine),Rest Timer,,,,90.0,
2023-11-20 18:00:00,Imported workout,3600,Seated Row (Machine),1,66.0,8.0,,,
2023-11-20 18:00:00,Imported workout,3600,Seated Row (Machine),Rest Timer,,,,90.0,
2023-11-20 18:00:00,Imported workout,3600,Seated Row (Machine),2,66.0,8.0,,,
2023-11-20 18:00:00,Imported workout,3600,Seated Row (Machine),Rest Timer,,,,90.0,
2023-11-20 18:00:00,Imported workout,3600,Seated Row (Cable),3,59.0,8.0,,,
2023-11-20 18:00:00,Imported workout,3600,Seated Row (Cable),Rest Timer,,,,90.0,
2023-11-20 18:00:00,Imported workout,3600,Seated Row (Cable),1,66.0,8.0,,,
2023-11-20 18:00:00,Imported workout,3600,Seated Row (Cable),Rest Timer,,,,90.0,
2023-11-20 18:00:00,Imported workout,3600,Seated Row (Cable),2,66.0,8.0,,,
2023-11-20 18:00:00,Imported workout,3600,Seated Row (Cable),Rest Timer,,,,90.0,
2023-11-20 18:00:00,Imported workout,3600,Preacher Curl (Barbell),1,30.0,6.0,,,
2023-11-20 18:00:00,Imported workout,3600,Preacher Curl (Barbell),Rest Timer,,,,90.0,
2023-11-20 18:00:00,Imported workout,3600,Preacher Curl (Barbell),2,30.0,6.0,,,
2023-11-20 18:00:00,Imported workout,3600,Preacher Curl (Barbell),Rest Timer,,,,90.0,
2023-11-20 18:00:00,Imported workout,3600,Preacher Curl (Barbell),3,30.0,6.0,,,
2023-11-20 18:00:00,Imported workout,3600,Preacher Curl (Barbell),Rest Timer,,,,90.0,
2023-11-24 18:00:00,Imported workout,3600,Romanian Deadlift (Barbell),5,76.0,8.0,,,
2023-11-24 18:00:00,Imported workout,3600,Romanian Deadlift (Barbell),Rest Timer,,,,90.0,
2023-11-24 18:00:00,Imported workout,3600,Romanian Deadlift (Barbell),4,76.0,8.0,,,
2023-11-24 18:00:00,Imported workout,3600,Romanian Deadlift (Barbell),Rest Timer,,,,90.0,
2023-11-24 18:00:00,Imported workout,3600,Romanian Deadlift (Barbell),3,76.0,8.0,,,
2023-11-24 18:00:00,Imported workout,3600,Romanian Deadlift (Barbell),Rest Timer,,,,90.0,
2023-11-24 18:00:00,Imported workout,3600,Romanian Deadlift (Barbell),2,76.0,5.0,,,
2023-11-24 18:00:00,Imported workout,3600,Romanian Deadlift (Barbell),Rest Timer,,,,90.0,
2023-11-24 18:00:00,Imported workout,3600,Romanian Deadlift (Barbell),1,76.0,8.0,,,
2023-11-24 18:00:00,Imported workout,3600,Romanian Deadlift (Barbell),Rest Timer,,,,90.0,
2023-11-24 18:00:00,Imported workout,3600,Incline Bench Press (Dumbbell),4,24.0,8.0,,,
2023-11-24 18:00:00,Imported workout,3600,Incline Bench Press (Dumbbell),Rest Timer,,,,90.0,
2023-11-24 18:00:00,Imported workout,3600,Incline Bench Press (Dumbbell),3,34.0,8.0,,,
2023-11-24 18:00:00,Imported workout,3600,Incline Bench Press (Dumbbell),Rest Timer,,,,90.0,
2023-11-24 18:00:00,Imported workout,3600,Incline Bench Press (Dumbbell),2,34.0,8.0,,,
2023-11-24 18:00:00,Imported workout,3600,Incline Bench Press (Dumbbell),Rest Timer,,,,90.0,
2023-11-24 18:00:00,Imported workout,3600,Incline Bench Press (Dumbbell),5,34.0,8.0,,,
2023-11-24 18:00:00,Imported workout,3600,Incline Bench Press (Dumbbell),Rest Timer,,,,90.0,
2023-11-24 18:00:00,Imported workout,3600,Incline Bench Press (Dumbbell),1,30.0,8.0,,,
2023-11-24 18:00:00,Imported workout,3600,Incline Bench Press (Dumbbell),Rest Timer,,,,90.0,
2023-11-24 18:00:00,Imported workout,3600,Leg Press,1,75.0,8.0,,,
2023-11-24 18:00:00,Imported workout,3600,Leg Press,Rest Timer,,,,90.0,
2023-11-24 18:00:00,Imported workout,3600,Leg Press,3,75.0,8.0,,,
2023-11-24 18:00:00,Imported workout,3600,Leg Press,Rest Timer,,,,90.0,
2023-11-24 18:00:00,Imported workout,3600,Leg Press,2,85.0,8.0,,,
2023-11-24 18:00:00,Imported workout,3600,Leg Press,Rest Timer,,,,90.0,
2023-11-24 18:00:00,Imported workout,3600,Lat Pulldown (Cable),2,59.0,8.0,,,
2023-11-24 18:00:00,Imported workout,3600,Lat Pulldown (Cable),Rest Timer,,,,90.0,
2023-11-24 18:00:00,Imported workout,3600,Lat Pulldown (Cable),1,59.0,8.0,,,
2023-11-24 18:00:00,Imported workout,3600,Lat Pulldown (Cable),Rest Timer,,,,90.0,
2023-11-24 18:00:00,Imported workout,3600,Lat Pulldown (Cable),3,59.0,8.0,,,
2023-11-24 18:00:00,Imported workout,3600,Lat Pulldown (Cable),Rest Timer,,,,90.0,
2023-11-24 18:00:00,Imported workout,3600,Triceps Pushdown (Cable - Straight Bar),3,23.0,8.0,,,
2023-11-24 18:00:00,Imported workout,3600,Triceps Pushdown (Cable - Straight Bar),Rest Timer,,,,90.0,
2023-11-24 18:00:00,Imported workout,3600,Triceps Pushdown (Cable - Straight Bar),2,23.0,8.0,,,
2023-11-24 18:00:00,Imported workout,3600,Triceps Pushdown (Cable - Straight Bar),Rest Timer,,,,90.0,
2023-11-24 18:00:00,Imported workout,3600,Triceps Pushdown (Cable - Straight Bar),1,23.0,8.0,,,
2023-11-24 18:00:00,Imported workout,3600,Triceps Pushdown (Cable - Straight Bar),Rest Timer,,,,90.0,
2023-11-25 18:00:00,Imported workout,3600,Bench Press (Barbell),4,20.0,10.0,,,
2023-11-25 18:00:00,Imported workout,3600,Bench Press (Barbell),Rest Timer,,,,90.0,
2023-11-25 18:00:00,Imported workout,3600,Bench Press (Barbell),3,80.0,6.0,,,
2023-11-25 18:00:00,Imported workout,3600,Bench Press (Barbell),Rest Timer,,,,90.0,
2023-11-25 18:00:00,Imported workout,3600,Bench Press (Barbell),2,100.0,3.0,,,
2023-11-25 18:00:00,Imported workout,3600,Bench Press (Barbell),Rest Timer,,,,90.0,
2023-11-25 18:00:00,Imported workout,3600,Bench Press (Barbell),1,100.0,2.0,,,
2023-11-25 18:00:00,Imported workout,3600,Bench Press (Barbell),Rest Timer,,,,90.0,
2023-11-25 18:00:00,Imported workout,3600,Bench Press (Barbell),5,90.0,5.0,,,
2023-11-25 18:00:00,Imported workout,3600,Bench Press (Barbell),Rest Timer,,,,90.0,
2023-11-25 18:00:00,Imported workout,3600,Seated Overhead Press (Dumbbell),5,26.0,6.0,,,
2023-11-25 18:00:00,Imported workout,3600,Seated Overhead Press (Dumbbell),Rest Timer,,,,90.0,
2023-11-25 18:00:00,Imported workout,3600,Seated Overhead Press (Dumbbell),4,26.0,8.0,,,
2023-11-25 18:00:00,Imported workout,3600,Seated Overhead Press (Dumbbell),Rest Timer,,,,90.0,
2023-11-25 18:00:00,Imported workout,3600,Seated Overhead Press (Dumbbell),3,26.0,8.0,,,
2023-11-25 18:00:00,Imported workout,3600,Seated Overhead Press (Dumbbell),Rest Timer,,,,90.0,
2023-11-25 18:00:00,Imported workout,3600,Seated Overhead Press (Dumbbell),2,26.0,8.0,,,
2023-11-25 18:00:00,Imported workout,3600,Seated Overhead Press (Dumbbell),Rest Timer,,,,90.0,
2023-11-25 18:00:00,Imported workout,3600,Seated Overhead Press (Dumbbell),1,26.0,8.0,,,
2023-11-25 18:00:00,Imported workout,3600,Seated Overhead Press (Dumbbell),Rest Timer,,,,90.0,
2023-11-25 18:00:00,Imported workout,3600,Lateral Raise (Dumbbell),2,9.0,6.0,,,
2023-11-25 18:00:00,Imported workout,3600,Lateral Raise (Dumbbell),Rest Timer,,,,90.0,
2023-11-25 18:00:00,Imported workout,3600,Lateral Raise (Dumbbell),1,9.0,8.0,,,
2023-11-25 18:00:00,Imported workout,3600,Lateral Raise (Dumbbell),Rest Timer,,,,90.0,
2023-11-28 18:00:00,Imported workout,3600,Pull Up,4,10.0,10.0,,,
2023-11-28 18:00:00,Imported workout,3600,Pull Up,Rest Timer,,,,90.0,
2023-11-28 18:00:00,Imported workout,3600,Pull Up,3,10.0,8.0,,,
2023-11-28 18:00:00,Imported workout,3600,Pull Up,Rest Timer,,,,90.0,
2023-11-28 18:00:00,Imported workout,3600,Pull Up,2,10.0,8.0,,,
2023-11-28 18:00:00,Imported workout,3600,Pull Up,Rest Timer,,,,90.0,
2023-11-28 18:00:00,Imported workout,3600,Pull Up,1,0.0,6.0,,,
2023-11-28 18:00:00,Imported workout,3600,Pull Up,Rest Timer,,,,90.0,
2023-11-28 18:00:00,Imported workout,3600,Leg Extension (Machine),3,79.0,8.0,,,
2023-11-28 18:00:00,Imported workout,3600,Leg Extension (Machine),Rest Timer,,,,90.0,
2023-11-28 18:00:00,Imported workout,3600,Leg Extension (Machine),2,86.0,8.0,,,
2023-11-28 18:00:00,Imported workout,3600,Leg Extension (Machine),Rest Timer,,,,90.0,
2023-11-28 18:00:00,Imported workout,3600,Leg Extension (Machine),1,86.0,8.0,,,
2023-11-28 18:00:00,Imported workout,3600,Leg Extension (Machine),Rest Timer,,,,90.0,
2023-11-28 18:00:00,Imported workout,3600,Lying Leg Curl (Machine),2,50.0,8.0,,,
2023-11-28 18:00:00,Imported workout,3600,Lying Leg Curl (Machine),Rest Timer,,,,90.0,
2023-11-28 18:00:00,Imported workout,3600,Lying Leg Curl (Machine),1,50.0,8.0,,,
2023-11-28 18:00:00,Imported workout,3600,Lying Leg Curl (Machine),Rest Timer,,,,90.0,
2023-11-28 18:00:00,Imported workout,3600,Lying Leg Curl (Machine),3,50.0,8.0,,,
2023-11-28 18:00:00,Imported workout,3600,Lying Leg Curl (Machine),Rest Timer,,,,90.0,
2023-11-28 18:00:00,Imported workout,3600,Seated Row (Machine),3,66.0,8.0,,,
2023-11-28 18:00:00,Imported workout,3600,Seated Row (Machine),Rest Timer,,,,90.0,
2023-11-28 18:00:00,Imported workout,3600,Seated Row (Machine),1,66.0,8.0,,,
2023-11-28 18:00:00,Imported workout,3600,Seated Row (Machine),Rest Timer,,,,90.0,
2023-11-28 18:00:00,Imported workout,3600,Seated Row (Machine),2,66.0,8.0,,,
2023-11-28 18:00:00,Imported workout,3600,Seated Row (Machine),Rest Timer,,,,90.0,
2023-11-28 18:00:00,Imported workout,3600,Incline Curl (Dumbbell),3,16.0,8.0,,,
2023-11-28 18:00:00,Imported workout,3600,Incline Curl (Dumbbell),Rest Timer,,,,90.0,
2023-11-28 18:00:00,Imported workout,3600,Incline Curl (Dumbbell),2,16.0,6.0,,,
2023-11-28 18:00:00,Imported workout,3600,Incline Curl (Dumbbell),Rest Timer,,,,90.0,
2023-11-28 18:00:00,Imported workout,3600,Incline Curl (Dumbbell),1,16.0,6.0,,,
2023-11-28 18:00:00,Imported workout,3600,Incline Curl (Dumbbell),Rest Timer,,,,90.0,
2023-11-28 18:00:00,Imported workout,3600,Hammer Curl (Dumbbell),2,16.0,6.0,,,
2023-11-28 18:00:00,Imported workout,3600,Hammer Curl (Dumbbell),Rest Timer,,,,90.0,
2023-11-28 18:00:00,Imported workout,3600,Hammer Curl (Dumbbell),1,12.0,7.0,,,
2023-11-28 18:00:00,Imported workout,3600,Hammer Curl (Dumbbell),Rest Timer,,,,90.0,
2023-11-28 18:00:00,Imported workout,3600,Cable Crunch,1,41.0,8.0,,,
2023-11-28 18:00:00,Imported workout,3600,Cable Crunch,Rest Timer,,,,90.0,
2023-11-29 18:00:00,Imported workout,3600,Trap Bar Deadlift,4,40.0,8.0,,,
2023-11-29 18:00:00,Imported workout,3600,Trap Bar Deadlift,Rest Timer,,,,90.0,
2023-11-29 18:00:00,Imported workout,3600,Trap Bar Deadlift,3,80.0,3.0,,,
2023-11-29 18:00:00,Imported workout,3600,Trap Bar Deadlift,Rest Timer,,,,90.0,
2023-11-29 18:00:00,Imported workout,3600,Trap Bar Deadlift,2,60.0,8.0,,,
2023-11-29 18:00:00,Imported workout,3600,Trap Bar Deadlift,Rest Timer,,,,90.0,
2023-11-29 18:00:00,Imported workout,3600,Trap Bar Deadlift,1,60.0,10.0,,,
2023-11-29 18:00:00,Imported workout,3600,Trap Bar Deadlift,Rest Timer,,,,90.0,
2023-11-29 18:00:00,Imported workout,3600,Trap Bar Deadlift,5,60.0,8.0,,,
2023-11-29 18:00:00,Imported workout,3600,Trap Bar Deadlift,Rest Timer,,,,90.0,
2023-11-29 18:00:00,Imported workout,3600,Incline Bench Press (Dumbbell),4,24.0,8.0,,,
2023-11-29 18:00:00,Imported workout,3600,Incline Bench Press (Dumbbell),Rest Timer,,,,90.0,
2023-11-29 18:00:00,Imported workout,3600,Incline Bench Press (Dumbbell),3,36.0,8.0,,,
2023-11-29 18:00:00,Imported workout,3600,Incline Bench Press (Dumbbell),Rest Timer,,,,90.0,
2023-11-29 18:00:00,Imported workout,3600,Incline Bench Press (Dumbbell),2,36.0,6.0,,,
2023-11-29 18:00:00,Imported workout,3600,Incline Bench Press (Dumbbell),Rest Timer,,,,90.0,
2023-11-29 18:00:00,Imported workout,3600,Incline Bench Press (Dumbbell),1,36.0,6.0,,,
2023-11-29 18:00:00,Imported workout,3600,Incline Bench Press (Dumbbell),Rest Timer,,,,90.0,
2023-11-29 18:00:00,Imported workout,3600,Skullcrusher (Dumbbell),2,10.0,14.0,,,
2023-11-29 18:00:00,Imported workout,3600,Skullcrusher (Dumbbell),Rest Timer,,,,90.0,
2023-11-29 18:00:00,Imported workout,3600,Skullcrusher (Dumbbell),1,10.0,14.0,,,
2023-11-29 18:00:00,Imported workout,3600,Skullcrusher (Dumbbell),Rest Timer,,,,90.0,
2023-12-02 18:00:00,Imported workout,3600,Bench Press (Barbell),5,20.0,10.0,,,
2023-12-02 18:00:00,Imported workout,3600,Bench Press (Barbell),Rest Timer,,,,90.0,
2023-12-02 18:00:00,Imported workout,3600,Bench Press (Barbell),4,70.0,7.0,,,
2023-12-02 18:00:00,Imported workout,3600,Bench Press (Barbell),Rest Timer,,,,90.0,
2023-12-02 18:00:00,Imported workout,3600,Bench Press (Barbell),6,90.0,5.0,,,
2023-12-02 18:00:00,Imported workout,3600,Bench Press (Barbell),Rest Timer,,,,90.0,
2023-12-02 18:00:00,Imported workout,3600,Bench Press (Barbell),2,100.0,2.0,,,
2023-12-02 18:00:00,Imported workout,3600,Bench Press (Barbell),Rest Timer,,,,90.0,
2023-12-02 18:00:00,Imported workout,3600,Bench Press (Barbell),1,90.0,5.0,,,
2023-12-02 18:00:00,Imported workout,3600,Bench Press (Barbell),Rest Timer,,,,90.0,
2023-12-02 18:00:00,Imported workout,3600,Bench Press (Barbell),3,90.0,5.0,,,
2023-12-02 18:00:00,Imported workout,3600,Bench Press (Barbell),Rest Timer,,,,90.0,
2023-12-05 18:00:00,Imported workout,3600,Pull Up,5,15.0,6.0,,,
2023-12-05 18:00:00,Imported workout,3600,Pull Up,Rest Timer,,,,90.0,
2023-12-05 18:00:00,Imported workout,3600,Pull Up,4,15.0,5.0,,,
2023-12-05 18:00:00,Imported workout,3600,Pull Up,Rest Timer,,,,90.0,
2023-12-05 18:00:00,Imported workout,3600,Pull Up,1,15.0,5.0,,,
2023-12-05 18:00:00,Imported workout,3600,Pull Up,Rest Timer,,,,90.0,
2023-12-05 18:00:00,Imported workout,3600,Pull Up,3,15.0,5.0,,,
2023-12-05 18:00:00,Imported workout,3600,Pull Up,Rest Timer,,,,90.0,
2023-12-05 18:00:00,Imported workout,3600,Pull Up,2,15.0,0.0,,,
2023-12-05 18:00:00,Imported workout,3600,Pull Up,Rest Timer,,,,90.0,
2023-12-05 18:00:00,Imported workout,3600,Squat (Barbell),5,60.0,8.0,,,
2023-12-05 18:00:00,Imported workout,3600,Squat (Barbell),Rest Timer,,,,90.0,
2023-12-05 18:00:00,Imported workout,3600,Squat (Barbell),4,95.0,8.0,,,
2023-12-05 18:00:00,Imported workout,3600,Squat (Barbell),Rest Timer,,,,90.0,
2023-12-05 18:00:00,Imported workout,3600,Squat (Barbell),3,95.0,8.0,,,
2023-12-05 18:00:00,Imported workout,3600,Squat (Barbell),Rest Timer,,,,90.0,
2023-12-05 18:00:00,Imported workout,3600,Squat (Barbell),2,95.0,5.0,,,
2023-12-05 18:00:00,Imported workout,3600,Squat (Barbell),Rest Timer,,,,90.0,
2023-12-05 18:00:00,Imported workout,3600,Squat (Barbell),1,95.0,3.0,,,
2023-12-05 18:00:00,Imported workout,3600,Squat (Barbell),Rest Timer,,,,90.0,
2023-12-05 18:00:00,Imported workout,3600,Seated Row (Machine),3,66.0,8.0,,,
2023-12-05 18:00:00,Imported workout,3600,Seated Row (Machine),Rest Timer,,,,90.0,
2023-12-05 18:00:00,Imported workout,3600,Seated Row (Machine),2,66.0,8.0,,,
2023-12-05 18:00:00,Imported workout,3600,Seated Row (Machine),Rest Timer,,,,90.0,
2023-12-05 18:00:00,Imported workout,3600,Seated Row (Machine),1,66.0,8.0,,,
2023-12-05 18:00:00,Imported workout,3600,Seated Row (Machine),Rest Timer,,,,90.0,
2023-12-05 18:00:00,Imported workout,3600,Seated Row (Cable),3,66.0,8.0,,,
2023-12-05 18:00:00,Imported workout,3600,Seated Row (Cable),Rest Timer,,,,90.0,
2023-12-05 18:00:00,Imported workout,3600,Seated Row (Cable),2,66.0,8.0,,,
2023-12-05 18:00:00,Imported workout,3600,Seated Row (Cable),Rest Timer,,,,90.0,
2023-12-05 18:00:00,Imported workout,3600,Seated Row (Cable),1,66.0,8.0,,,
2023-12-05 18:00:00,Imported workout,3600,Seated Row (Cable),Rest Timer,,,,90.0,
2023-12-05 18:00:00,Imported workout,3600,Hammer Curl (Dumbbell),3,14.0,9.0,,,
2023-12-05 18:00:00,Imported workout,3600,Hammer Curl (Dumbbell),Rest Timer,,,,90.0,
2023-12-05 18:00:00,Imported workout,3600,Incline Curl (Dumbbell),3,14.0,8.0,,,
2023-12-05 18:00:00,Imported workout,3600,Incline Curl (Dumbbell),Rest Timer,,,,90.0,
2023-12-05 18:00:00,Imported workout,3600,Incline Curl (Dumbbell),2,14.0,8.0,,,
2023-12-05 18:00:00,Imported workout,3600,Incline Curl (Dumbbell),Rest Timer,,,,90.0,
2023-12-05 18:00:00,Imported workout,3600,Incline Curl (Dumbbell),1,14.0,8.0,,,
2023-12-05 18:00:00,Imported workout,3600,Incline Curl (Dumbbell),Rest Timer,,,,90.0,
2023-12-05 18:00:00,Imported workout,3600,Hammer Curl (Dumbbell),1,14.0,10.0,,,
2023-12-05 18:00:00,Imported workout,3600,Hammer Curl (Dumbbell),Rest Timer,,,,90.0,
2023-12-05 18:00:00,Imported workout,3600,Hammer Curl (Dumbbell),2,14.0,10.0,,,
2023-12-05 18:00:00,Imported workout,3600,Hammer Curl (Dumbbell),Rest Timer,,,,90.0,
2023-12-08 18:00:00,Imported workout,3600,Romanian Deadlift (Barbell),4,76.0,8.0,,,
2023-12-08 18:00:00,Imported workout,3600,Romanian Deadlift (Barbell),Rest Timer,,,,90.0,
2023-12-08 18:00:00,Imported workout,3600,Romanian Deadlift (Barbell),3,76.0,8.0,,,
2023-12-08 18:00:00,Imported workout,3600,Romanian Deadlift (Barbell),Rest Timer,,,,90.0,
2023-12-08 18:00:00,Imported workout,3600,Romanian Deadlift (Barbell),2,76.0,8.0,,,
2023-12-08 18:00:00,Imported workout,3600,Romanian Deadlift (Barbell),Rest Timer,,,,90.0,
2023-12-08 18:00:00,Imported workout,3600,Romanian Deadlift (Barbell),1,76.0,8.0,,,
2023-12-08 18:00:00,Imported workout,3600,Romanian Deadlift (Barbell),Rest Timer,,,,90.0,
2023-12-08 18:00:00,Imported workout,3600,Incline Bench Press (Dumbbell),2,18.0,8.0,,,
2023-12-08 18:00:00,Imported workout,3600,Incline Bench Press (Dumbbell),Rest Timer,,,,90.0,
2023-12-08 18:00:00,Imported workout,3600,Incline Bench Press (Dumbbell),3,34.0,6.0,,,
2023-12-08 18:00:00,Imported workout,3600,Incline Bench Press (Dumbbell),Rest Timer,,,,90.0,
2023-12-08 18:00:00,Imported workout,3600,Incline Bench Press (Dumbbell),4,34.0,7.0,,,
2023-12-08 18:00:00,Imported workout,3600,Incline Bench Press (Dumbbell),Rest Timer,,,,90.0,
2023-12-08 18:00:00,Imported workout,3600,Incline Bench Press (Dumbbell),1,34.0,5.0,,,
2023-12-08 18:00:00,Imported workout,3600,Incline Bench Press (Dumbbell),Rest Timer,,,,90.0,
2023-12-08 18:00:00,Imported workout,3600,Standing Calf Raise (Machine),3,149.0,10.0,,,
2023-12-08 18:00:00,Imported workout,3600,Standing Calf Raise (Machine),Rest Timer,,,,90.0,
2023-12-08 18:00:00,Imported workout,3600,Standing Calf Raise (Machine),2,149.0,10.0,,,
2023-12-08 18:00:00,Imported workout,3600,Standing Calf Raise (Machine),Rest Timer,,,,90.0,
2023-12-08 18:00:00,Imported workout,3600,Standing Calf Raise (Machine),1,149.0,10.0,,,
2023-12-08 18:00:00,Imported workout,3600,Standing Calf Raise (Machine),Rest Timer,,,,90.0,
2023-12-08 18:00:00,Imported workout,3600,Reverse Fly (Machine),2,66.0,10.0,,,
2023-12-08 18:00:00,Imported workout,3600,Reverse Fly (Machine),Rest Timer,,,,90.0,
2023-12-08 18:00:00,Imported workout,3600,Reverse Fly (Machine),1,66.0,10.0,,,
2023-12-08 18:00:00,Imported workout,3600,Reverse Fly (Machine),Rest Timer,,,,90.0,
2023-12-11 18:00:00,Imported workout,3600,Bench Press (Dumbbell),5,22.0,8.0,,,
2023-12-11 18:00:00,Imported workout,3600,Bench Press (Dumbbell),Rest Timer,,,,90.0,
2023-12-11 18:00:00,Imported workout,3600,Bench Press (Dumbbell),4,36.0,7.0,,,
2023-12-11 18:00:00,Imported workout,3600,Bench Press (Dumbbell),Rest Timer,,,,90.0,
2023-12-11 18:00:00,Imported workout,3600,Bench Press (Dumbbell),3,40.0,5.0,,,
2023-12-11 18:00:00,Imported workout,3600,Bench Press (Dumbbell),Rest Timer,,,,90.0,
2023-12-11 18:00:00,Imported workout,3600,Bench Press (Dumbbell),2,40.0,5.0,,,
2023-12-11 18:00:00,Imported workout,3600,Bench Press (Dumbbell),Rest Timer,,,,90.0,
2023-12-11 18:00:00,Imported workout,3600,Bench Press (Dumbbell),1,40.0,5.0,,,
2023-12-11 18:00:00,Imported workout,3600,Bench Press (Dumbbell),Rest Timer,,,,90.0,
2023-12-11 18:00:00,Imported workout,3600,Chest Dip,2,10.0,5.0,,,
2023-12-11 18:00:00,Imported workout,3600,Chest Dip,Rest Timer,,,,90.0,
2023-12-11 18:00:00,Imported workout,3600,Chest Dip,3,10.0,5.0,,,
2023-12-11 18:00:00,Imported workout,3600,Chest Dip,Rest Timer,,,,90.0,
2023-12-11 18:00:00,Imported workout,3600,Chest Dip,1,0.0,8.0,,,
2023-12-11 18:00:00,Imported workout,3600,Chest Dip,Rest Timer,,,,90.0,
2023-12-11 18:00:00,Imported workout,3600,Seated Overhead Press (Dumbbell),1,26.0,5.0,,,
2023-12-11 18:00:00,Imported workout,3600,Seated Overhead Press (Dumbbell),Rest Timer,,,,90.0,
2023-12-11 18:00:00,Imported workout,3600,Seated Overhead Press (Dumbbell),3,26.0,8.0,,,
2023-12-11 18:00:00,Imported workout,3600,Seated Overhead Press (Dumbbell),Rest Timer,,,,90.0,
2023-12-11 18:00:00,Imported workout,3600,Seated Overhead Press (Dumbbell),2,26.0,5.0,,,
2023-12-11 18:00:00,Imported workout,3600,Seated Overhead Press (Dumbbell),Rest Timer,,,,90.0,
2023-12-11 18:00:00,Imported workout,3600,Seated Overhead Press (Dumbbell),4,24.0,8.0,,,
2023-12-11 18:00:00,Imported workout,3600,Seated Overhead Press (Dumbbell),Rest Timer,,,,90.0,
2023-12-11 18:00:00,Imported workout,3600,Lateral Raise (Dumbbell),2,9.0,8.0,,,
2023-12-11 18:00:00,Imported workout,3600,Lateral Raise (Dumbbell),Rest Timer,,,,90.0,
2023-12-11 18:00:00,Imported workout,3600,Lateral Raise (Dumbbell),1,9.0,8.0,,,
2023-12-11 18:00:00,Imported workout,3600,Lateral Raise (Dumbbell),Rest Timer,,,,90.0,
2023-12-11 18:00:00,Imported workout,3600,Lateral Raise (Dumbbell),3,9.0,8.0,,,
2023-12-11 18:00:00,Imported workout,3600,Lateral Raise (Dumbbell),Rest Timer,,,,90.0,
2023-12-14 18:00:00,Imported workout,3600,Pull Up,5,15.0,8.0,,,
2023-12-14 18:00:00,Imported workout,3600,Pull Up,Rest Timer,,,,90.0,
2023-12-14 18:00:00,Imported workout,3600,Pull Up,4,15.0,6.0,,,
2023-12-14 18:00:00,Imported workout,3600,Pull Up,Rest Timer,,,,90.0,
2023-12-14 18:00:00,Imported workout,3600,Pull Up,3,15.0,6.0,,,
2023-12-14 18:00:00,Imported workout,3600,Pull Up,Rest Timer,,,,90.0,
2023-12-14 18:00:00,Imported workout,3600,Pull Up,2,15.0,6.0,,,
2023-12-14 18:00:00,Imported workout,3600,Pull Up,Rest Timer,,,,90.0,
2023-12-14 18:00:00,Imported workout,3600,Pull Up,1,0.0,10.0,,,
2023-12-14 18:00:00,Imported workout,3600,Pull Up,Rest Timer,,,,90.0,
2023-12-14 18:00:00,Imported workout,3600,Leg Extension (Machine),5,79.0,8.0,,,
2023-12-14 18:00:00,Imported workout,3600,Leg Extension (Machine),Rest Timer,,,,90.0,
2023-12-14 18:00:00,Imported workout,3600,Leg Extension (Machine),4,86.0,8.0,,,
2023-12-14 18:00:00,Imported workout,3600,Leg Extension (Machine),Rest Timer,,,,90.0,
2023-12-14 18:00:00,Imported workout,3600,Leg Extension (Machine),3,86.0,8.0,,,
2023-12-14 18:00:00,Imported workout,3600,Leg Extension (Machine),Rest Timer,,,,90.0,
2023-12-14 18:00:00,Imported workout,3600,Leg Extension (Machine),2,86.0,8.0,,,
2023-12-14 18:00:00,Imported workout,3600,Leg Extension (Machine),Rest Timer,,,,90.0,
2023-12-14 18:00:00,Imported workout,3600,Leg Extension (Machine),1,86.0,8.0,,,
2023-12-14 18:00:00,Imported workout,3600,Leg Extension (Machine),Rest Timer,,,,90.0,
2023-12-14 18:00:00,Imported workout,3600,Seated Row (Cable),3,68.3,8.0,,,
2023-12-14 18:00:00,Imported workout,3600,Seated Row (Cable),Rest Timer,,,,90.0,
2023-12-14 18:00:00,Imported workout,3600,Seated Row (Cable),1,68.3,8.0,,,
2023-12-14 18:00:00,Imported workout,3600,Seated Row (Cable),Rest Timer,,,,90.0,
2023-12-14 18:00:00,Imported workout,3600,Seated Row (Cable),2,68.3,8.0,,,
2023-12-14 18:00:00,Imported workout,3600,Seated Row (Cable),Rest Timer,,,,90.0,
2023-12-14 18:00:00,Imported workout,3600,Seated Row (Machine),1,66.0,8.0,,,
2023-12-14 18:00:00,Imported workout,3600,Seated Row (Machine),Rest Timer,,,,90.0,
2023-12-14 18:00:00,Imported workout,3600,Seated Row (Machine),2,66.0,8.0,,,
2023-12-14 18:00:00,Imported workout,3600,Seated Row (Machine),Rest Timer,,,,90.0,
2023-12-14 18:00:00,Imported workout,3600,Seated Row (Machine),3,66.0,8.0,,,
2023-12-14 18:00:00,Imported workout,3600,Seated Row (Machine),Rest Timer,,,,90.0,
2023-12-14 18:00:00,Imported workout,3600,Incline Curl (Dumbbell),1,14.0,8.0,,,
2023-12-14 18:00:00,Imported workout,3600,Incline Curl (Dumbbell),Rest Timer,,,,90.0,
2023-12-14 18:00:00,Imported workout,3600,Incline Curl (Dumbbell),3,14.0,8.0,,,
2023-12-14 18:00:00,Imported workout,3600,Incline Curl (Dumbbell),Rest Timer,,,,90.0,
2023-12-14 18:00:00,Imported workout,3600,Incline Curl (Dumbbell),2,14.0,8.0,,,
2023-12-14 18:00:00,Imported workout,3600,Incline Curl (Dumbbell),Rest Timer,,,,90.0,
2023-12-14 18:00:00,Imported workout,3600,Hammer Curl (Dumbbell),1,14.0,8.0,,,
2023-12-14 18:00:00,Imported workout,3600,Hammer Curl (Dumbbell),Rest Timer,,,,90.0,
2023-12-14 18:00:00,Imported workout,3600,Hammer Curl (Dumbbell),2,14.0,8.0,,,
2023-12-14 18:00:00,Imported workout,3600,Hammer Curl (Dumbbell),Rest Timer,,,,90.0,
2023-12-14 18:00:00,Imported workout,3600,Hammer Curl (Dumbbell),3,14.0,8.0,,,
2023-12-14 18:00:00,Imported workout,3600,Hammer Curl (Dumbbell),Rest Timer,,,,90.0,
2023-12-17 18:00:00,Imported workout,3600,Trap Bar Deadlift,5,40.0,8.0,,,
2023-12-17 18:00:00,Imported workout,3600,Trap Bar Deadlift,Rest Timer,,,,90.0,
2023-12-17 18:00:00,Imported workout,3600,Trap Bar Deadlift,4,70.0,8.0,,,
2023-12-17 18:00:00,Imported workout,3600,Trap Bar Deadlift,Rest Timer,,,,90.0,
2023-12-17 18:00:00,Imported workout,3600,Trap Bar Deadlift,3,70.0,8.0,,,
2023-12-17 18:00:00,Imported workout,3600,Trap Bar Deadlift,Rest Timer,,,,90.0,
2023-12-17 18:00:00,Imported workout,3600,Trap Bar Deadlift,2,70.0,8.0,,,
2023-12-17 18:00:00,Imported workout,3600,Trap Bar Deadlift,Rest Timer,,,,90.0,
2023-12-17 18:00:00,Imported workout,3600,Trap Bar Deadlift,1,70.0,8.0,,,
2023-12-17 18:00:00,Imported workout,3600,Trap Bar Deadlift,Rest Timer,,,,90.0,
2023-12-17 18:00:00,Imported workout,3600,Incline Bench Press (Dumbbell),2,26.0,8.0,,,
2023-12-17 18:00:00,Imported workout,3600,Incline Bench Press (Dumbbell),Rest Timer,,,,90.0,
2023-12-17 18:00:00,Imported workout,3600,Incline Bench Press (Dumbbell),5,34.0,8.0,,,
2023-12-17 18:00:00,Imported workout,3600,Incline Bench Press (Dumbbell),Rest Timer,,,,90.0,
2023-12-17 18:00:00,Imported workout,3600,Incline Bench Press (Dumbbell),4,38.0,4.0,,,
2023-12-17 18:00:00,Imported workout,3600,Incline Bench Press (Dumbbell),Rest Timer,,,,90.0,
2023-12-17 18:00:00,Imported workout,3600,Incline Bench Press (Dumbbell),3,38.0,5.0,,,
2023-12-17 18:00:00,Imported workout,3600,Incline Bench Press (Dumbbell),Rest Timer,,,,90.0,
2023-12-17 18:00:00,Imported workout,3600,Incline Bench Press (Dumbbell),6,36.0,5.0,,,
2023-12-17 18:00:00,Imported workout,3600,Incline Bench Press (Dumbbell),Rest Timer,,,,90.0,
2023-12-17 18:00:00,Imported workout,3600,Incline Bench Press (Dumbbell),1,36.0,6.0,,,
2023-12-17 18:00:00,Imported workout,3600,Incline Bench Press (Dumbbell),Rest Timer,,,,90.0,
2023-12-17 18:00:00,Imported workout,3600,Ab Wheel,3,,8.0,,,
2023-12-17 18:00:00,Imported workout,3600,Ab Wheel,Rest Timer,,,,90.0,
2023-12-17 18:00:00,Imported workout,3600,Ab Wheel,1,,8.0,,,
2023-12-17 18:00:00,Imported workout,3600,Ab Wheel,Rest Timer,,,,90.0,
2023-12-17 18:00:00,Imported workout,3600,Ab Wheel,2,,8.0,,,
2023-12-17 18:00:00,Imported workout,3600,Ab Wheel,Rest Timer,,,,90.0,
2023-12-17 18:00:00,Imported workout,3600,Lat Pulldown (Cable),1,66.0,8.0,,,
2023-12-17 18:00:00,Imported workout,3600,Lat Pulldown (Cable),Rest Timer,,,,90.0,
2023-12-17 18:00:00,Imported workout,3600,Lat Pulldown (Cable),3,66.0,8.0,,,
2023-12-17 18:00:00,Imported workout,3600,Lat Pulldown (Cable),Rest Timer,,,,90.0,
2023-12-17 18:00:00,Imported workout,3600,Lat Pulldown (Cable),2,66.0,8.0,,,
2023-12-17 18:00:00,Imported workout,3600,Lat Pulldown (Cable),Rest Timer,,,,90.0,
2023-12-17 18:00:00,Imported workout,3600,Bicep Curl (Dumbbell),2,16.0,8.0,,,
2023-12-17 18:00:00,Imported workout,3600,Bicep Curl (Dumbbell),Rest Timer,,,,90.0,
2023-12-17 18:00:00,Imported workout,3600,Bicep Curl (Dumbbell),3,16.0,8.0,,,
2023-12-17 18:00:00,Imported workout,3600,Bicep Curl (Dumbbell),Rest Timer,,,,90.0,
2023-12-17 18:00:00,Imported workout,3600,Bicep Curl (Dumbbell),1,16.0,8.0,,,
2023-12-17 18:00:00,Imported workout,3600,Bicep Curl (Dumbbell),Rest Timer,,,,90.0,
2023-12-20 18:00:00,Imported workout,3600,Bench Press (Barbell),5,20.0,8.0,,,
2023-12-20 18:00:00,Imported workout,3600,Bench Press (Barbell),Rest Timer,,,,90.0,
2023-12-20 18:00:00,Imported workout,3600,Bench Press (Barbell),4,60.0,8.0,,,
2023-12-20 18:00:00,Imported workout,3600,Bench Press (Barbell),Rest Timer,,,,90.0,
2023-12-20 18:00:00,Imported workout,3600,Bench Press (Barbell),3,90.0,7.0,,,
2023-12-20 18:00:00,Imported workout,3600,Bench Press (Barbell),Rest Timer,,,,90.0,
2023-12-20 18:00:00,Imported workout,3600,Bench Press (Barbell),2,105.0,1.0,,,
2023-12-20 18:00:00,Imported workout,3600,Bench Press (Barbell),Rest Timer,,,,90.0,
2023-12-20 18:00:00,Imported workout,3600,Bench Press (Barbell),6,100.0,3.0,,,
2023-12-20 18:00:00,Imported workout,3600,Bench Press (Barbell),Rest Timer,,,,90.0,
2023-12-20 18:00:00,Imported workout,3600,Bench Press (Barbell),1,90.0,4.0,,,
2023-12-20 18:00:00,Imported workout,3600,Bench Press (Barbell),Rest Timer,,,,90.0,
2023-12-20 18:00:00,Imported workout,3600,Chest Dip,4,0.0,12.0,,,
2023-12-20 18:00:00,Imported workout,3600,Chest Dip,Rest Timer,,,,90.0,
2023-12-20 18:00:00,Imported workout,3600,Chest Dip,3,0.0,10.0,,,
2023-12-20 18:00:00,Imported workout,3600,Chest Dip,Rest Timer,,,,90.0,
2023-12-20 18:00:00,Imported workout,3600,Chest Dip,2,0.0,8.0,,,
2023-12-20 18:00:00,Imported workout,3600,Chest Dip,Rest Timer,,,,90.0,
2023-12-20 18:00:00,Imported workout,3600,Chest Dip,5,0.0,6.0,,,
2023-12-20 18:00:00,Imported workout,3600,Chest Dip,Rest Timer,,,,90.0,
2023-12-20 18:00:00,Imported workout,3600,Chest Dip,1,0.0,6.0,,,
2023-12-20 18:00:00,Imported workout,3600,Chest Dip,Rest Timer,,,,90.0,
2023-12-22 18:00:00,Imported workout,3600,Pull Up,3,17.5,6.0,,,
2023-12-22 18:00:00,Imported workout,3600,Pull Up,Rest Timer,,,,90.0,
2023-12-22 18:00:00,Imported workout,3600,Pull Up,2,17.5,7.0,,,
2023-12-22 18:00:00,Imported workout,3600,Pull Up,Rest Timer,,,,90.0,
2023-12-22 18:00:00,Imported workout,3600,Pull Up,1,17.5,5.0,,,
2023-12-22 18:00:00,Imported workout,3600,Pull Up,Rest Timer,,,,90.0,
2023-12-22 18:00:00,Imported workout,3600,Lat Pulldown (Cable),1,66.0,8.0,,,
2023-12-22 18:00:00,Imported workout,3600,Lat Pulldown (Cable),Rest Timer,,,,90.0,
2023-12-22 18:00:00,Imported workout,3600,Leg Extension (Machine),2,86.0,8.0,,,
2023-12-22 18:00:00,Imported workout,3600,Leg Extension (Machine),Rest Timer,,,,90.0,
2023-12-22 18:00:00,Imported workout,3600,Leg Extension (Machine),3,86.0,10.0,,,
2023-12-22 18:00:00,Imported workout,3600,Leg Extension (Machine),Rest Timer,,,,90.0,
2023-12-22 18:00:00,Imported workout,3600,Leg Extension (Machine),1,86.0,10.0,,,
2023-12-22 18:00:00,Imported workout,3600,Leg Extension (Machine),Rest Timer,,,,90.0,
2023-12-22 18:00:00,Imported workout,3600,Seated Row (Machine),3,66.0,8.0,,,
2023-12-22 18:00:00,Imported workout,3600,Seated Row (Machine),Rest Timer,,,,90.0,
2023-12-22 18:00:00,Imported workout,3600,Seated Row (Machine),2,66.0,8.0,,,
2023-12-22 18:00:00,Imported workout,3600,Seated Row (Machine),Rest Timer,,,,90.0,
2023-12-22 18:00:00,Imported workout,3600,Seated Row (Machine),1,66.0,8.0,,,
2023-12-22 18:00:00,Imported workout,3600,Seated Row (Machine),Rest Timer,,,,90.0,
2023-12-22 18:00:00,Imported workout,3600,Ab Wheel,3,,8.0,,,
2023-12-22 18:00:00,Imported workout,3600,Ab Wheel,Rest Timer,,,,90.0,
2023-12-22 18:00:00,Imported workout,3600,Ab Wheel,2,,8.0,,,
2023-12-22 18:00:00,Imported workout,3600,Ab Wheel,Rest Timer,,,,90.0,
2023-12-22 18:00:00,Imported workout,3600,Ab Wheel,1,,8.0,,,
2023-12-22 18:00:00,Imported workout,3600,Ab Wheel,Rest Timer,,,,90.0,
2023-12-22 18:00:00,Imported workout,3600,Bicep Curl (Barbell),1,20.0,14.0,,,
2023-12-22 18:00:00,Imported workout,3600,Bicep Curl (Barbell),Rest Timer,,,,90.0,
2023-12-24 18:00:00,Imported workout,3600,Trap Bar Deadlift,1,20.0,8.0,,,
2023-12-24 18:00:00,Imported workout,3600,Trap Bar Deadlift,Rest Timer,,,,90.0,
2023-12-24 18:00:00,Imported workout,3600,Trap Bar Deadlift,4,50.0,8.0,,,
2023-12-24 18:00:00,Imported workout,3600,Trap Bar Deadlift,Rest Timer,,,,90.0,
2023-12-24 18:00:00,Imported workout,3600,Trap Bar Deadlift,3,50.0,8.0,,,
2023-12-24 18:00:00,Imported workout,3600,Trap Bar Deadlift,Rest Timer,,,,90.0,
2023-12-24 18:00:00,Imported workout,3600,Trap Bar Deadlift,2,50.0,6.0,,,
2023-12-24 18:00:00,Imported workout,3600,Trap Bar Deadlift,Rest Timer,,,,90.0,
2023-12-24 18:00:00,Imported workout,3600,Trap Bar Deadlift,5,50.0,6.0,,,
2023-12-24 18:00:00,Imported workout,3600,Trap Bar Deadlift,Rest Timer,,,,90.0,
2023-12-24 18:00:00,Imported workout,3600,Incline Bench Press (Smith Machine),4,70.0,7.0,,,
2023-12-24 18:00:00,Imported workout,3600,Incline Bench Press (Smith Machine),Rest Timer,,,,90.0,
2023-12-24 18:00:00,Imported workout,3600,Incline Bench Press (Smith Machine),1,80.0,10.0,,,
2023-12-24 18:00:00,Imported workout,3600,Incline Bench Press (Smith Machine),Rest Timer,,,,90.0,
2023-12-24 18:00:00,Imported workout,3600,Incline Bench Press (Smith Machine),3,80.0,5.0,,,
2023-12-24 18:00:00,Imported workout,3600,Incline Bench Press (Smith Machine),Rest Timer,,,,90.0,
2023-12-24 18:00:00,Imported workout,3600,Incline Bench Press (Smith Machine),2,80.0,5.0,,,
2023-12-24 18:00:00,Imported workout,3600,Incline Bench Press (Smith Machine),Rest Timer,,,,90.0,
2023-12-27 18:00:00,Imported workout,3600,Pull Up,5,10.0,8.0,,,
2023-12-27 18:00:00,Imported workout,3600,Pull Up,Rest Timer,,,,90.0,
2023-12-27 18:00:00,Imported workout,3600,Pull Up,4,10.0,7.0,,,
2023-12-27 18:00:00,Imported workout,3600,Pull Up,Rest Timer,,,,90.0,
2023-12-27 18:00:00,Imported workout,3600,Pull Up,3,10.0,7.0,,,
2023-12-27 18:00:00,Imported workout,3600,Pull Up,Rest Timer,,,,90.0,
2023-12-27 18:00:00,Imported workout,3600,Pull Up,2,10.0,7.0,,,
2023-12-27 18:00:00,Imported workout,3600,Pull Up,Rest Timer,,,,90.0,
2023-12-27 18:00:00,Imported workout,3600,Pull Up,1,10.0,0.0,,,
2023-12-27 18:00:00,Imported workout,3600,Pull Up,Rest Timer,,,,90.0,
2023-12-27 18:00:00,Imported workout,3600,Leg Extension (Machine),3,93.0,12.0,,,
2023-12-27 18:00:00,Imported workout,3600,Leg Extension (Machine),Rest Timer,,,,90.0,
2023-12-27 18:00:00,Imported workout,3600,Leg Extension (Machine),2,93.0,10.0,,,
2023-12-27 18:00:00,Imported workout,3600,Leg Extension (Machine),Rest Timer,,,,90.0,
2023-12-27 18:00:00,Imported workout,3600,Leg Extension (Machine),1,93.0,10.0,,,
2023-12-27 18:00:00,Imported workout,3600,Leg Extension (Machine),Rest Timer,,,,90.0,
2023-12-27 18:00:00,Imported workout,3600,Seated Row (Cable),3,59.0,8.0,,,
2023-12-27 18:00:00,Imported workout,3600,Seated Row (Cable),Rest Timer,,,,90.0,
2023-12-27 18:00:00,Imported workout,3600,Seated Row (Cable),2,59.0,8.0,,,
2023-12-27 18:00:00,Imported workout,3600,Seated Row (Cable),Rest Timer,,,,90.0,
2023-12-27 18:00:00,Imported workout,3600,Seated Row (Cable),1,59.0,8.0,,,
2023-12-27 18:00:00,Imported workout,3600,Seated Row (Cable),Rest Timer,,,,90.0,
2023-12-27 18:00:00,Imported workout,3600,Bicep Curl (Dumbbell),1,14.0,6.0,,,
2023-12-27 18:00:00,Imported workout,3600,Bicep Curl (Dumbbell),Rest Timer,,,,90.0,
2023-12-30 18:00:00,Imported workout,3600,Bench Press (Barbell),7,20.0,8.0,,,
2023-12-30 18:00:00,Imported workout,3600,Bench Press (Barbell),Rest Timer,,,,90.0,
2023-12-30 18:00:00,Imported workout,3600,Bench Press (Barbell),6,50.0,5.0,,,
2023-12-30 18:00:00,Imported workout,3600,Bench Press (Barbell),Rest Timer,,,,90.0,
2023-12-30 18:00:00,Imported workout,3600,Bench Press (Barbell),5,80.0,3.0,,,
2023-12-30 18:00:00,Imported workout,3600,Bench Press (Barbell),Rest Timer,,,,90.0,
2023-12-30 18:00:00,Imported workout,3600,Bench Press (Barbell),8,100.0,1.0,,,
2023-12-30 18:00:00,Imported workout,3600,Bench Press (Barbell),Rest Timer,,,,90.0,
2023-12-30 18:00:00,Imported workout,3600,Bench Press (Barbell),4,115.0,0.0,,,
2023-12-30 18:00:00,Imported workout,3600,Bench Press (Barbell),Rest Timer,,,,90.0,
2023-12-30 18:00:00,Imported workout,3600,Bench Press (Barbell),3,115.0,0.0,,,
2023-12-30 18:00:00,Imported workout,3600,Bench Press (Barbell),Rest Timer,,,,90.0,
2023-12-30 18:00:00,Imported workout,3600,Bench Press (Barbell),2,112.5,0.0,,,
2023-12-30 18:00:00,Imported workout,3600,Bench Press (Barbell),Rest Timer,,,,90.0,
2023-12-30 18:00:00,Imported workout,3600,Bench Press (Barbell),1,112.5,1.0,,,
2023-12-30 18:00:00,Imported workout,3600,Bench Press (Barbell),Rest Timer,,,,90.0,
2024-01-02 18:00:00,Imported workout,3600,Trap Bar Deadlift,1,50.0,10.0,,,
2024-01-02 18:00:00,Imported workout,3600,Trap Bar Deadlift,Rest Timer,,,,90.0,
2024-01-02 18:00:00,Imported workout,3600,Trap Bar Deadlift,2,50.0,10.0,,,
2024-01-02 18:00:00,Imported workout,3600,Trap Bar Deadlift,Rest Timer,,,,90.0,
2024-01-02 18:00:00,Imported workout,3600,Trap Bar Deadlift,3,50.0,10.0,,,
2024-01-02 18:00:00,Imported workout,3600,Trap Bar Deadlift,Rest Timer,,,,90.0,
2024-01-02 18:00:00,Imported workout,3600,Trap Bar Deadlift,4,50.0,10.0,,,
2024-01-02 18:00:00,Imported workout,3600,Trap Bar Deadlift,Rest Timer,,,,90.0,
2024-01-02 18:00:00,Imported workout,3600,Lat Pulldown (Cable),3,66.0,8.0,,,
2024-01-02 18:00:00,Imported workout,3600,Lat Pulldown (Cable),Rest Timer,,,,90.0,
2024-01-02 18:00:00,Imported workout,3600,Lat Pulldown (Cable),1,66.0,8.0,,,
2024-01-02 18:00:00,Imported workout,3600,Lat Pulldown (Cable),Rest Timer,,,,90.0,
2024-01-02 18:00:00,Imported workout,3600,Lat Pulldown (Cable),2,66.0,8.0,,,
2024-01-02 18:00:00,Imported workout,3600,Lat Pulldown (Cable),Rest Timer,,,,90.0,
2024-01-02 18:00:00,Imported workout,3600,Standing Calf Raise (Machine),3,149.0,10.0,,,
2024-01-02 18:00:00,Imported workout,3600,Standing Calf Raise (Machine),Rest Timer,,,,90.0,
2024-01-02 18:00:00,Imported workout,3600,Standing Calf Raise (Machine),1,149.0,10.0,,,
2024-01-02 18:00:00,Imported workout,3600,Standing Calf Raise (Machine),Rest Timer,,,,90.0,
2024-01-02 18:00:00,Imported workout,3600,Standing Calf Raise (Machine),2,149.0,10.0,,,
2024-01-02 18:00:00,Imported workout,3600,Standing Calf Raise (Machine),Rest Timer,,,,90.0,
2024-01-02 18:00:00,Imported workout,3600,Incline Bench Press (Dumbbell),4,18.0,10.0,,,
2024-01-02 18:00:00,Imported workout,3600,Incline Bench Press (Dumbbell),Rest Timer,,,,90.0,
2024-01-02 18:00:00,Imported workout,3600,Incline Bench Press (Dumbbell),3,32.0,8.0,,,
2024-01-02 18:00:00,Imported workout,3600,Incline Bench Press (Dumbbell),Rest Timer,,,,90.0,
2024-01-02 18:00:00,Imported workout,3600,Incline Bench Press (Dumbbell),2,32.0,8.0,,,
2024-01-02 18:00:00,Imported workout,3600,Incline Bench Press (Dumbbell),Rest Timer,,,,90.0,
2024-01-02 18:00:00,Imported workout,3600,Incline Bench Press (Dumbbell),1,32.0,8.0,,,
2024-01-02 18:00:00,Imported workout,3600,Incline Bench Press (Dumbbell),Rest Timer,,,,90.0,
2024-01-02 18:00:00,Imported workout,3600,Lateral Raise (Dumbbell),1,9.0,8.0,,,
2024-01-02 18:00:00,Imported workout,3600,Lateral Raise (Dumbbell),Rest Timer,,,,90.0,
2024-01-06 18:00:00,Imported workout,3600,Pull Up,5,0.0,8.0,,,
2024-01-06 18:00:00,Imported workout,3600,Pull Up,Rest Timer,,,,90.0,
2024-01-06 18:00:00,Imported workout,3600,Pull Up,4,12.0,7.0,,,
2024-01-06 18:00:00,Imported workout,3600,Pull Up,Rest Timer,,,,90.0,
2024-01-06 18:00:00,Imported workout,3600,Pull Up,3,12.0,7.0,,,
2024-01-06 18:00:00,Imported workout,3600,Pull Up,Rest Timer,,,,90.0,
2024-01-06 18:00:00,Imported workout,3600,Pull Up,2,12.0,7.0,,,
2024-01-06 18:00:00,Imported workout,3600,Pull Up,Rest Timer,,,,90.0,
2024-01-06 18:00:00,Imported workout,3600,Pull Up,1,12.0,0.0,,,
2024-01-06 18:00:00,Imported workout,3600,Pull Up,Rest Timer,,,,90.0,
2024-01-06 18:00:00,Imported workout,3600,Leg Extension (Machine),3,86.0,10.0,,,
2024-01-06 18:00:00,Imported workout,3600,Leg Extension (Machine),Rest Timer,,,,90.0,
2024-01-06 18:00:00,Imported workout,3600,Leg Extension (Machine),1,86.0,10.0,,,
2024-01-06 18:00:00,Imported workout,3600,Leg Extension (Machine),Rest Timer,,,,90.0,
2024-01-06 18:00:00,Imported workout,3600,Leg Extension (Machine),2,86.0,10.0,,,
2024-01-06 18:00:00,Imported workout,3600,Leg Extension (Machine),Rest Timer,,,,90.0,
2024-01-06 18:00:00,Imported workout,3600,Seated Row (Machine),3,56.0,8.0,,,
2024-01-06 18:00:00,Imported workout,3600,Seated Row (Machine),Rest Timer,,,,90.0,
2024-01-06 18:00:00,Imported workout,3600,Seated Row (Machine),2,56.0,8.0,,,
2024-01-06 18:00:00,Imported workout,3600,Seated Row (Machine),Rest Timer,,,,90.0,
2024-01-06 18:00:00,Imported workout,3600,Seated Row (Machine),1,56.0,8.0,,,
2024-01-06 18:00:00,Imported workout,3600,Seated Row (Machine),Rest Timer,,,,90.0,
2024-01-06 18:00:00,Imported workout,3600,Incline Curl (Dumbbell),1,16.0,5.0,,,
2024-01-06 18:00:00,Imported workout,3600,Incline Curl (Dumbbell),Rest Timer,,,,90.0,
2024-01-06 18:00:00,Imported workout,3600,Incline Curl (Dumbbell),2,14.0,7.0,,,
2024-01-06 18:00:00,Imported workout,3600,Incline Curl (Dumbbell),Rest Timer,,,,90.0,
2024-01-08 18:00:00,Imported workout,3600,Bench Press (Barbell),4,20.0,8.0,,,
2024-01-08 18:00:00,Imported workout,3600,Bench Press (Barbell),Rest Timer,,,,90.0,
2024-01-08 18:00:00,Imported workout,3600,Bench Press (Barbell),2,60.0,8.0,,,
2024-01-08 18:00:00,Imported workout,3600,Bench Press (Barbell),Rest Timer,,,,90.0,
2024-01-08 18:00:00,Imported workout,3600,Bench Press (Barbell),3,80.0,7.0,,,
2024-01-08 18:00:00,Imported workout,3600,Bench Press (Barbell),Rest Timer,,,,90.0,
2024-01-08 18:00:00,Imported workout,3600,Bench Press (Barbell),5,90.0,4.0,,,
2024-01-08 18:00:00,Imported workout,3600,Bench Press (Barbell),Rest Timer,,,,90.0,
2024-01-08 18:00:00,Imported workout,3600,Bench Press (Barbell),1,90.0,6.0,,,
2024-01-08 18:00:00,Imported workout,3600,Bench Press (Barbell),Rest Timer,,,,90.0,
2024-01-08 18:00:00,Imported workout,3600,Chest Dip,1,0.0,8.0,,,
2024-01-08 18:00:00,Imported workout,3600,Chest Dip,Rest Timer,,,,90.0,
2024-01-08 18:00:00,Imported workout,3600,Chest Dip,3,0.0,8.0,,,
2024-01-08 18:00:00,Imported workout,3600,Chest Dip,Rest Timer,,,,90.0,
2024-01-08 18:00:00,Imported workout,3600,Chest Dip,2,0.0,10.0,,,
2024-01-08 18:00:00,Imported workout,3600,Chest Dip,Rest Timer,,,,90.0,
2024-01-11 18:00:00,Imported workout,3600,Trap Bar Deadlift,1,30.0,8.0,,,
2024-01-11 18:00:00,Imported workout,3600,Trap Bar Deadlift,Rest Timer,,,,90.0,
2024-01-11 18:00:00,Imported workout,3600,Trap Bar Deadlift,2,70.0,8.0,,,
2024-01-11 18:00:00,Imported workout,3600,Trap Bar Deadlift,Rest Timer,,,,90.0,
2024-01-11 18:00:00,Imported workout,3600,Trap Bar Deadlift,3,70.0,8.0,,,
2024-01-11 18:00:00,Imported workout,3600,Trap Bar Deadlift,Rest Timer,,,,90.0,
2024-01-11 18:00:00,Imported workout,3600,Trap Bar Deadlift,4,70.0,8.0,,,
2024-01-11 18:00:00,Imported workout,3600,Trap Bar Deadlift,Rest Timer,,,,90.0,
2024-01-11 18:00:00,Imported workout,3600,Trap Bar Deadlift,5,70.0,8.0,,,
2024-01-11 18:00:00,Imported workout,3600,Trap Bar Deadlift,Rest Timer,,,,90.0,
2024-01-13 18:00:00,Imported workout,3600,Bench Press (Barbell),3,20.0,8.0,,,
2024-01-13 18:00:00,Imported workout,3600,Bench Press (Barbell),Rest Timer,,,,90.0,
2024-01-13 18:00:00,Imported workout,3600,Bench Press (Barbell),6,60.0,8.0,,,
2024-01-13 18:00:00,Imported workout,3600,Bench Press (Barbell),Rest Timer,,,,90.0,
2024-01-13 18:00:00,Imported workout,3600,Bench Press (Barbell),5,80.0,8.0,,,
2024-01-13 18:00:00,Imported workout,3600,Bench Press (Barbell),Rest Timer,,,,90.0,
2024-01-13 18:00:00,Imported workout,3600,Bench Press (Barbell),2,90.0,5.0,,,
2024-01-13 18:00:00,Imported workout,3600,Bench Press (Barbell),Rest Timer,,,,90.0,
2024-01-13 18:00:00,Imported workout,3600,Bench Press (Barbell),1,90.0,5.0,,,
2024-01-13 18:00:00,Imported workout,3600,Bench Press (Barbell),Rest Timer,,,,90.0,
2024-01-13 18:00:00,Imported workout,3600,Bench Press (Barbell),4,90.0,1.0,,,
2024-01-13 18:00:00,Imported workout,3600,Bench Press (Barbell),Rest Timer,,,,90.0,
2024-01-13 18:00:00,Imported workout,3600,Seated Overhead Press (Dumbbell),1,22.0,8.0,,,
2024-01-13 18:00:00,Imported workout,3600,Seated Overhead Press (Dumbbell),Rest Timer,,,,90.0,
2024-01-13 18:00:00,Imported workout,3600,Seated Overhead Press (Dumbbell),4,26.0,5.0,,,
2024-01-13 18:00:00,Imported workout,3600,Seated Overhead Press (Dumbbell),Rest Timer,,,,90.0,
2024-01-13 18:00:00,Imported workout,3600,Seated Overhead Press (Dumbbell),3,26.0,5.0,,,
2024-01-13 18:00:00,Imported workout,3600,Seated Overhead Press (Dumbbell),Rest Timer,,,,90.0,
2024-01-13 18:00:00,Imported workout,3600,Seated Overhead Press (Dumbbell),2,26.0,5.0,,,
2024-01-13 18:00:00,Imported workout,3600,Seated Overhead Press (Dumbbell),Rest Timer,,,,90.0,
2024-01-13 18:00:00,Imported workout,3600,Pec Deck (Machine),1,86.0,8.0,,,
2024-01-13 18:00:00,Imported workout,3600,Pec Deck (Machine),Rest Timer,,,,90.0,
2024-01-16 18:00:00,Imported workout,3600,Pull Up,1,0.0,8.0,,,
2024-01-16 18:00:00,Imported workout,3600,Pull Up,Rest Timer,,,,90.0,
2024-01-16 18:00:00,Imported workout,3600,Pull Up,2,15.0,6.0,,,
2024-01-16 18:00:00,Imported workout,3600,Pull Up,Rest Timer,,,,90.0,
2024-01-16 18:00:00,Imported workout,3600,Pull Up,3,15.0,8.0,,,
2024-01-16 18:00:00,Imported workout,3600,Pull Up,Rest Timer,,,,90.0,
2024-01-16 18:00:00,Imported workout,3600,Pull Up,5,15.0,7.0,,,
2024-01-16 18:00:00,Imported workout,3600,Pull Up,Rest Timer,,,,90.0,
2024-01-16 18:00:00,Imported workout,3600,Pull Up,4,0.0,7.0,,,
2024-01-16 18:00:00,Imported workout,3600,Pull Up,Rest Timer,,,,90.0,
2024-01-16 18:00:00,Imported workout,3600,Squat (Barbell),1,20.0,8.0,,,
2024-01-16 18:00:00,Imported workout,3600,Squat (Barbell),Rest Timer,,,,90.0,
2024-01-16 18:00:00,Imported workout,3600,Squat (Barbell),2,60.0,8.0,,,
2024-01-16 18:00:00,Imported workout,3600,Squat (Barbell),Rest Timer,,,,90.0,
2024-01-16 18:00:00,Imported workout,3600,Squat (Barbell),3,80.0,8.0,,,
2024-01-16 18:00:00,Imported workout,3600,Squat (Barbell),Rest Timer,,,,90.0,
2024-01-16 18:00:00,Imported workout,3600,Squat (Barbell),4,80.0,8.0,,,
2024-01-16 18:00:00,Imported workout,3600,Squat (Barbell),Rest Timer,,,,90.0,
2024-01-18 18:00:00,Imported workout,3600,Trap Bar Deadlift,3,60.0,8.0,,,
2024-01-18 18:00:00,Imported workout,3600,Trap Bar Deadlift,Rest Timer,,,,90.0,
2024-01-18 18:00:00,Imported workout,3600,Trap Bar Deadlift,2,60.0,8.0,,,
2024-01-18 18:00:00,Imported workout,3600,Trap Bar Deadlift,Rest Timer,,,,90.0,
2024-01-18 18:00:00,Imported workout,3600,Trap Bar Deadlift,1,60.0,8.0,,,
2024-01-18 18:00:00,Imported workout,3600,Trap Bar Deadlift,Rest Timer,,,,90.0,
2024-01-18 18:00:00,Imported workout,3600,Trap Bar Deadlift,4,60.0,8.0,,,
2024-01-18 18:00:00,Imported workout,3600,Trap Bar Deadlift,Rest Timer,,,,90.0,
2024-01-18 18:00:00,Imported workout,3600,Incline Bench Press (Barbell),4,15.0,8.0,,,
2024-01-18 18:00:00,Imported workout,3600,Incline Bench Press (Barbell),Rest Timer,,,,90.0,
2024-01-18 18:00:00,Imported workout,3600,Incline Bench Press (Barbell),2,55.0,8.0,,,
2024-01-18 18:00:00,Imported workout,3600,Incline Bench Press (Barbell),Rest Timer,,,,90.0,
2024-01-18 18:00:00,Imported workout,3600,Incline Bench Press (Barbell),3,65.0,8.0,,,
2024-01-18 18:00:00,Imported workout,3600,Incline Bench Press (Barbell),Rest Timer,,,,90.0,
2024-01-18 18:00:00,Imported workout,3600,Incline Bench Press (Barbell),1,70.0,8.0,,,
2024-01-18 18:00:00,Imported workout,3600,Incline Bench Press (Barbell),Rest Timer,,,,90.0,
2024-01-21 18:00:00,Imported workout,3600,Bench Press (Dumbbell),5,20.0,8.0,,,
2024-01-21 18:00:00,Imported workout,3600,Bench Press (Dumbbell),Rest Timer,,,,90.0,
2024-01-21 18:00:00,Imported workout,3600,Bench Press (Dumbbell),4,36.0,8.0,,,
2024-01-21 18:00:00,Imported workout,3600,Bench Press (Dumbbell),Rest Timer,,,,90.0,
2024-01-21 18:00:00,Imported workout,3600,Bench Press (Dumbbell),3,36.0,8.0,,,
2024-01-21 18:00:00,Imported workout,3600,Bench Press (Dumbbell),Rest Timer,,,,90.0,
2024-01-21 18:00:00,Imported workout,3600,Bench Press (Dumbbell),2,36.0,7.0,,,
2024-01-21 18:00:00,Imported workout,3600,Bench Press (Dumbbell),Rest Timer,,,,90.0,
2024-01-21 18:00:00,Imported workout,3600,Bench Press (Dumbbell),6,36.0,7.0,,,
2024-01-21 18:00:00,Imported workout,3600,Bench Press (Dumbbell),Rest Timer,,,,90.0,
2024-01-21 18:00:00,Imported workout,3600,Bench Press (Dumbbell),1,34.0,7.0,,,
2024-01-21 18:00:00,Imported workout,3600,Bench Press (Dumbbell),Rest Timer,,,,90.0,
2024-01-21 18:00:00,Imported workout,3600,Seated Overhead Press (Dumbbell),5,26.0,8.0,,,
2024-01-21 18:00:00,Imported workout,3600,Seated Overhead Press (Dumbbell),Rest Timer,,,,90.0,
2024-01-21 18:00:00,Imported workout,3600,Seated Overhead Press (Dumbbell),4,26.0,8.0,,,
2024-01-21 18:00:00,Imported workout,3600,Seated Overhead Press (Dumbbell),Rest Timer,,,,90.0,
2024-01-21 18:00:00,Imported workout,3600,Seated Overhead Press (Dumbbell),3,26.0,8.0,,,
2024-01-21 18:00:00,Imported workout,3600,Seated Overhead Press (Dumbbell),Rest Timer,,,,90.0,
2024-01-21 18:00:00,Imported workout,3600,Seated Overhead Press (Dumbbell),2,26.0,8.0,,,
2024-01-21 18:00:00,Imported workout,3600,Seated Overhead Press (Dumbbell),Rest Timer,,,,90.0,
2024-01-21 18:00:00,Imported workout,3600,Seated Overhead Press (Dumbbell),1,26.0,7.0,,,
2024-01-21 18:00:00,Imported workout,3600,Seated Overhead Press (Dumbbell),Rest Timer,,,,90.0,
2024-01-26 18:00:00,Imported workout,3600,Trap Bar Deadlift,4,30.0,8.0,,,
2024-01-26 18:00:00,Imported workout,3600,Trap Bar Deadlift,Rest Timer,,,,90.0,
2024-01-26 18:00:00,Imported workout,3600,Trap Bar Deadlift,3,70.0,8.0,,,
2024-01-26 18:00:00,Imported workout,3600,Trap Bar Deadlift,Rest Timer,,,,90.0,
2024-01-26 18:00:00,Imported workout,3600,Trap Bar Deadlift,2,70.0,8.0,,,
2024-01-26 18:00:00,Imported workout,3600,Trap Bar Deadlift,Rest Timer,,,,90.0,
2024-01-26 18:00:00,Imported workout,3600,Trap Bar Deadlift,5,70.0,8.0,,,
2024-01-26 18:00:00,Imported workout,3600,Trap Bar Deadlift,Rest Timer,,,,90.0,
2024-01-26 18:00:00,Imported workout,3600,Trap Bar Deadlift,1,70.0,8.0,,,
2024-01-26 18:00:00,Imported workout,3600,Trap Bar Deadlift,Rest Timer,,,,90.0,
2024-01-26 18:00:00,Imported workout,3600,Incline Bench Press (Barbell),1,25.0,8.0,,,
2024-01-26 18:00:00,Imported workout,3600,Incline Bench Press (Barbell),Rest Timer,,,,90.0,
2024-01-26 18:00:00,Imported workout,3600,Incline Bench Press (Barbell),4,55.0,8.0,,,
2024-01-26 18:00:00,Imported workout,3600,Incline Bench Press (Barbell),Rest Timer,,,,90.0,
2024-01-26 18:00:00,Imported workout,3600,Incline Bench Press (Barbell),2,70.0,8.0,,,
2024-01-26 18:00:00,Imported workout,3600,Incline Bench Press (Barbell),Rest Timer,,,,90.0,
2024-01-26 18:00:00,Imported workout,3600,Incline Bench Press (Barbell),3,75.0,8.0,,,
2024-01-26 18:00:00,Imported workout,3600,Incline Bench Press (Barbell),Rest Timer,,,,90.0,
2024-01-29 18:00:00,Imported workout,3600,Bench Press (Dumbbell),5,26.0,12.0,,,
2024-01-29 18:00:00,Imported workout,3600,Bench Press (Dumbbell),Rest Timer,,,,90.0,
2024-01-29 18:00:00,Imported workout,3600,Bench Press (Dumbbell),4,32.0,10.0,,,
2024-01-29 18:00:00,Imported workout,3600,Bench Press (Dumbbell),Rest Timer,,,,90.0,
2024-01-29 18:00:00,Imported workout,3600,Bench Press (Dumbbell),3,36.0,8.0,,,
2024-01-29 18:00:00,Imported workout,3600,Bench Press (Dumbbell),Rest Timer,,,,90.0,
2024-01-29 18:00:00,Imported workout,3600,Bench Press (Dumbbell),2,36.0,7.0,,,
2024-01-29 18:00:00,Imported workout,3600,Bench Press (Dumbbell),Rest Timer,,,,90.0,
2024-01-29 18:00:00,Imported workout,3600,Bench Press (Dumbbell),1,36.0,7.0,,,
2024-01-29 18:00:00,Imported workout,3600,Bench Press (Dumbbell),Rest Timer,,,,90.0,
2024-01-29 18:00:00,Imported workout,3600,Bench Press (Dumbbell),6,34.0,8.0,,,
2024-01-29 18:00:00,Imported workout,3600,Bench Press (Dumbbell),Rest Timer,,,,90.0,
2024-01-29 18:00:00,Imported workout,3600,Seated Overhead Press (Dumbbell),4,24.0,8.0,,,
2024-01-29 18:00:00,Imported workout,3600,Seated Overhead Press (Dumbbell),Rest Timer,,,,90.0,
2024-01-29 18:00:00,Imported workout,3600,Seated Overhead Press (Dumbbell),5,24.0,8.0,,,
2024-01-29 18:00:00,Imported workout,3600,Seated Overhead Press (Dumbbell),Rest Timer,,,,90.0,
2024-01-29 18:00:00,Imported workout,3600,Seated Overhead Press (Dumbbell),3,24.0,8.0,,,
2024-01-29 18:00:00,Imported workout,3600,Seated Overhead Press (Dumbbell),Rest Timer,,,,90.0,
2024-01-29 18:00:00,Imported workout,3600,Seated Overhead Press (Dumbbell),2,24.0,8.0,,,
2024-01-29 18:00:00,Imported workout,3600,Seated Overhead Press (Dumbbell),Rest Timer,,,,90.0,
2024-01-29 18:00:00,Imported workout,3600,Seated Overhead Press (Dumbbell),1,24.0,8.0,,,
2024-01-29 18:00:00,Imported workout,3600,Seated Overhead Press (Dumbbell),Rest Timer,,,,90.0,
2024-01-29 18:00:00,Imported workout,3600,Lateral Raise (Dumbbell),2,9.0,8.0,,,
2024-01-29 18:00:00,Imported workout,3600,Lateral Raise (Dumbbell),Rest Timer,,,,90.0,
2024-01-29 18:00:00,Imported workout,3600,Lateral Raise (Dumbbell),1,9.0,8.0,,,
2024-01-29 18:00:00,Imported workout,3600,Lateral Raise (Dumbbell),Rest Timer,,,,90.0,
2024-11-04 18:00:00,Imported workout,3600,Deadlift (Barbell),4,25.0,8.0,,,
2024-11-04 18:00:00,Imported workout,3600,Deadlift (Barbell),Rest Timer,,,,90.0,
2024-11-04 18:00:00,Imported workout,3600,Deadlift (Barbell),3,45.0,10.0,,,
2024-11-04 18:00:00,Imported workout,3600,Deadlift (Barbell),Rest Timer,,,,90.0,
2024-11-04 18:00:00,Imported workout,3600,Deadlift (Barbell),1,65.0,8.0,,,
2024-11-04 18:00:00,Imported workout,3600,Deadlift (Barbell),Rest Timer,,,,90.0,
2024-11-04 18:00:00,Imported workout,3600,Deadlift (Barbell),2,65.0,8.0,,,
2024-11-04 18:00:00,Imported workout,3600,Deadlift (Barbell),Rest Timer,,,,90.0,
2024-11-04 18:00:00,Imported workout,3600,T Bar Row,3,25.0,8.0,,,
2024-11-04 18:00:00,Imported workout,3600,T Bar Row,Rest Timer,,,,90.0,
2024-11-04 18:00:00,Imported workout,3600,T Bar Row,2,35.0,8.0,,,
2024-11-04 18:00:00,Imported workout,3600,T Bar Row,Rest Timer,,,,90.0,
2024-11-04 18:00:00,Imported workout,3600,T Bar Row,1,35.0,8.0,,,
2024-11-04 18:00:00,Imported workout,3600,T Bar Row,Rest Timer,,,,90.0,
2024-11-04 18:00:00,Imported workout,3600,T Bar Row,4,35.0,8.0,,,
2024-11-04 18:00:00,Imported workout,3600,T Bar Row,Rest Timer,,,,90.0,
2024-11-04 18:00:00,Imported workout,3600,Incline Bench Press (Dumbbell),3,16.0,8.0,,,
2024-11-04 18:00:00,Imported workout,3600,Incline Bench Press (Dumbbell),Rest Timer,,,,90.0,
2024-11-04 18:00:00,Imported workout,3600,Incline Bench Press (Dumbbell),1,24.0,8.0,,,
2024-11-04 18:00:00,Imported workout,3600,Incline Bench Press (Dumbbell),Rest Timer,,,,90.0,
2024-11-04 18:00:00,Imported workout,3600,Incline Bench Press (Dumbbell),2,28.0,8.0,,,
2024-11-04 18:00:00,Imported workout,3600,Incline Bench Press (Dumbbell),Rest Timer,,,,90.0,
2024-11-04 18:00:00,Imported workout,3600,Lunge (Dumbbell),4,16.0,8.0,,,
2024-11-04 18:00:00,Imported workout,3600,Lunge (Dumbbell),Rest Timer,,,,90.0,
2024-11-04 18:00:00,Imported workout,3600,Lunge (Dumbbell),3,24.0,10.0,,,
2024-11-04 18:00:00,Imported workout,3600,Lunge (Dumbbell),Rest Timer,,,,90.0,
2024-11-04 18:00:00,Imported workout,3600,Lunge (Dumbbell),2,24.0,10.0,,,
2024-11-04 18:00:00,Imported workout,3600,Lunge (Dumbbell),Rest Timer,,,,90.0,
2024-11-04 18:00:00,Imported workout,3600,Lunge (Dumbbell),1,24.0,10.0,,,
2024-11-04 18:00:00,Imported workout,3600,Lunge (Dumbbell),Rest Timer,,,,90.0,
2024-11-07 18:00:00,Imported workout,3600,Front Squat (Barbell),4,15.0,8.0,,,
2024-11-07 18:00:00,Imported workout,3600,Front Squat (Barbell),Rest Timer,,,,90.0,
2024-11-07 18:00:00,Imported workout,3600,Front Squat (Barbell),3,25.0,6.0,,,
2024-11-07 18:00:00,Imported workout,3600,Front Squat (Barbell),Rest Timer,,,,90.0,
2024-11-07 18:00:00,Imported workout,3600,Front Squat (Barbell),2,25.0,6.0,,,
2024-11-07 18:00:00,Imported workout,3600,Front Squat (Barbell),Rest Timer,,,,90.0,
2024-11-07 18:00:00,Imported workout,3600,Front Squat (Barbell),1,25.0,8.0,,,
2024-11-07 18:00:00,Imported workout,3600,Front Squat (Barbell),Rest Timer,,,,90.0,
2024-11-07 18:00:00,Imported workout,3600,Pull Up,5,0.0,5.0,,,
2024-11-07 18:00:00,Imported workout,3600,Pull Up,Rest Timer,,,,90.0,
2024-11-07 18:00:00,Imported workout,3600,Pull Up,4,0.0,5.0,,,
2024-11-07 18:00:00,Imported workout,3600,Pull Up,Rest Timer,,,,90.0,
2024-11-07 18:00:00,Imported workout,3600,Pull Up,3,0.0,5.0,,,
2024-11-07 18:00:00,Imported workout,3600,Pull Up,Rest Timer,,,,90.0,
2024-11-07 18:00:00,Imported workout,3600,Pull Up,2,0.0,5.0,,,
2024-11-07 18:00:00,Imported workout,3600,Pull Up,Rest Timer,,,,90.0,
2024-11-07 18:00:00,Imported workout,3600,Pull Up,1,0.0,5.0,,,
2024-11-07 18:00:00,Imported workout,3600,Pull Up,Rest Timer,,,,90.0,
2024-11-07 18:00:00,Imported workout,3600,Bench Press - Close Grip (Barbell),4,15.0,8.0,,,
2024-11-07 18:00:00,Imported workout,3600,Bench Press - Close Grip (Barbell),Rest Timer,,,,90.0,
2024-11-07 18:00:00,Imported workout,3600,Bench Press - Close Grip (Barbell),1,25.0,8.0,,,
2024-11-07 18:00:00,Imported workout,3600,Bench Press - Close Grip (Barbell),Rest Timer,,,,90.0,
2024-11-07 18:00:00,Imported workout,3600,Bench Press - Close Grip (Barbell),3,25.0,8.0,,,
2024-11-07 18:00:00,Imported workout,3600,Bench Press - Close Grip (Barbell),Rest Timer,,,,90.0,
2024-11-07 18:00:00,Imported workout,3600,Bench Press - Close Grip (Barbell),2,25.0,8.0,,,
2024-11-07 18:00:00,Imported workout,3600,Bench Press - Close Grip (Barbell),Rest Timer,,,,90.0,
2024-11-07 18:00:00,Imported workout,3600,Good Morning (Barbell),4,10.0,8.0,,,
2024-11-07 18:00:00,Imported workout,3600,Good Morning (Barbell),Rest Timer,,,,90.0,
2024-11-07 18:00:00,Imported workout,3600,Good Morning (Barbell),3,24.0,8.0,,,
2024-11-07 18:00:00,Imported workout,3600,Good Morning (Barbell),Rest Timer,,,,90.0,
2024-11-07 18:00:00,Imported workout,3600,Good Morning (Barbell),2,24.0,8.0,,,
2024-11-07 18:00:00,Imported workout,3600,Good Morning (Barbell),Rest Timer,,,,90.0,
2024-11-07 18:00:00,Imported workout,3600,Good Morning (Barbell),1,24.0,8.0,,,
2024-11-07 18:00:00,Imported workout,3600,Good Morning (Barbell),Rest Timer,,,,90.0,
2024-11-12 18:00:00,Imported workout,3600,Bench Press (Barbell),2,15.0,8.0,,,
2024-11-12 18:00:00,Imported workout,3600,Bench Press (Barbell),Rest Timer,,,,90.0,
2024-11-12 18:00:00,Imported workout,3600,Bench Press (Barbell),3,50.0,12.0,,,
2024-11-12 18:00:00,Imported workout,3600,Bench Press (Barbell),Rest Timer,,,,90.0,
2024-11-12 18:00:00,Imported workout,3600,Bench Press (Barbell),4,80.0,6.0,,,
2024-11-12 18:00:00,Imported workout,3600,Bench Press (Barbell),Rest Timer,,,,90.0,
2024-11-12 18:00:00,Imported workout,3600,Bench Press (Barbell),1,80.0,6.0,,,
2024-11-12 18:00:00,Imported workout,3600,Bench Press (Barbell),Rest Timer,,,,90.0,
2024-11-12 18:00:00,Imported workout,3600,Squat (Barbell),2,20.0,8.0,,,
2024-11-12 18:00:00,Imported workout,3600,Squat (Barbell),Rest Timer,,,,90.0,
2024-11-12 18:00:00,Imported workout,3600,Squat (Barbell),1,40.0,8.0,,,
2024-11-12 18:00:00,Imported workout,3600,Squat (Barbell),Rest Timer,,,,90.0,
2024-11-15 18:00:00,Imported workout,3600,Deadlift (Barbell),4,65.0,8.0,,,
2024-11-15 18:00:00,Imported workout,3600,Deadlift (Barbell),Rest Timer,,,,90.0,
2024-11-15 18:00:00,Imported workout,3600,Deadlift (Barbell),3,65.0,8.0,,,
2024-11-15 18:00:00,Imported workout,3600,Deadlift (Barbell),Rest Timer,,,,90.0,
2024-11-15 18:00:00,Imported workout,3600,Deadlift (Barbell),2,65.0,8.0,,,
2024-11-15 18:00:00,Imported workout,3600,Deadlift (Barbell),Rest Timer,,,,90.0,
2024-11-15 18:00:00,Imported workout,3600,Deadlift (Barbell),5,65.0,8.0,,,
2024-11-15 18:00:00,Imported workout,3600,Deadlift (Barbell),Rest Timer,,,,90.0,
2024-11-15 18:00:00,Imported workout,3600,Deadlift (Barbell),1,65.0,8.0,,,
2024-11-15 18:00:00,Imported workout,3600,Deadlift (Barbell),Rest Timer,,,,90.0,
2024-11-15 18:00:00,Imported workout,3600,Leg Press,3,90.0,12.0,,,
2024-11-15 18:00:00,Imported workout,3600,Leg Press,Rest Timer,,,,90.0,
2024-11-15 18:00:00,Imported workout,3600,Leg Press,1,90.0,12.0,,,
2024-11-15 18:00:00,Imported workout,3600,Leg Press,Rest Timer,,,,90.0,
2024-11-15 18:00:00,Imported workout,3600,Leg Press,2,90.0,12.0,,,
2024-11-15 18:00:00,Imported workout,3600,Leg Press,Rest Timer,,,,90.0,
2024-11-22 18:00:00,Imported workout,3600,Pull Up,1,0.0,5.0,,,
2024-11-22 18:00:00,Imported workout,3600,Pull Up,Rest Timer,,,,90.0,
2024-11-22 18:00:00,Imported workout,3600,Pull Up,2,0.0,5.0,,,
2024-11-22 18:00:00,Imported workout,3600,Pull Up,Rest Timer,,,,90.0,
2024-11-22 18:00:00,Imported workout,3600,Pull Up,3,0.0,5.0,,,
2024-11-22 18:00:00,Imported workout,3600,Pull Up,Rest Timer,,,,90.0,
2024-11-22 18:00:00,Imported workout,3600,Pull Up,4,0.0,8.0,,,
2024-11-22 18:00:00,Imported workout,3600,Pull Up,Rest Timer,,,,90.0,
2024-11-22 18:00:00,Imported workout,3600,Front Squat (Barbell),1,20.0,8.0,,,
2024-11-22 18:00:00,Imported workout,3600,Front Squat (Barbell),Rest Timer,,,,90.0,
2024-11-22 18:00:00,Imported workout,3600,Front Squat (Barbell),2,30.0,3.0,,,
2024-11-22 18:00:00,Imported workout,3600,Front Squat (Barbell),Rest Timer,,,,90.0,
2024-11-27 18:00:00,Imported workout,3600,Bench Press (Smith Machine),3,50.0,12.0,,,
2024-11-27 18:00:00,Imported workout,3600,Bench Press (Smith Machine),Rest Timer,,,,90.0,
2024-11-27 18:00:00,Imported workout,3600,Bench Press (Smith Machine),4,70.0,8.0,,,
2024-11-27 18:00:00,Imported workout,3600,Bench Press (Smith Machine),Rest Timer,,,,90.0,
2024-11-27 18:00:00,Imported workout,3600,Bench Press (Smith Machine),2,70.0,8.0,,,
2024-11-27 18:00:00,Imported workout,3600,Bench Press (Smith Machine),Rest Timer,,,,90.0,
2024-11-27 18:00:00,Imported workout,3600,Bench Press (Smith Machine),1,72.5,8.0,,,
2024-11-27 18:00:00,Imported workout,3600,Bench Press (Smith Machine),Rest Timer,,,,90.0,
2025-09-20 18:00:00,Imported workout,3600,Bench Press (Barbell),6,15.0,8.0,,,
2025-09-20 18:00:00,Imported workout,3600,Bench Press (Barbell),Rest Timer,,,,90.0,
2025-09-20 18:00:00,Imported workout,3600,Bench Press (Barbell),5,35.0,8.0,,,
2025-09-20 18:00:00,Imported workout,3600,Bench Press (Barbell),Rest Timer,,,,90.0,
2025-09-20 18:00:00,Imported workout,3600,Bench Press (Barbell),1,65.0,8.0,,,
2025-09-20 18:00:00,Imported workout,3600,Bench Press (Barbell),Rest Timer,,,,90.0,
2025-09-20 18:00:00,Imported workout,3600,Bench Press (Barbell),4,75.0,8.0,,,
2025-09-20 18:00:00,Imported workout,3600,Bench Press (Barbell),Rest Timer,,,,90.0,
2025-09-20 18:00:00,Imported workout,3600,Bench Press (Barbell),3,80.0,6.0,,,
2025-09-20 18:00:00,Imported workout,3600,Bench Press (Barbell),Rest Timer,,,,90.0,
2025-09-20 18:00:00,Imported workout,3600,Bench Press (Barbell),2,76.0,8.0,,,
2025-09-20 18:00:00,Imported workout,3600,Bench Press (Barbell),Rest Timer,,,,90.0,
2025-09-20 18:00:00,Imported workout,3600,Lat Pulldown (Cable),2,52.0,8.0,,,
2025-09-20 18:00:00,Imported workout,3600,Lat Pulldown (Cable),Rest Timer,,,,90.0,
2025-09-20 18:00:00,Imported workout,3600,Lat Pulldown (Cable),1,52.0,8.0,,,
2025-09-20 18:00:00,Imported workout,3600,Lat Pulldown (Cable),Rest Timer,,,,90.0,
2025-09-20 18:00:00,Imported workout,3600,Lat Pulldown (Cable),3,52.0,8.0,,,
2025-09-20 18:00:00,Imported workout,3600,Lat Pulldown (Cable),Rest Timer,,,,90.0,
2025-09-20 18:00:00,Imported workout,3600,Chest Dip,3,0.0,8.0,,,
2025-09-20 18:00:00,Imported workout,3600,Chest Dip,Rest Timer,,,,90.0,
2025-09-20 18:00:00,Imported workout,3600,Chest Dip,1,0.0,8.0,,,
2025-09-20 18:00:00,Imported workout,3600,Chest Dip,Rest Timer,,,,90.0,
2025-09-20 18:00:00,Imported workout,3600,Chest Dip,2,0.0,8.0,,,
2025-09-20 18:00:00,Imported workout,3600,Chest Dip,Rest Timer,,,,90.0,
2025-09-20 18:00:00,Imported workout,3600,Bicep Curl (Cable),3,41.0,8.0,,,
2025-09-20 18:00:00,Imported workout,3600,Bicep Curl (Cable),Rest Timer,,,,90.0,
2025-09-20 18:00:00,Imported workout,3600,Bicep Curl (Cable),2,41.0,8.0,,,
2025-09-20 18:00:00,Imported workout,3600,Bicep Curl (Cable),Rest Timer,,,,90.0,
2025-09-20 18:00:00,Imported workout,3600,Bicep Curl (Cable),1,41.0,8.0,,,
2025-09-20 18:00:00,Imported workout,3600,Bicep Curl (Cable),Rest Timer,,,,90.0,
2025-09-20 18:00:00,Imported workout,3600,Triceps Pushdown (Cable - Straight Bar),1,18.0,8.0,,,
2025-09-20 18:00:00,Imported workout,3600,Triceps Pushdown (Cable - Straight Bar),Rest Timer,,,,90.0,
2025-09-20 18:00:00,Imported workout,3600,Triceps Pushdown (Cable - Straight Bar),2,18.0,12.0,,,
2025-09-20 18:00:00,Imported workout,3600,Triceps Pushdown (Cable - Straight Bar),Rest Timer,,,,90.0,
2025-09-27 18:00:00,Imported workout,3600,Bench Press (Barbell),4,50.0,8.0,,,
2025-09-27 18:00:00,Imported workout,3600,Bench Press (Barbell),Rest Timer,,,,90.0,
2025-09-27 18:00:00,Imported workout,3600,Bench Press (Barbell),3,75.0,8.0,,,
2025-09-27 18:00:00,Imported workout,3600,Bench Press (Barbell),Rest Timer,,,,90.0,
2025-09-27 18:00:00,Imported workout,3600,Bench Press (Barbell),2,85.0,8.0,,,
2025-09-27 18:00:00,Imported workout,3600,Bench Press (Barbell),Rest Timer,,,,90.0,
2025-09-27 18:00:00,Imported workout,3600,Bench Press (Barbell),5,85.0,7.0,,,
2025-09-27 18:00:00,Imported workout,3600,Bench Press (Barbell),Rest Timer,,,,90.0,
2025-09-27 18:00:00,Imported workout,3600,Bench Press (Barbell),1,85.0,6.0,,,
2025-09-27 18:00:00,Imported workout,3600,Bench Press (Barbell),Rest Timer,,,,90.0,
2025-09-27 18:00:00,Imported workout,3600,Chest Dip,3,0.0,8.0,,,
2025-09-27 18:00:00,Imported workout,3600,Chest Dip,Rest Timer,,,,90.0,
2025-09-27 18:00:00,Imported workout,3600,Chest Dip,2,5.0,5.0,,,
2025-09-27 18:00:00,Imported workout,3600,Chest Dip,Rest Timer,,,,90.0,
2025-09-27 18:00:00,Imported workout,3600,Chest Dip,1,5.0,5.0,,,
2025-09-27 18:00:00,Imported workout,3600,Chest Dip,Rest Timer,,,,90.0,
2025-10-01 18:00:00,Imported workout,3600,Lat Pulldown (Cable),5,45.0,8.0,,,
2025-10-01 18:00:00,Imported workout,3600,Lat Pulldown (Cable),Rest Timer,,,,90.0,
2025-10-01 18:00:00,Imported workout,3600,Lat Pulldown (Cable),4,73.0,8.0,,,
2025-10-01 18:00:00,Imported workout,3600,Lat Pulldown (Cable),Rest Timer,,,,90.0,
2025-10-01 18:00:00,Imported workout,3600,Lat Pulldown (Cable),3,73.0,5.0,,,
2025-10-01 18:00:00,Imported workout,3600,Lat Pulldown (Cable),Rest Timer,,,,90.0,
2025-10-01 18:00:00,Imported workout,3600,Lat Pulldown (Cable),2,59.0,8.0,,,
2025-10-01 18:00:00,Imported workout,3600,Lat Pulldown (Cable),Rest Timer,,,,90.0,
2025-10-01 18:00:00,Imported workout,3600,Lat Pulldown (Cable),1,59.0,8.0,,,
2025-10-01 18:00:00,Imported workout,3600,Lat Pulldown (Cable),Rest Timer,,,,90.0,
2025-10-01 18:00:00,Imported workout,3600,Leg Extension (Machine),4,79.0,8.0,,,
2025-10-01 18:00:00,Imported workout,3600,Leg Extension (Machine),Rest Timer,,,,90.0,
2025-10-01 18:00:00,Imported workout,3600,Leg Extension (Machine),3,79.0,8.0,,,
2025-10-01 18:00:00,Imported workout,3600,Leg Extension (Machine),Rest Timer,,,,90.0,
2025-10-01 18:00:00,Imported workout,3600,Leg Extension (Machine),2,73.0,10.0,,,
2025-10-01 18:00:00,Imported workout,3600,Leg Extension (Machine),Rest Timer,,,,90.0,
2025-10-01 18:00:00,Imported workout,3600,Leg Extension (Machine),1,73.0,10.0,,,
2025-10-01 18:00:00,Imported workout,3600,Leg Extension (Machine),Rest Timer,,,,90.0,
2025-10-01 18:00:00,Imported workout,3600,Overhead Press (Barbell),4,15.0,10.0,,,
2025-10-01 18:00:00,Imported workout,3600,Overhead Press (Barbell),Rest Timer,,,,90.0,
2025-10-01 18:00:00,Imported workout,3600,Overhead Press (Barbell),3,25.0,8.0,,,
2025-10-01 18:00:00,Imported workout,3600,Overhead Press (Barbell),Rest Timer,,,,90.0,
2025-10-01 18:00:00,Imported workout,3600,Overhead Press (Barbell),1,27.5,8.0,,,
2025-10-01 18:00:00,Imported workout,3600,Overhead Press (Barbell),Rest Timer,,,,90.0,
2025-10-01 18:00:00,Imported workout,3600,Overhead Press (Barbell),2,27.5,7.0,,,
2025-10-01 18:00:00,Imported workout,3600,Overhead Press (Barbell),Rest Timer,,,,90.0,
2025-10-01 18:00:00,Imported workout,3600,Chest Press (Machine),4,39.0,8.0,,,
2025-10-01 18:00:00,Imported workout,3600,Chest Press (Machine),Rest Timer,,,,90.0,
2025-10-01 18:00:00,Imported workout,3600,Chest Press (Machine),3,45.0,10.0,,,
2025-10-01 18:00:00,Imported workout,3600,Chest Press (Machine),Rest Timer,,,,90.0,
2025-10-01 18:00:00,Imported workout,3600,Chest Press (Machine),2,45.0,12.0,,,
2025-10-01 18:00:00,Imported workout,3600,Chest Press (Machine),Rest Timer,,,,90.0,
2025-10-01 18:00:00,Imported workout,3600,Chest Press (Machine),1,45.0,12.0,,,
2025-10-01 18:00:00,Imported workout,3600,Chest Press (Machine),Rest Timer,,,,90.0,
2025-10-01 18:00:00,Imported workout,3600,Preacher Curl (Barbell),2,20.0,8.0,,,
2025-10-01 18:00:00,Imported workout,3600,Preacher Curl (Barbell),Rest Timer,,,,90.0,
2025-10-01 18:00:00,Imported workout,3600,Preacher Curl (Barbell),3,20.0,8.0,,,
2025-10-01 18:00:00,Imported workout,3600,Preacher Curl (Barbell),Rest Timer,,,,90.0,
2025-10-01 18:00:00,Imported workout,3600,Preacher Curl (Barbell),1,20.0,8.0,,,
2025-10-01 18:00:00,Imported workout,3600,Preacher Curl (Barbell),Rest Timer,,,,90.0,
2025-10-03 18:00:00,Imported workout,3600,Incline Bench Press (Dumbbell),6,14.0,8.0,,,
2025-10-03 18:00:00,Imported workout,3600,Incline Bench Press (Dumbbell),Rest Timer,,,,90.0,
2025-10-03 18:00:00,Imported workout,3600,Incline Bench Press (Dumbbell),5,26.0,8.0,,,
2025-10-03 18:00:00,Imported workout,3600,Incline Bench Press (Dumbbell),Rest Timer,,,,90.0,
2025-10-03 18:00:00,Imported workout,3600,Incline Bench Press (Dumbbell),4,26.0,8.0,,,
2025-10-03 18:00:00,Imported workout,3600,Incline Bench Press (Dumbbell),Rest Timer,,,,90.0,
2025-10-03 18:00:00,Imported workout,3600,Incline Bench Press (Dumbbell),3,26.0,8.0,,,
2025-10-03 18:00:00,Imported workout,3600,Incline Bench Press (Dumbbell),Rest Timer,,,,90.0,
2025-10-03 18:00:00,Imported workout,3600,Incline Bench Press (Dumbbell),2,26.0,8.0,,,
2025-10-03 18:00:00,Imported workout,3600,Incline Bench Press (Dumbbell),Rest Timer,,,,90.0,
2025-10-03 18:00:00,Imported workout,3600,Incline Bench Press (Dumbbell),1,26.0,8.0,,,
2025-10-03 18:00:00,Imported workout,3600,Incline Bench Press (Dumbbell),Rest Timer,,,,90.0,
2025-10-03 18:00:00,Imported workout,3600,Chest Dip,4,0.0,8.0,,,
2025-10-03 18:00:00,Imported workout,3600,Chest Dip,Rest Timer,,,,90.0,
2025-10-03 18:00:00,Imported workout,3600,Chest Dip,3,5.0,8.0,,,
2025-10-03 18:00:00,Imported workout,3600,Chest Dip,Rest Timer,,,,90.0,
2025-10-03 18:00:00,Imported workout,3600,Chest Dip,5,5.0,8.0,,,
2025-10-03 18:00:00,Imported workout,3600,Chest Dip,Rest Timer,,,,90.0,
2025-10-03 18:00:00,Imported workout,3600,Chest Dip,2,5.0,8.0,,,
2025-10-03 18:00:00,Imported workout,3600,Chest Dip,Rest Timer,,,,90.0,
2025-10-03 18:00:00,Imported workout,3600,Chest Dip,1,5.0,8.0,,,
2025-10-03 18:00:00,Imported workout,3600,Chest Dip,Rest Timer,,,,90.0,
2025-10-03 18:00:00,Imported workout,3600,Overhead Press (Barbell),5,15.0,8.0,,,
2025-10-03 18:00:00,Imported workout,3600,Overhead Press (Barbell),Rest Timer,,,,90.0,
2025-10-03 18:00:00,Imported workout,3600,Overhead Press (Barbell),1,20.0,8.0,,,
2025-10-03 18:00:00,Imported workout,3600,Overhead Press (Barbell),Rest Timer,,,,90.0,
2025-10-03 18:00:00,Imported workout,3600,Overhead Press (Barbell),2,20.0,8.0,,,
2025-10-03 18:00:00,Imported workout,3600,Overhead Press (Barbell),Rest Timer,,,,90.0,
2025-10-03 18:00:00,Imported workout,3600,Overhead Press (Barbell),3,20.0,8.0,,,
2025-10-03 18:00:00,Imported workout,3600,Overhead Press (Barbell),Rest Timer,,,,90.0,
2025-10-03 18:00:00,Imported workout,3600,Overhead Press (Barbell),4,20.0,8.0,,,
2025-10-03 18:00:00,Imported workout,3600,Overhead Press (Barbell),Rest Timer,,,,90.0,
2025-10-03 18:00:00,Imported workout,3600,Leg Press,2,100.0,7.0,,,
2025-10-03 18:00:00,Imported workout,3600,Leg Press,Rest Timer,,,,90.0,
2025-10-03 18:00:00,Imported workout,3600,Leg Press,3,100.0,8.0,,,
2025-10-03 18:00:00,Imported workout,3600,Leg Press,Rest Timer,,,,90.0,
2025-10-03 18:00:00,Imported workout,3600,Leg Press,1,100.0,8.0,,,
2025-10-03 18:00:00,Imported workout,3600,Leg Press,Rest Timer,,,,90.0,
2025-10-06 18:00:00,Imported workout,3600,Pull Up,3,10.0,6.0,,,
2025-10-06 18:00:00,Imported workout,3600,Pull Up,Rest Timer,,,,90.0,
2025-10-06 18:00:00,Imported workout,3600,Pull Up,4,10.0,7.0,,,
2025-10-06 18:00:00,Imported workout,3600,Pull Up,Rest Timer,,,,90.0,
2025-10-06 18:00:00,Imported workout,3600,Pull Up,2,10.0,7.0,,,
2025-10-06 18:00:00,Imported workout,3600,Pull Up,Rest Timer,,,,90.0,
2025-10-06 18:00:00,Imported workout,3600,Pull Up,1,10.0,5.0,,,
2025-10-06 18:00:00,Imported workout,3600,Pull Up,Rest Timer,,,,90.0,
2025-10-10 18:00:00,Imported workout,3600,Bench Press (Barbell),1,20.0,8.0,,,
2025-10-10 18:00:00,Imported workout,3600,Bench Press (Barbell),Rest Timer,,,,90.0,
2025-10-10 18:00:00,Imported workout,3600,Bench Press (Barbell),2,40.0,8.0,,,
2025-10-10 18:00:00,Imported workout,3600,Bench Press (Barbell),Rest Timer,,,,90.0,
2025-10-10 18:00:00,Imported workout,3600,Bench Press (Barbell),3,60.0,8.0,,,
2025-10-10 18:00:00,Imported workout,3600,Bench Press (Barbell),Rest Timer,,,,90.0,
2025-10-10 18:00:00,Imported workout,3600,Bench Press (Barbell),4,80.0,8.0,,,
2025-10-10 18:00:00,Imported workout,3600,Bench Press (Barbell),Rest Timer,,,,90.0,
2025-10-10 18:00:00,Imported workout,3600,Bench Press (Barbell),5,85.0,8.0,,,
2025-10-10 18:00:00,Imported workout,3600,Bench Press (Barbell),Rest Timer,,,,90.0,
2025-10-10 18:00:00,Imported workout,3600,Bench Press (Barbell),6,85.0,8.0,,,
2025-10-10 18:00:00,Imported workout,3600,Bench Press (Barbell),Rest Timer,,,,90.0,
2025-10-10 18:00:00,Imported workout,3600,Bench Press (Barbell),7,80.0,8.0,,,
2025-10-10 18:00:00,Imported workout,3600,Bench Press (Barbell),Rest Timer,,,,90.0,
2025-10-10 18:00:00,Imported workout,3600,Seated Overhead Press (Dumbbell),2,20.0,8.0,,,
2025-10-10 18:00:00,Imported workout,3600,Seated Overhead Press (Dumbbell),Rest Timer,,,,90.0,
2025-10-10 18:00:00,Imported workout,3600,Seated Overhead Press (Dumbbell),1,20.0,8.0,,,
2025-10-10 18:00:00,Imported workout,3600,Seated Overhead Press (Dumbbell),Rest Timer,,,,90.0,
2025-10-10 18:00:00,Imported workout,3600,Seated Overhead Press (Dumbbell),3,20.0,8.0,,,
2025-10-10 18:00:00,Imported workout,3600,Seated Overhead Press (Dumbbell),Rest Timer,,,,90.0,
